_key,full_name,team,position,status,injury_status,age,years_exp,number,college,espn_id,gsis_id,sportradar_id
10210,Cameron Latu,PHI,TE,Active,,26,3,36,Alabama,,,3763a2ec-ee98-4cf4-9aa7-ee626057c56f
10212,Josh Whyle,GB,TE,Active,,26,3,81,Cincinnati,,,601467c7-b593-472d-a147-b8e7bfdbe990
10213,Tre Tucker,LV,WR,Active,,25,3,1,Cincinnati,,,9beb72c5-5a81-413c-ada3-ff4854c95cf4
10214,Davis Allen,LAR,TE,Active,Questionable,25,3,87,Clemson,,,02a77d8c-3b89-4a61-86a2-0c005c1e589a
10215,Jake Haener,NYG,QB,Active,,27,3,14,Fresno State,,,70376919-8220-4128-a089-72d5b10f2346
10218,Xavier Hutchinson,HOU,WR,Active,,26,3,19,Iowa State,,,aed98af2-b228-4b74-a804-2d210bd11122
10219,Chris Rodriguez,JAX,RB,Active,,26,3,24,Kentucky,,,ae5c4758-cb53-4f17-8763-b91381036af3
10220,Will Mallory,IND,TE,Active,,27,3,86,Miami (FL),,,5d4a5e4f-7c74-4b4c-b8e5-33bb831e3057
10221,Ronnie Bell,NO,WR,Active,,26,3,11,Michigan,,,ba06804a-b84c-408a-8ef6-5226d8424479
10222,Jayden Reed,GB,WR,Active,,26,3,11,Michigan State,,,23a306bc-5f77-4574-a575-bd599f243185
10223,Eric Gray,NYG,RB,Active,,26,3,20,Oklahoma,,,dcc536c1-36f2-4e34-8028-ccf32d930018
10224,Brayden Willis,SF,TE,Active,,26,3,9,Oklahoma,,,733cc366-53e3-4703-a2fc-2aa860272cf3
10225,Jonathan Mingo,DAL,WR,Active,,25,3,81,Ole Miss,,,6cf0c82d-87e4-4cfc-8475-77667ed92796
10226,Andrei Iosivas,CIN,WR,Active,,26,3,80,Princeton,,,30c0df5e-bb77-4eee-8390-8fc13844e1c3
10227,Payne Durham,TB,TE,Active,,26,3,87,Purdue,,,c4a8b4c9-5db8-4187-852b-9557bef8724e
10228,Charlie Jones,CIN,WR,Active,,27,3,15,Purdue,,,c634c231-61fb-4725-8533-2cce14bfebbf
10229,Rashee Rice,KC,WR,Active,,26,3,4,SMU,,,cbd73c09-da07-48b0-a0d6-f248dfa631b6
10231,Elijah Higgins,ARI,TE,Active,Questionable,25,3,84,Stanford,,,a01b7698-d67f-4b60-b2fb-4c667336b718
10232,Michael Wilson,ARI,WR,Active,,26,3,14,Stanford,,,b91be982-fccd-448e-869b-e9b5148a1730
10234,Derius Davis,LAC,WR,Active,,25,3,12,TCU,,,21bf2521-3382-4e62-8249-a083435595b3
10235,Roschon Johnson,CHI,RB,Active,,25,3,23,Texas,,,e3c414c0-be8c-4807-af9c-f91d89c83e60
10236,Dalton Kincaid,BUF,TE,Active,,26,3,86,Utah,,,b961fa15-0676-4948-b95f-56d06319d40e
1035,Nate Ebner,NYG,DB,Inactive,,33,10,43,Ohio State,15125,00-0029570,93927d6e-9271-4c1e-8239-cc20fd788ba9
1039,Tavon Wilson,SF,DB,Inactive,,32,10,32,Illinois,14977,00-0029410,cbe81592-1ee2-4bf1-870a-2578c4c8267e
10444,Cedric Tillman,CLE,WR,Active,Questionable,26,3,19,Tennessee,,,148330d9-5182-4b58-b695-8067aaba4731
1052,Demario Davis,NYJ,LB,Active,,37,14,56,Arkansas State,14958,00-0029607,e6221da0-1ce0-4f60-85b5-f2094e9d2863
10857,Stetson Bennett,LAR,QB,Active,,28,3,13,Georgia,,,a5cc5958-01f9-4b7d-a8d9-c44625d53ed5
10859,Sam LaPorta,DET,TE,Active,Questionable,25,3,87,Iowa,,,3059f1e5-1871-4458-9e90-9b9917874c61
10860,Malik Cunningham,DET,WR,Active,,27,3,15,Louisville,,,2bf2f410-e6f2-11ed-abca-c7a3a205e21d
10866,Aidan O'Connell,LV,QB,Active,,27,3,12,Purdue,,,5891a917-9071-4bc2-a652-7f702c44cbd2
10867,Jake Bobo,SEA,WR,Active,Questionable,28,3,19,UCLA,,,7d80dd50-e9f5-11ed-9c34-3f26f2e7ed88
10871,Luke Schoonmaker,DAL,TE,Active,,27,3,86,Michigan,,,143957a7-4649-4a19-b351-e606edc75ebd
10872,Felix Anudike-Uzomah,KC,DE,Active,,24,3,91,Kansas State,,,0f9883f3-bff3-4247-8e90-7df2066070c6
10873,Nolan Smith,PHI,LB,Active,,25,3,3,Georgia,,,e9194ad2-d400-4dfe-9f4f-8b984537df60
10874,Bryan Bresee,NO,DT,Inactive,IR,24,3,90,Clemson,,,98884f9f-5117-476a-a20a-809b38714e6d
10875,Myles Murphy,CIN,DL,Active,Questionable,24,3,99,Clemson,,,fb188308-cd65-4c61-b8c5-b9252b638b09
10876,Anton Harrison,JAX,OL,Active,,24,3,77,Oklahoma,,,9e6926a1-830d-4051-87a4-64c06a1e6d5d
10877,Mazi Smith,NYJ,DL,Active,,25,3,58,Michigan,,,8f71baa6-45f2-4b27-8d26-508290a50604
10878,Deonte Banks,NYG,DB,Active,,25,3,2,Maryland,,,e905a38b-bf94-4d46-b9e3-a7b534258a20
10879,Calijah Kancey,TB,DL,Active,,25,3,94,Pittsburgh,,,cabe57e5-4675-40cf-9090-58c63f823e70
10880,Jack Campbell,DET,LB,Active,,25,3,46,Iowa,,,1f7ce27f-61ef-47e5-bd48-eac4b1c0228f
10881,Christian Gonzalez,NE,DB,Active,Questionable,24,3,0,Oregon,,,e847f127-f5f4-41a0-87bb-b89e546e0df4
10882,Emmanuel Forbes,LAR,CB,Active,,25,3,1,Mississippi State,,,0c767043-de67-4d90-af09-95c45a8ceeaa
10883,Will McDonald,NYJ,DE,Active,,27,3,9,Iowa State,,,21792a74-7864-4234-bc47-891d5f9e7024
10884,Broderick Jones,PIT,OL,Active,,25,3,77,Georgia,,,d96e572c-239f-4d88-8efa-282e8ace9e78
10885,Lukas Van Ness,GB,DL,Active,,25,3,90,Iowa,,,1f8b4936-d0f8-4e9e-9f6f-5f4138180d7d
10886,Peter Skoronski,TEN,OL,Active,,25,3,77,Northwestern,,,02e6087b-daa6-45b4-ad5a-0bf4f3893011
10887,Darnell Wright,CHI,OL,Active,,25,3,58,Tennessee,,,fb7f2f5e-3f3c-4497-ad52-1d5838d681ef
10888,Jalen Carter,PHI,DL,Active,,25,3,98,Georgia,,,1c443cd8-b9ad-4676-9a8e-8cee52b07637
10889,Tyree Wilson,NO,LB,Active,,26,3,98,Texas Tech,,,73aefe0e-8b0e-46c2-a0fe-cc4eb269f969
10890,Paris Johnson,ARI,OL,Active,,25,3,70,Ohio State,,,b46d84ef-d811-47f5-a6e2-586bfbc8f548
10891,Devon Witherspoon,SEA,DB,Active,,25,3,21,Illinois,,,fa026462-0615-4077-81e1-90daf1c5b8f9
10892,Will Anderson,HOU,DL,Active,,24,3,51,Alabama,,,9e22bbe3-5323-42e0-a82e-03e3794ea67f
10893,Juice Scruggs,DET,OL,Active,,26,3,70,Penn State,,,382fa142-6856-40e8-944f-3445321919ce
10894,DJ Turner,CIN,DB,Active,,25,3,0,Michigan,,,7db46644-05bb-41b5-938a-e93a50e1d6c4
10895,O'Cyrus Torrence,BUF,OL,Active,,26,3,64,Florida,,,dac7972d-044d-41c6-9510-14707667e7b0
10896,John Michael Schmitz,NYG,OL,Active,Questionable,27,3,61,Minnesota,,,11f869d4-b98a-41ba-9da9-8df408ebe6b3
10897,Tyrique Stevenson,CHI,CB,Active,Questionable,26,3,29,Miami (FL),,,64d9cda4-1ff4-4b21-bdba-586877c70813
10898,Tuli Tuipulotu,LAC,DL,Active,,23,3,45,USC,,,8b3391ab-5126-4ed8-b181-59723f7f5a99
10899,Gervon Dexter,CHI,DL,Active,,24,3,99,Florida,,,fd3922bc-d7bf-4f2e-9255-d297a86b43d5
10901,Keeanu Benton,PIT,NT,Active,,25,3,95,Wisconsin,,,9fd22aa3-6cb6-4bae-af1b-cc0ba0511e08
10902,Cody Mauch,TB,T,Active,,27,3,69,North Dakota State,,,64dce7de-f582-48bb-9acf-a971212d4fec
10903,Quan Martin,WAS,DB,Active,,26,3,20,Illinois,,,e52e1ff1-7a48-4b89-84c1-35841460ab0d
10904,Keion White,SF,DL,Active,Questionable,27,3,56,Georgia Tech,,,a93bdfeb-068f-4933-89a2-8071adefd6f9
10905,Brian Branch,DET,DB,Active,PUP,24,3,32,Alabama,,,3e01cc5d-ca6c-4604-a6c1-249a1aa9df3a
10906,JuJu Brents,MIA,DB,Active,Questionable,26,3,8,Kansas State,,,194d2310-bc4e-4fc8-9a76-1fe506f35977
10907,Joe Tippmann,NYJ,OL,Active,,25,3,66,Wisconsin,,,c5b6d4e6-6fbe-4db1-968e-16e15e3db099
10908,BJ Ojulari,ARI,DE,Active,,24,3,9,LSU,,,f4d8da18-8be8-470c-947c-d9fd3d85612c
10909,Isaiah Foskey,CIN,DL,Active,,25,3,51,Notre Dame,,,c0a4eddb-90da-45d5-8695-cb15ea16e4b5
10910,Matthew Bergeron,ATL,OL,Active,,26,3,65,Syracuse,,,53e590cb-a4a9-4dc0-9608-3eefec4b1abb
10911,Derick Hall,SEA,DE,Active,,25,3,58,Auburn,,,57b847dd-7af4-4d16-b934-641ab9b5911b
10912,Steve Avila,LAR,C,Active,,26,3,73,TCU,,,df6549e4-cf19-475b-8098-4a12c50495a7
10913,Joey Porter,PIT,DB,Active,PUP,26,3,24,Penn State,,,fbc596af-8abd-466f-9c01-7a38d11eb7a4
10914,Daiyan Henley,LAC,LB,Active,,26,3,0,Washington State,,,93f17bc5-55d5-441a-a29d-d419ed4725e7
10916,Kobie Turner,LAR,DT,Active,Questionable,27,3,91,Wake Forest,,,86f8915e-a09a-4cdf-ad41-13d72d217269
10917,Byron Young,LAR,LB,Active,,28,3,0,Tennessee,,,cd7de1ce-ad93-4bb6-8b70-c79194a7373e
10918,Mekhi Blackmon,IND,CB,Active,,27,3,29,USC,,,4253e615-0bcd-4e9e-bf61-1f05a2bf2d4b
10919,Sydney Brown,ATL,DB,Active,,26,3,29,Illinois,,,c9da2c23-478b-48a8-8a98-408caf3f0d16
10920,Tyler Steen,PHI,OL,Active,,26,3,56,Alabama,,,f1a6c070-572e-4728-b5ab-7765bb31f9e2
10921,Yaya Diaby,TB,DL,Active,,27,3,0,Louisville,,,62a727ba-8ffd-40bd-bad7-f49bf6a2edf7
10922,Wanya Morris,ATL,OL,Active,,25,3,79,Oklahoma,,,b8192dc2-d5a9-4ff6-a0f3-eeb9fc6d9aa6
10923,Dorian Williams,BUF,LB,Active,,25,3,42,Tulane,,,2d51bf60-ea75-4142-a00a-8b152a91e59f
10924,Zacch Pickens,NYG,DL,Active,,26,3,90,South Carolina,,,87895e2c-f210-497d-956a-cb5aac9fd8b5
10925,Byron Young,PHI,DL,Active,Questionable,25,3,94,Alabama,,,d606b6ee-de91-44cb-aebf-87f81daa14d2
10926,Marte Mapu,HOU,DB,Active,,26,3,14,Sacramento State,,,5c55344a-6192-4def-9860-ffd5a571fe68
10927,Jordan Battle,CIN,DB,Active,,25,3,27,Alabama,,,a462797c-d8d9-404c-b663-3ced76d6fc93
10928,Brodric Martin-Rhodes,ARI,DT,Active,,27,3,98,Western Kentucky,,,c0c6761c-081c-426a-b186-26ff20791e70
10929,Drew Sanders,DEN,LB,Active,,24,3,41,Arkansas,,,779fd90f-ae23-4f6e-80f2-49052e7ca6aa
10930,Riley Moss,DEN,DB,Active,,26,3,21,Iowa,,,8f79eaa3-df62-4214-a497-1e13970e6b82
10932,Garrett Williams,ARI,DB,Active,,25,3,21,Syracuse,,,e2fdfaf7-d2c4-4482-9ac2-f8fe43c49130
10933,DeMarvion Overshown,DAL,LB,Active,,26,3,0,Texas,,,2df409f7-2d3a-4dc3-98aa-0b261594bb1f
10934,Zach Harrison,ATL,DE,Active,,25,3,96,Ohio State,,,9d1624c5-958f-42ec-965d-f6dbb85e0401
10935,Trenton Simpson,BAL,LB,Active,,25,3,32,Clemson,,,a2ceb68a-71c0-465c-8548-36967d302cc9
10936,Ji'Ayir Brown,SF,DB,Active,,26,3,27,Penn State,,,626586f3-5706-443e-a272-c6d9e6239784
10938,D.J. Johnson,WAS,LB,Active,,27,3,53,Oregon,,,11feb266-14e8-488c-9f7e-f221eaa92df8
10939,Jay Ward,MIN,DB,Active,,26,3,24,LSU,,,7d06db84-b31e-4b68-a6cc-93fb87763a7f
10940,Nick Herbig,PIT,LB,Active,,24,3,51,Wisconsin,,,59b7b521-a0be-4ee5-8809-362601c2c80e
10941,Tyler Lacy,DET,DE,Active,,26,3,93,Oklahoma State,,,e21d11de-78f9-47a9-b69a-ae18207ab2c7
10943,Isaiah McGuire,CLE,DL,Active,,25,3,57,Missouri,,,977590e8-97a0-4b2e-9f6c-c8d047d12f19
10944,Tavius Robinson,BAL,DE,Active,,27,3,95,Ole Miss,,,2d4593e4-b908-4b29-a88a-835d2566781f
10946,Jon Gaines,ARI,OL,Active,,27,3,71,UCLA,,,bfbfd168-8972-4811-b955-4710d7e5ab11
10947,Ventrell Miller,JAX,LB,Active,,27,3,51,Florida,,,adcc651b-c635-4d09-a411-63452f8192fa
10948,Carter Warren,MIA,OL,Inactive,IR,27,3,77,Pittsburgh,,,4739afd8-0aa4-4b23-a417-41d15e8094be
10949,Chamarri Conner,KC,DB,Active,,26,3,27,Virginia Tech,,,cc4627f1-1af2-4a3d-aa78-c5f905a8a43d
10950,Braeden Daniels,LV,OL,Active,,25,3,79,Utah,,,6897f01b-8a06-41ff-9385-12f25f62160f
10952,Colby Wooden,IND,DE,Active,,25,3,96,Auburn,,,1a7b6176-ef99-4566-a38c-14abe051b899
10953,Chandler Zavala,CAR,G,Active,,27,3,62,North Carolina State,,,97434979-830a-4a55-9032-17b00c0b7f2c
10954,Clark Phillips,ATL,CB,Active,,24,3,22,Utah,,,7553d094-7584-41bd-96f4-6b122a60c13b
10955,Chad Ryland,ARI,K,Active,,26,3,38,Maryland,,,c77efa70-0691-4a21-8064-a5880569b559
10956,Dawand Jones,CLE,OL,Active,,25,3,79,Ohio State,,,f03da4ea-20c4-4afd-9477-038983b9b592
10957,Adetomiwa Adebawore,IND,DL,Active,,25,3,95,Northwestern,,,6ca4cb4d-c6ea-4a5e-875e-c32922c2fbe5
10958,Dylan Horton,HOU,DL,Active,,26,3,92,TCU,,,98002b7f-d453-4585-893c-ea52296bbc56
10959,Anthony Bradford,SEA,OL,Active,,25,3,75,LSU,,,a05d2d71-0620-4474-8e76-5fa93e9a090a
10960,Jake Andrews,HOU,OL,Active,,26,3,60,Troy,,,570f7b2d-1cdc-4307-a334-3cac2c288c33
10961,Blake Freeland,IND,OL,Active,,25,3,73,BYU,,,23b83203-9ee4-4811-93d5-403958288a96
10962,Kelee Ringo,PHI,DB,Active,,24,3,7,Georgia,,,04d384d9-06da-4436-a637-14637705d7b3
10963,Jakorian Bennett,PHI,DB,Active,Questionable,25,3,23,Maryland,,,8197c5b4-ade0-47e4-81b3-f16aa47eab12
10964,Nick Saldiveri,NO,OL,Active,PUP,26,3,64,Old Dominion,,,ac3defdb-453a-42db-b3cc-aa5441f3e690
10965,Warren McClendon,LAR,OL,Active,,25,3,71,Georgia,,,f204a8e1-2127-4637-aacc-fae233a2fa01
10966,Robert Beal,MIA,LB,Active,,27,3,51,Georgia,,,5d64ba96-04f6-41ee-8620-ed251f16485c
10968,Asim Richards,NO,OL,Active,,25,3,72,North Carolina,,,eefb94f0-fa64-4b02-93dd-ba7a992760a3
10969,Owen Pappoe,ARI,LB,Active,,25,3,44,Auburn,,,e6926317-2584-496a-9f32-e422040a8a20
10970,Henry To'oTo'o,HOU,LB,Active,,25,3,39,Alabama,,,b3523130-926a-4d1c-bfde-775975583398
10972,Terell Smith,CHI,DB,Active,Questionable,27,3,32,Minnesota,,,3c6085b1-7c02-498e-b587-1ff13c0ac27b
10974,Antonio Johnson,JAX,DB,Active,,24,3,6,Texas A&M,,,078c2a41-ec84-4425-b64e-8d92cee16305
10975,Daniel Scott,IND,DB,Active,,27,3,32,California,,,facf38e6-6cb0-4ce4-b1b8-992f388023ad
10977,Jordan McFadden,CHI,OL,Active,,26,3,74,Clemson,,,b9a05879-8264-4958-9e5d-3d6f2b899b77
10978,Darrell Luter,SF,CB,Active,,26,3,28,South Alabama,,,8b45bbcf-b700-4db4-8382-163ddf2db169
10979,Olu Oluwatimi,SEA,C,Active,,27,3,55,Michigan,,,db576f31-0dbd-46c9-b978-d0d96b273048
1098,Brandon Brooks,PHI,G,Inactive,,32,10,79,Miami (OH),14962,00-0029679,9fe21c07-823a-47a1-a4dd-0c611c0280c5
10980,SirVocea Dennis,TB,LB,Active,,26,3,8,Pittsburgh,,,c5a8f0e1-b5ff-4018-b4da-3676ac12207e
10981,Colby Sorsdal,DET,OL,Active,,26,3,75,William & Mary,,,37c4c213-f714-4624-a9f7-17f7d1b80343
10982,Mike Morris,SEA,DE,Active,,25,3,94,Michigan,,,2697a8a5-c22d-4290-a266-5b153bf384e3
10983,Sean Clifford,CIN,QB,Active,,28,3,4,Penn State,,,332b31ed-37a0-4172-acde-f7377c5bdff1
10984,Noah Sewell,CHI,LB,Active,PUP,24,3,44,Oregon,,,3008a8a1-5943-47ff-81ef-1b3367bbbecd
10985,Jordan Howden,NO,DB,Active,,26,3,31,Minnesota,,,e33aa81a-83e9-411b-8265-f31da58a33b9
10986,Jammie Robinson,ATL,DB,Active,,25,3,34,Florida State,,,406b6c6f-0172-482e-9ade-f38f5abb95f0
10987,Atonio Mafi,LV,OL,Active,,25,3,56,UCLA,,,44b4ea1b-753e-431a-8afa-37445dbc412f
10990,Darius Rush,WAS,DB,Active,,26,3,29,South Carolina,,,254842eb-c5ad-4e57-8679-3df5a674a14e
10992,Yasir Abdullah,JAX,LB,Active,,26,3,56,Louisville,,,6eef8572-d9b4-4518-a759-19569e381e06
10994,Scott Matlock,LAC,DT,Active,,26,3,44,Boise State,,,9cedc261-40ff-4fe3-80e1-e128dcceede0
10997,Jerrick Reed,TEN,DB,Active,,26,3,28,New Mexico,,,d492db9f-35b8-45e9-9e32-acd5dd7d1f42
10998,Jose Ramirez,PHI,DL,Active,,27,3,43,Eastern Michigan,,,7b582d77-4357-48db-973c-3b92e57272cb
10999,Josh Hayes,TB,CB,Active,,27,3,32,Kansas State,,,95242131-623b-41d0-8898-9d6f71da56f7
11000,Zaire Barnes,NYG,LB,Active,,26,3,46,Western Michigan,,,ba2d2783-654f-4621-9160-06ebb4bafd77
11001,Jarrick Bernard-Converse,NYG,CB,Inactive,IR,26,3,35,LSU,,,c506285e-abfb-4503-b981-20aaa0bf49a0
11003,Amari Burney,JAX,LB,Active,,26,3,49,Florida,,,c310e54b-06b0-4940-b75b-d06a7dfe351e
11004,Titus Leo,SF,LB,Inactive,IR,26,3,61,Wagner,,,8acaa329-206b-4d5a-9a4f-c4b1ecef54a7
11005,Jarrett Patterson,HOU,OL,Active,,26,3,54,Notre Dame,,,88248197-6d57-4255-b1e0-5de23c62f942
11006,Ameer Speed,DAL,CB,Active,,26,3,39,Michigan State,,,00c33918-f3b1-4993-ba67-ec0db11ea349
11007,Bryce Baringer,NE,P,Active,,27,3,17,Michigan State,,,2b18e3fd-9765-4644-9fc8-2f316ceda6d5
11009,Karl Brooks,GB,DT,Active,,26,3,94,Bowling Green,,,c76a4bef-3d1f-4326-82bd-81065b5cfb10
11011,JL Skinner,DEN,DB,Active,,25,3,34,Boise State,,,ad57b64a-befa-40fd-ae40-9c438ced7ea2
11013,Luke Wypler,CLE,OL,Active,,25,3,56,Ohio State,,,7cac36f0-0048-422e-930a-a9800037181a
11014,Kei'Trel Clark,ARI,DB,Active,,25,3,13,Louisville,,,a7140ce9-4841-4f7f-9bda-5dcd75899eec
11015,Dante Stills,ARI,DT,Active,,26,3,55,West Virginia,,,f9a8db9d-9a13-485c-abf0-b5a48e1ff808
11017,Dee Winters,DAL,LB,Active,,25,3,53,TCU,,,a362249b-336e-48d3-a6ee-02de7274b4e6
11018,Christian Braswell,JAX,DB,Active,,26,3,21,Rutgers,,,17093231-3e82-42fb-bec7-75160d097538
11019,Erick Hallett,TEN,DB,Active,,26,3,41,Pittsburgh,,,308b4b49-5159-48c1-8da6-5d559a3efedd
11021,Desjuan Johnson,LAR,DT,Active,,26,3,94,Toledo,,,a344e6d1-86a1-4ec6-b734-7a0a0f706206
11022,Kendall Williamson,LAC,DB,Active,,25,3,40,Stanford,,,1fc883fc-46f4-403d-aff6-7d6018d7a718
11023,Alex Forsyth,DEN,OL,Active,,27,3,54,Oregon,,,7df846c7-fef7-4ad8-83af-f9047d8e57e6
11025,Jalen Graham,SF,DB,Active,,25,3,41,Purdue,,,88f0ff15-15d5-42e7-be1c-f6c254d945e6
11027,Alex Austin,MIA,DB,Active,,25,3,26,Oregon State,,,ff3d59bd-8cdc-44e1-812e-b576d5d57838
11028,Spencer Anderson,PIT,OL,Active,,26,3,74,Maryland,,,b358687b-d7f8-4c9b-bdd7-fe5d3b431fc1
11029,Nic Jones,NYG,CB,Active,,24,3,31,Ball State,,,fd133ca5-a014-4f5d-9e2f-14882da45cc2
1103,Whitney Mercilus,GB,LB,Active,,31,10,50,Illinois,14936,00-0029643,eafbc0f8-2e3b-4014-af9d-81fc14b5009a
11030,Moro Ojomo,PHI,DE,Active,,25,3,97,Texas,,,01f15239-cd2c-4bd7-be5d-5ba7eed41331
11032,DJ Ivey,CIN,CB,Active,,26,3,38,Miami (FL),,,7013d432-1327-40af-81a9-28711c648d79
11033,Isaiah Bolden,PHI,CB,Active,,26,3,98,Jackson State,,,738aba89-ba47-4b83-a63d-18ea677dfc12
11034,Jalen Brooks,ARI,WR,Active,,26,3,86,South Carolina,,,66f7bbe1-eb89-4b48-83db-d947b04ff1fd
11035,Jordon Riley,GB,DL,Active,PUP,28,3,97,Oregon,,,a1c5aca4-a0ba-4438-9101-7f85d3af488a
11036,Anthony Johnson,CHI,DB,Active,,26,3,26,Iowa State,,,f7bc36e8-7fb8-4d91-8216-f6a3a669f069
11039,Ryan Hayes,CAR,OL,Active,,26,3,66,Michigan,,,b58ceca0-224f-4d08-9063-6528825b2405
11041,Andre Jones,BUF,DE,Active,,27,3,59,Louisiana,,,0c816f95-6a50-4c77-b768-dc277f51a88f
11042,Carrington Valentine,GB,DB,Active,Questionable,24,3,24,Kentucky,,,b341ea01-741c-4ea8-8d4f-75ae79359d18
11044,Nick Broeker,BUF,OL,Active,,25,3,65,Ole Miss,,,4fb63a10-ff6e-42f4-8939-900a85a25cc2
11045,Andrew Vorhees,BAL,OL,Active,,27,3,72,USC,,,a4838bae-fd5e-4587-9120-c5d9c94b6158
11049,Jovaughn Gwyn,BAL,OL,Active,,27,3,54,South Carolina,,,99eaa657-8e43-4833-b200-faa0392bce03
11050,DeMarcco Hellams,ATL,DB,Active,,26,3,23,Alabama,,,b9fbbcf2-35cb-4de4-9622-16630b51c792
11051,Ethan Evans,LAR,P,Active,,25,3,42,Wingate,,,9658e019-e021-42a0-8285-b5aea6e48090
11052,Jaylon Jones,IND,DB,Active,,24,3,40,Texas A&M,,,6f9135a9-2761-4b13-8651-56b536f0f22f
11054,Travis Bell,CLE,DL,Active,,27,3,66,Kennesaw State,,,f7d67c1a-4edf-4604-aae8-584dde994a5f
11056,Jared Wayne,HOU,WR,Active,,25,3,89,Pittsburgh,,,28c09980-e6ea-11ed-8605-b736dbb934f2
11058,Blake Grupe,IND,K,Active,,27,3,10,Notre Dame,,,2a1d4ce0-e6f6-11ed-abca-c7a3a205e21d
11062,Ali Gaye,HOU,DE,Active,,27,3,95,LSU,,,8f09cdb0-e6ef-11ed-abca-c7a3a205e21d
11065,Adrian Martinez,SF,QB,Active,,26,3,4,Kansas State,,,e95a83c0-e6f6-11ed-88d6-7977d3a68019
11066,Austin Ajiake,IND,LB,Active,,26,3,58,UNLV,,,7910ad00-e6f7-11ed-88d6-7977d3a68019
11068,Mitch Tinsley,CIN,WR,Active,,26,3,82,Penn State,,,0ac39560-e760-11ed-ad1e-4d786886cff5
11082,Ben Sims,MIA,TE,Active,Questionable,26,3,89,Baylor,,,cef32a80-e761-11ed-ac46-e3b4ebd723e5
11084,Andre Carter,LAC,LB,Active,,26,3,51,Army,,,de6d5cb0-e75c-11ed-9334-efa9cc2292da
11086,Ivan Pace,MIN,LB,Active,,25,3,0,Cincinnati,,,f5ec3c90-e760-11ed-9f3f-47cc372ca3c1
11092,B.T. Potter,TB,K,Active,,26,3,3,Clemson,,,c33583c0-e769-11ed-b436-2b00838bc72f
11097,John Ojukwu,PHI,OT,Active,Questionable,27,3,67,Boise State,,,7012a790-e764-11ed-8199-d58dac5a4f8e
11098,Caleb Murphy,NYG,DE,Active,,26,3,33,Ferris State,,,7debd720-e763-11ed-8199-d58dac5a4f8e
11108,Anfernee Orji,NYG,LB,Active,,25,3,59,Vanderbilt,,,56688bd0-e777-11ed-ba5f-bf6902a39571
11113,Joel Wilson,TEN,TE,Active,,26,3,83,Central Michigan,,,ddf76000-e775-11ed-94a4-29de8209e516
11121,AJ Finley,SEA,DB,Active,,24,3,30,Ole Miss,,,08ca7920-e78f-11ed-81d0-c919bd0add9b
11122,Andrew Farmer,SF,LB,Inactive,IR,26,3,50,Lane,,,326b52a0-e78e-11ed-bccd-1717a8013adf
1113,Bryan Anger,DAL,P,Active,,37,14,5,California,14950,00-0029692,6ee71282-c2b8-416a-8de1-29c0185d9b7b
11139,Elijah Cooks,CAR,WR,Active,,27,3,80,San Jose State,,,c2cce6c0-e841-11ed-9d79-63f6ad42423a
11145,Tanner Brown,NO,K,Active,,26,3,46,Oklahoma State,,,c0323320-e84b-11ed-91d9-49980de29a21
11151,Tanner Ingle,LAR,DB,Active,,26,3,34,North Carolina State,,,99d4bd70-e84f-11ed-bf28-3f40de530c54
11157,Brycen Tremayne,CAR,WR,Active,,26,3,87,Stanford,,,2a3cbc30-e8ed-11ed-bd02-25f41a9e059e
11160,Nick Whiteside,DET,CB,Active,,26,3,38,Saginaw Valley State,,,746c9640-e8ed-11ed-af6f-21e65a511f8c
11167,Alex Ward,LV,LS,Active,,27,3,47,UCF,,,75a604d0-e8e6-11ed-bfd2-35c6313bc80e
11168,Xavier Smith,LAR,WR,Active,,28,3,19,Florida A&M,,,98b88de0-e8e5-11ed-ad77-290d92d9e505
11173,D'Shawn Jamison,PIT,CB,Active,,27,3,38,Texas,,,0cebc0e0-e8f2-11ed-9f33-c9e34717cc92
11185,Kendell Brooks,TEN,DB,Active,,26,3,30,Michigan State,,,fcdc7670-e8fd-11ed-8f16-bf9f502d2331
11186,Carlos Washington,MIA,RB,Active,,27,3,37,Southeastern Louisiana,,,43670880-e8f9-11ed-a4c3-31452e24a6c7
11193,Brenton Cox,GB,LB,Active,,26,3,57,Florida,,,207784e0-e907-11ed-b8d0-4360e868e2f2
11194,Keshawn Banks,ATL,LB,Active,,26,3,59,San Diego State,,,c7dd5440-e906-11ed-a42e-29305ff7e69f
11199,Emari Demercado,KC,RB,Active,,27,3,25,TCU,,,44b4cbf0-e8fe-11ed-bc6e-a5c4d3ccbdd1
11201,Blake Whiteheart,CLE,TE,Active,,26,3,86,Wake Forest,,,9a8395a0-e900-11ed-9cad-a989770811a8
11210,Malik Heath,ATL,WR,Active,,25,3,86,Ole Miss,,,c0fccfb0-e907-11ed-8194-c7505aa5766b
11230,Patrick O'Connell,SEA,LB,Active,,27,3,52,Montana,,,0097ded0-ea11-11ed-8d34-41182339b277
11232,Isaiah Winstead,PIT,WR,Active,,27,3,27,East Carolina,,,23cd4b70-ea0b-11ed-9937-afc55efa97bf
11233,Ty Okada,SEA,DB,Active,,27,3,39,Montana State,,,2be7e030-ea16-11ed-8d34-41182339b277
11236,Devonnsha Maxwell,ATL,DL,Active,,27,3,73,Chattanooga,,,8e098ef0-ea14-11ed-8483-d5fc9d55db67
11237,Jacob Saylors,DET,RB,Active,Questionable,25,3,25,East Tennessee State,,,99a7f770-ea18-11ed-a93b-a93886fe0bfd
1124,Malik Jackson,CLE,DT,Active,,32,10,97,Tennessee,15047,00-0029568,252da24d-9eb7-4871-ae76-199918f412d8
11240,C.J. Okoye,BAL,DL,Active,,24,3,97,,,,87508260-ea7f-11ed-886a-4be2fbe7ee42
11242,Chukwuebuka Godrick,KC,OL,Active,Questionable,25,3,72,,,,a025e3d0-ea7e-11ed-b322-bbe6361075be
11248,Chris Stoll,SEA,LS,Active,,28,3,41,Penn State,,,0df49e40-eac7-11ed-b2f6-07469fcf7f52
11251,Shaka Heyward,CIN,LB,Active,,26,3,50,Duke,,,770482a0-eac3-11ed-b0fb-af4f3941e6b7
11256,Tyson Bagent,CHI,QB,Active,Questionable,26,3,17,Shepherd (WV),,,9bdeb910-ead2-11ed-999e-03b49558b5db
11257,Shedrick Jackson,LV,WR,Active,,26,3,4,Auburn,,,4ee53be0-eacb-11ed-bff4-2305d99deffc
11260,Robert Burns,CHI,FB,Active,,,1,45,Connecticut,,,0f9961b0-ead4-11ed-999e-03b49558b5db
11261,Andre Szmyt,CLE,K,Active,,27,4,25,Syracuse,,,25f0b180-ead8-11ed-86b8-630d0ad2d5af
11263,Lorenz Metz,NE,OL,Active,,29,2,72,Cincinnati,,,39eee860-ead7-11ed-86b8-630d0ad2d5af
1127,Danny Trevathan,CHI,LB,Active,,31,10,6,Kentucky,15074,00-0029577,0a605e2f-4c81-453d-941b-4e9f143210f8
11271,Jeremiah Martin,CHI,DL,Active,,27,3,69,Washington,,,2d940780-eaf0-11ed-9987-f5ca5f2343d6
11273,Ben VanSumeren,BUF,LB,Active,,26,3,45,Michigan State,,,1377e940-eb75-11ed-aecd-85bc826ed43e
11280,Brady Russell,SEA,TE,Active,,27,3,38,Colorado,,,c3c08060-eb74-11ed-aecd-85bc826ed43e
11281,Liam Anderson,CIN,LB,Active,,26,3,45,Holy Cross,,,7921bb10-eb78-11ed-bdbc-7f2763e63be6
11290,Alex Cook,LAR,DB,Active,,27,3,39,Washington,,,20067190-eb8e-11ed-baaf-c79583f716f6
11292,Tommy DeVito,NE,QB,Active,,28,3,16,Illinois,,,a1ae8db0-eb91-11ed-a4cb-cd397e2b413c
11299,Zavier Scott,MIN,RB,Active,,27,3,36,Maine,,,3b133980-eb9a-11ed-8b52-a11a185238e2
11304,E.J. Jenkins,PHI,TE,Active,,27,3,84,Georgia Tech,,,626a1dd0-ebab-11ed-bb4c-e536974648f2
11305,Claudin Cherelus,CAR,LB,Active,,27,3,53,Alcorn State,,,74650010-eba9-11ed-aa2f-9b9591ffdf9b
11306,Xavier Gipson,NYG,WR,Active,,25,3,88,Stephen F. Austin,,,840a7940-ebaa-11ed-a11b-41cbcb1c4445
11309,Trey Dean,GB,DB,Active,,26,3,35,Florida,,,db902210-eba9-11ed-91b3-7dd28cd7975d
11311,Jason Brownlee,KC,WR,Active,,27,3,89,Southern Miss,,,f286b160-eba8-11ed-87ba-cb97497fad29
11315,Cam Jones,KC,LB,Active,,26,3,45,Indiana,,,14b8cda0-ec39-11ed-aeaf-cb0dc6206dc5
11319,Truman Jones,TEN,DE,Active,,26,3,56,Harvard,,,484759c0-ec39-11ed-aeaf-cb0dc6206dc5
11320,Nikko Remigio,KC,WR,Active,,26,3,81,Fresno State,,,52b850b0-ec3b-11ed-aeaf-cb0dc6206dc5
11322,Jerome Carvin,JAX,OL,Active,,25,3,79,Tennessee,,,80af61c0-ec36-11ed-9668-9bcb566804ff
11325,Reese Taylor,DEN,CB,Active,,26,3,35,Purdue,,,ddcbf3f0-ec3b-11ed-aeaf-cb0dc6206dc5
11328,Jalen Redmond,MIN,DE,Active,,27,4,61,Oklahoma,,,15a85030-ec59-11ed-ae91-5be3a63bf6e6
11330,Rejzohn Wright,NO,CB,Active,,25,3,25,Oregon State,,,472de160-ec63-11ed-937c-7f05929e4b02
11336,Eku Leota,ARI,LB,Active,,27,3,54,Auburn,,,d771b360-ec5d-11ed-b990-f9ecab1eae94
11338,Cory Durden,NE,DT,Active,,27,3,94,North Carolina State,,,3609bdd0-ec6a-11ed-816e-1112fde7d7a0
11342,Ricky Lee,JAX,OL,Active,,26,3,66,North Carolina A&T,,,9ebb0770-ec66-11ed-bb27-31248312f668
11343,Starling Thomas,ARI,CB,Active,,26,3,24,UAB,,,4d5e5960-ec6e-11ed-9096-c9ee1a56ed36
11345,Chris Smith,DET,DL,Active,,26,3,90,Notre Dame,,,8ba82150-ec6f-11ed-9d9c-457422097a88
11348,Trevor Nowaske,DET,LB,Active,,27,3,53,Saginaw Valley State,,,bb52aa90-ec71-11ed-a9ce-551f11053e13
11350,Mohamoud Diabate,TEN,LB,Active,,25,3,44,Utah,,,664d2020-ec76-11ed-b1d3-55b3fe623f86
11352,Ronnie Hickman,CLE,DB,Active,,24,3,33,Ohio State,,,3e601120-ec77-11ed-b8b6-ffd66a389c6b
11353,Tanner McCalister,KC,DB,Active,,26,3,34,Ohio State,,,b5fdb5c0-ec77-11ed-8372-71b34770f6bc
11370,Chris Brooks,GB,RB,Active,,26,3,30,BYU,,,35a0d440-f017-11ed-bedb-53f19b227cc3
11371,Julian Hill,NE,TE,Inactive,IR,26,3,80,Campbell,,,516da3c0-f016-11ed-a518-572ef5cb73b6
11377,Tyrell Shavers,BUF,WR,Active,PUP,27,3,14,San Diego State,,,07eb12f0-f011-11ed-ac82-d7e41925e5ba
11381,Travis Vokolek,ARI,TE,Active,,27,3,81,Nebraska,,,1d1eb430-f01e-11ed-97df-a94b89ac5704
11384,Owen Wright,HOU,RB,Active,,27,3,49,Monmouth,,,53cbf000-f01f-11ed-97df-a94b89ac5704
11391,Ethan Bonner,MIA,CB,Active,,26,3,27,Stanford,,,710867f0-f0d5-11ed-ba38-4fd3e2dc256a
11395,Keidron Smith,ATL,DB,Active,,26,3,39,Kentucky,,,01831580-f0dd-11ed-b8be-811e1be6b8e1
11396,Brandon Pili,SEA,DT,Active,Questionable,27,3,95,USC,,,11232260-f0dc-11ed-8ba5-bf9b1d9bee25
11399,Garrett Nelson,NO,LB,Active,,26,3,42,Nebraska,,,817a0df0-f0da-11ed-972d-fdf54f71b173
11406,Corey Mayfield,TEN,CB,Active,,26,3,39,UTSA,,,c8f2e180-f0de-11ed-88fa-65ba6d50af2c
11412,Jacob Sykes,PHI,DE,Active,,26,2,93,UCLA,,,98c84540-f0fc-11ed-bc0a-3b3e002b29df
11420,Luke Haggard,TB,OT,Active,,26,3,72,Indiana,,,d02da710-f1b9-11ed-9bf1-7fd77a26dc1f
11421,Ryan Miller,NYG,WR,Active,,26,3,5,Furman,,,edb7de00-f1b8-11ed-9bf1-7fd77a26dc1f
11426,Evan Deckers,TB,LS,Active,,27,3,86,Duke,,,2236d1b0-f1c6-11ed-903f-d10940de56e7
11427,Christian Izien,DET,DB,Active,,26,3,27,Rutgers,,,6ccf5140-f1c9-11ed-a984-a58c04943ad8
11429,Kaevon Merriweather,HOU,DB,Active,,26,3,21,Iowa,,,c6258640-f1c6-11ed-903f-d10940de56e7
11433,Nate Adkins,DEN,TE,Active,,27,3,45,South Carolina,,,bcd0ae60-f31c-11ed-819c-fd03d0cc2698
11435,Emanuel Wilson,SEA,RB,Active,Questionable,27,3,27,Fort Valley State,,,05266280-f323-11ed-bd27-0bcbcaae8d67
11439,Jaleel McLaughlin,DEN,RB,Active,,25,3,38,Youngstown State,,,60b4ded0-f321-11ed-ab27-e38fa04fd6c0
11440,Art Green,NYG,CB,Active,,26,3,23,Houston,,,6dcf20a0-f31f-11ed-93d5-0b07c9520235
11441,Thomas Incoom,CAR,LB,Active,,27,3,48,Central Michigan,,,74aef700-f320-11ed-966f-93e2182ac175
11443,Alex Palczewski,DEN,T,Active,,27,3,63,Illinois,,,9e48c440-f322-11ed-9708-f584d834f6a3
11444,Demontrey Jacobs,ARI,T,Active,,27,3,67,South Florida,,,afbd3870-f320-11ed-9f27-81ce873f309f
11446,Henry Byrd,MIN,G,Active,,27,3,68,Princeton,,,db00d760-f31d-11ed-b498-7327606405e9
11448,Ekow Boye-Doe,DET,CB,Active,,26,3,35,Kansas State,,,5f091f10-f32b-11ed-9d12-bd505e814068
11454,Otis Reese,BUF,LB,Active,,28,3,50,Ole Miss,,,2bc33c10-f328-11ed-a97e-839e2e845bee
11455,Anthony Kendall,BUF,CB,Active,,26,3,30,Baldwin Wallace,,,a02978e0-f327-11ed-8969-c3ee6357abaf
11468,Kilian Zierer,JAX,T,Active,,28,3,78,Auburn,,,b2f6a5a0-f32d-11ed-af69-7df16e87cbc5
11469,Barry Wesley,NO,OL,Active,,27,4,69,Colorado State,,,e5dfd490-f32e-11ed-9d28-5176fafd5331
11470,Drake Thomas,SEA,LB,Active,,26,3,32,North Carolina State,,,55023e20-f335-11ed-a768-e94cb2c005ac
11471,Dalton Wagner,LV,T,Active,,27,3,78,Arkansas,,,9b2e9be0-f336-11ed-9945-91909a26d014
11474,Dylan Drummond,ATL,WR,Active,,26,3,81,Eastern Michigan,,,e34c6990-f35c-11ed-ac5f-715e78829103
11481,Natrone Brooks,ATL,CB,Active,,26,3,35,Southern Miss,,,5068d7b0-f368-11ed-b622-936c98a846ff
11489,Kahlef Hailassie,MIN,CB,Active,,25,3,25,Western Kentucky,,,d470e520-f421-11ed-990e-333ce5b07033
11506,Jalen Moreno-Cropper,NO,WR,Active,,25,3,85,Fresno State,,,d67c1e40-f66d-11ed-823b-d335e7ef7897
11508,Princeton Fant,DAL,TE,Inactive,IR,27,3,85,Tennessee,,,4b51e190-f674-11ed-88a9-a32a17c14014
11510,Hunter Luepke,DAL,FB,Active,,26,3,40,North Dakota State,,,58f425d0-f677-11ed-978f-0975e9cb7dba
11512,Tyrus Wheat,DAL,DE,Active,,26,3,90,Mississippi State,,,700b71a0-f678-11ed-a5ca-c79bcc7fcf23
11514,Isaiah Land,DAL,LB,Active,,26,3,58,Florida A&M,,,8e662280-f678-11ed-a5ca-c79bcc7fcf23
11516,T.J. Bass,DAL,OL,Active,,27,3,66,Oregon,,,dfc90360-f676-11ed-978f-0975e9cb7dba
11520,Lucky Jackson,DET,WR,Active,,29,3,11,Western Kentucky,,,ac54c7b0-f984-11ed-84ee-53af5769e939
11533,Brandon Aubrey,DAL,K,Active,,31,3,17,Notre Dame,,,110e6fe0-1c34-11ee-8294-af17faac15de
11535,Josh Butler,DAL,CB,Active,,29,3,31,Michigan State,,,804bd6a0-2c00-11ee-b1fc-571fc9ac66e0
11539,Jake Bates,DET,K,Active,,27,3,39,Arkansas,,,3a724be0-3075-11ee-bdab-4565792ee2a3
11552,Durell Nchami,IND,LB,Active,,26,3,74,Maryland,,,07175d70-948f-11ee-ba04-69d58b6911bd
11553,Chad Cota,HOU,S,Active,,52,1,37,Oregon,,,852afc02-08b7-425d-9799-92a1b3cc66e5
11557,Joe Milton,DAL,QB,Active,,26,2,10,Tennessee,,,74043480-24ef-4c26-99d4-18f43d5b41d3
11558,Sam Hartman,WAS,QB,Active,,27,2,15,Notre Dame,,,7e65f950-06ee-11ef-82bc-b549600b8321
11559,Michael Penix,ATL,QB,Active,Questionable,26,2,9,Washington,,,6499a161-b221-4591-b122-d99ece1be64b
11560,Caleb Williams,CHI,QB,Active,,24,2,18,USC,,,49d4b627-3f19-49a8-ae33-f539e0fb1f88
11562,Spencer Rattler,NO,QB,Active,,25,2,2,South Carolina,,,e0eecf78-86b2-4ee8-8ac9-d7713a138765
11563,Bo Nix,DEN,QB,Active,,26,2,10,Oregon,,,f056c8ed-6ee5-492c-af11-3f7e3d97195c
11564,Drake Maye,NE,QB,Active,,23,2,10,North Carolina,,,d0c0630e-8925-4b81-a32b-e4146d95f01f
11565,J.J. McCarthy,MIN,QB,Active,,23,2,9,Michigan,,,587cc3c3-aeda-4ac7-8803-a7e4db195534
11566,Jayden Daniels,WAS,QB,Active,,25,2,5,LSU,,,bab8c65a-9fff-410d-8e34-dc2f636d890e
11569,Jarquez Hunter,LAR,RB,Active,,23,1,27,Auburn,,,e71d4c32-3233-467f-ab01-71de34e5d9b4
11570,Rasheen Ali,BAL,RB,Active,Questionable,25,2,26,Marshall,,,9aeb79b0-e55b-4341-8c6b-233971b667a7
11571,Isaiah Davis,NYJ,RB,Active,Questionable,24,2,32,South Dakota State,,,849789be-b8f0-4d97-a777-2fcf336efa6a
11573,Frank Gore,BUF,RB,Active,,24,2,20,Southern Miss,,,cd4c8e90-06f7-11ef-a3ab-0317e25dec4e
11574,Dylan Laube,LV,RB,Active,,26,2,23,New Hampshire,,,de5b56bd-33f0-48bc-b1e3-9523bd6bba64
11575,Ray Davis,BUF,RB,Active,,26,2,7,Kentucky,,,a856dd59-ed95-471a-bfb9-fbd0566bd1a9
11576,Braelon Allen,NYJ,RB,Active,,22,2,0,Wisconsin,,,d7f72deb-c1e2-47a2-b651-887f0e33dc44
11577,Will Shipley,PHI,RB,Active,,23,2,28,Clemson,,,796e223d-e8d5-42ab-afb4-557fa6183357
11579,Audric Estime,NO,RB,Active,Questionable,22,2,30,Notre Dame,,,3b86dd7c-0b21-448d-a662-5675e87fd0da
11581,MarShawn Lloyd,GB,RB,Active,,25,2,32,USC,,,7b8967bc-a3a5-4aa4-bd1f-2846663ca831
11582,Carson Steele,PHI,RB,Active,,23,2,34,UCLA,,,56312980-07cc-11ef-ae1a-ef16ff05bbda
11583,Jonathon Brooks,CAR,RB,Active,,23,2,25,Texas,,,5c842941-844b-4f6a-bce4-26b377146674
11584,Bucky Irving,TB,RB,Active,,24,2,7,Oregon,,,c5249c6f-bd1b-4352-8228-de2bd499ca0d
11586,Blake Corum,LAR,RB,Active,,25,2,24,Michigan,,,93ba1da2-3679-4ddc-9687-0802349f9ee2
11588,Jawhar Jordan,HOU,RB,Active,Questionable,27,2,25,Louisville,,,d3ddb80f-6f08-4594-be42-4c2f0716f4ef
11589,Trey Benson,ARI,RB,Active,Questionable,24,2,33,Florida State,,,0c1253f2-1822-445d-8590-fea6fd32703f
11592,Erick All,CIN,TE,Active,,25,2,83,Iowa,,,5523779b-db60-4158-b232-8391bc7db65b
11593,Brevyn Spann-Ford,DAL,TE,Active,,26,2,89,Minnesota,,,efc8d800-072b-11ef-892f-5b772aae3c25
11595,Jared Wiley,KC,TE,Active,,25,2,12,TCU,,,a952a370-a43f-45ec-8371-0665f0b9551e
11596,Ben Sinnott,WAS,TE,Active,,24,2,82,Kansas State,,,b5c717af-9116-483c-9ab3-c9db0a988ab8
11597,Theo Johnson,NYG,TE,Active,,25,2,84,Penn State,,,a5d4bb1d-c130-47c2-808a-2dd1f85005fb
11598,Tanner McLachlan,SF,TE,Inactive,IR,27,2,47,Arizona,,,5d4fc75b-c99a-44f8-983c-c7b15e929a7a
11599,Cade Stover,HOU,TE,Active,,26,2,8,Ohio State,,,559d5222-0403-4a14-94c7-c7bd5072c939
11600,Ja'Tavion Sanders,CAR,TE,Active,,23,2,0,Texas,,,ffd2ff3f-4b56-4232-be8e-bf163c29f406
11603,AJ Barner,SEA,TE,Active,,24,2,88,Michigan,,,e96127b4-d381-43d4-b0ae-8790c706756f
11604,Brock Bowers,LV,TE,Active,,23,2,89,Georgia,,,ad9fc7e3-0a6d-4e41-84c2-cf43b71aee13
11605,Jaheim Bell,PIT,TE,Active,,25,2,82,Florida State,,,c9b2f6f5-b8bc-48ca-ac33-fa18883c2f6b
11608,Isaiah Williams,NYJ,WR,Active,,25,2,18,Illinois,,,2ddb2f40-07bc-11ef-82d9-5f86367458d3
11610,Malik Washington,MIA,WR,Active,,25,2,6,Virginia,,,d7f4fd2c-ba4f-49ca-bd92-443a506e9eb4
11616,Jacob Cowing,SF,WR,Active,,25,2,6,Arizona,,,9c145f4f-c9b1-4c2c-b011-8dc40167d0f1
11617,Malachi Corley,CLE,WR,Active,,24,2,83,Western Kentucky,,,bae59933-8b94-4837-990e-f0a4ced3cdbb
11618,Jalen McMillan,TB,WR,Active,Questionable,24,2,11,Washington,,,c2b25795-8c63-425a-8790-f6d626dbf0d3
11620,Rome Odunze,CHI,WR,Active,,24,2,15,Washington,,,f64694e0-0381-11ef-973d-5176a0ecbee4
11623,Jordan Whittington,LAR,WR,Active,,25,2,88,Texas,,,7cc58a3b-157a-4f43-a7de-5bc403f9ce6b
11624,Xavier Worthy,KC,WR,Active,Questionable,23,2,1,Texas,,,52e049b1-0a7a-4e7f-9866-d2848e9cc478
11625,Adonai Mitchell,NYJ,WR,Active,,23,2,15,Texas,,,190dbc97-2b7c-4023-b6b0-5729b854b60b
11626,Xavier Legette,CAR,WR,Active,Questionable,25,2,17,South Carolina,,,0bb0c37c-e76b-4529-92b0-b026be4f7d6c
11627,Troy Franklin,DEN,WR,Active,,23,2,11,Oregon,,,765dffd8-8112-4078-86a1-924ccebf1069
11628,Marvin Harrison,ARI,WR,Active,,24,2,18,Ohio State,,,e8da21a8-796d-48a2-b644-57d08983ae01
11629,Devontez Walker,BAL,WR,Active,,25,2,81,North Carolina,,,b5d1ed29-c72a-45ff-ae60-337e13728b2f
11630,Roman Wilson,PIT,WR,Active,,25,2,14,Michigan,,,43563ab6-46b9-44d3-aaf2-bc1eb4d1f8d1
11631,Brian Thomas,JAX,WR,Active,,23,2,7,LSU,,,271a233e-68b3-4261-a3aa-7667eaf9d3cc
11632,Malik Nabers,NYG,WR,Active,Questionable,23,2,1,LSU,,,55ef2022-50c2-465b-839e-c0f4c9e7c55c
11633,Jamari Thrash,CLE,WR,Inactive,IR,25,2,80,Louisville,,,1472d4aa-ffbf-4683-aa91-86bc4795b34e
11635,Ladd McConkey,LAC,WR,Active,,24,2,15,Georgia,,,473bc7e5-c393-4f21-9e49-3ffc16711238
11636,Johnny Wilson,PHI,WR,Active,Questionable,25,2,89,Florida State,,,e8d389b5-56c8-4276-9983-0dbcc1663507
11637,Keon Coleman,BUF,WR,Active,Questionable,23,2,0,Florida State,,,6752915f-efe5-473d-a520-78cadfab6dda
11638,Ricky Pearsall,SF,WR,Inactive,IR,25,2,1,Florida,,,aca4c1b8-915f-4295-92e4-05b51feee6b1
11643,Jaylen Wright,MIA,RB,Active,,23,2,5,Tennessee,,,ba9e1390-028b-47c9-8710-84cee3fa25de
11644,Cody Schrader,DEN,RB,Active,,26,2,5,Missouri,,,70c949c0-057f-11ef-ae83-716cc96c95b8
11646,Jalen Coker,CAR,WR,Active,,24,2,18,Holy Cross,,,67977ab0-070b-11ef-978d-05d80704d329
11647,Kimani Vidal,LAC,RB,Active,,24,2,28,Troy,,,ed923635-f021-4b76-9dbb-9f1901eeaab9
11648,Kedon Slovis,ARI,QB,Active,,25,2,12,BYU,,,4842ee80-07d1-11ef-977b-d7c6de486031
11649,Kendall Milton,CIN,RB,Active,,24,2,36,Georgia,,,d0dd8a70-072c-11ef-a49f-41e71daeb2e1
11650,Luke McCaffrey,WAS,WR,Active,,25,2,11,Rice,,,5cfd82f8-9e73-48d7-914e-9051ff52d67d
11651,Isaac Guerendo,SF,RB,Active,PUP,26,2,31,Louisville,,,eac64b21-6e9e-447a-bf18-8a00b5c12871
11653,Charlie Smyth,NO,K,Active,,25,2,39,International Pathway Program,,,f5c4a0e0-eecb-11ee-aa6f-2b08db5c8f4c
11654,Dante Miller,NYG,RB,Inactive,IR,27,2,25,South Carolina,,,6e0c07b0-f42a-11ee-88d0-f12fe77edfe4
11655,Tyrone Tracy,NYG,RB,Active,,26,2,29,Purdue,,,fc6c7973-79a9-4974-855e-bc13400fe641
11656,Nate Wiggins,BAL,CB,Active,,22,2,2,Clemson,,,f6731363-93ed-4717-910c-317648e93139
11657,Tyler Guyton,DAL,OL,Active,Questionable,25,2,60,Oklahoma,,,c5ef57f0-4ab8-491c-8c39-3af7d085dde8
11658,Darius Robinson,ARI,DL,Active,,24,2,56,Missouri,,,7ceb8b7a-9797-4186-8dbe-4446b415c0fb
11659,Graham Barton,TB,OL,Active,,24,2,62,Duke,,,8e0e175e-ab3d-42e1-8494-e6b56f051c79
1166,Kirk Cousins,LV,QB,Active,,38,14,8,Michigan State,14880,00-0029604,bbd0942c-6f77-4f83-a6d0-66ec6548019e
11660,Jordan Morgan,GB,OL,Active,,25,2,77,Arizona,,,43786378-9086-4abd-9757-e62617570dc8
11662,Quinyon Mitchell,PHI,CB,Active,,25,2,27,Toledo,,,93e6a6eb-a91e-4705-b5de-faa10f741913
11663,Chop Robinson,MIA,DE,Active,,23,2,44,Penn State,,,9838dba3-f510-494b-b3ad-8639f792d182
11664,Troy Fautanu,PIT,OL,Active,,25,2,76,Washington,,,6646a5d5-9d75-4ba8-a4f9-05ba3b639095
11665,Jared Verse,CLE,DL,Active,,25,2,8,Florida State,,,6c0c2ab2-8333-4eb0-adb5-d8e0095d50ec
11666,Amarius Mims,CIN,OL,Active,,23,2,71,Georgia,,,01dee31c-a9cb-4017-8c7b-bd69ee8d96b6
11667,Dallas Turner,MIN,LB,Active,,23,2,15,Alabama,,,1455441c-7e0e-484e-8e8a-5c7606b59709
11668,Byron Murphy,SEA,DL,Active,,23,2,91,Texas,,,d7cd56ba-a624-4149-83d0-a2c66df65804
11669,Laiatu Latu,IND,DL,Active,,25,2,97,UCLA,,,234d2423-bb97-4dfe-9a56-7c14b276720c
11670,Taliese Fuaga,NO,OL,Active,,24,2,75,Oregon State,,,ee26f53a-2ec5-48fe-9f00-697be6e4c31f
11671,Olu Fashanu,NYJ,OL,Active,,23,2,74,Penn State,,,e85b075a-5ca5-4ebe-b5d7-c14149b07ca5
11672,JC Latham,TEN,OL,Active,,23,2,55,Alabama,,,f610a744-8d29-4bc3-99d6-595aae0ace8f
11673,Joe Alt,LAC,OL,Active,,23,2,76,Notre Dame,,,653dd688-fe1e-4e05-81d9-487823177f2b
11674,Tyler Nubin,NYG,DB,Active,,25,2,27,Minnesota,,,be2b6a6f-0e18-4394-a681-d414a3a306b8
11675,Kool-Aid McKinstry,NO,DB,Active,,23,2,1,Alabama,,,db912dac-e488-4c39-806b-a10e990d6bf4
11676,Mike Sainristil,WAS,DB,Active,,25,2,0,Michigan,,,f20bc1dc-7243-4c87-8274-a6e311c21ef9
11677,Braden Fiske,LAR,DL,Active,,26,2,55,Florida State,,,905fb2a2-6fc0-4af5-9f3c-860956cd164b
11678,Cooper DeJean,PHI,DB,Active,Questionable,23,2,33,Iowa,,,f213bbc9-1294-4bce-84b0-3752e63ff363
11679,Chris Braswell,TB,LB,Active,,24,2,43,Alabama,,,5bd59487-cd06-4286-bc62-17cae182abf9
11680,Patrick Paul,MIA,OL,Active,,24,2,52,Houston,,,1c049a8d-42ba-480b-89dc-764477c6c3f2
11681,Kingsley Suamataia,KC,OL,Active,,23,2,76,BYU,,,6f3a80b4-9b7b-4429-aec1-bc508ef8e0e6
11682,Cole Bishop,BUF,DB,Active,,23,2,24,Utah,,,9098b52a-bc60-4a3d-9eaa-4611966a576e
11683,Jackson Powers-Johnson,LV,OL,Active,,23,2,58,Oregon,,,756376bf-35dd-41b8-8be4-ab7f1a6681a8
11684,Blake Fisher,HOU,OL,Active,,23,2,57,Notre Dame,,,b38af46f-8c06-42e1-952e-d992da83eaca
11685,Kamari Lassiter,HOU,DB,Active,,23,2,3,Georgia,,,b85f8a10-e1c2-4e5d-8aa5-08091feb1883
11686,Javon Bullard,GB,DB,Active,Questionable,23,2,7,Georgia,,,0bf54af0-cd8f-48ac-96b9-b742562a3e53
11687,Edgerrin Cooper,GB,LB,Active,,24,2,56,Texas A&M,,,5424462c-3f8e-4e2a-832d-c29916d395cb
11688,Kris Jenkins,CIN,DL,Active,,24,2,90,Michigan,,,ffb4ddbb-f7be-47e8-b5de-19c32d68fc49
11689,Ennis Rakestraw,DET,DB,Active,Questionable,24,2,2,Missouri,,,c4da8885-d3f7-4593-b325-3e3dc408d1b6
11690,Zach Frazier,PIT,OL,Active,,24,2,54,West Virginia,,,ab7a4eef-8591-448d-ad78-02b21a38504e
11691,T'Vondre Sweat,NYJ,DL,Active,,25,2,99,Texas,,,136f06ed-a718-4551-b1b2-feda889b9b98
11692,Mike Hall,CLE,DT,Active,,23,2,51,Ohio State,,,593fdfcf-8852-457e-bb9a-0411533eca32
11693,Max Melton,ARI,DB,Active,,24,2,16,Rutgers,,,5f3ab1fc-cdc0-499d-8cc2-36433b9ac7f6
11695,Ruke Orhorhoro,JAX,DT,Active,,24,2,99,Clemson,,,9f88e08f-2988-445e-bcc5-9dad063a9cda
11696,Roger Rosengarten,BAL,OL,Active,,24,2,70,Washington,,,6ced226c-387c-47d4-a4ce-cf4d583e9e65
11697,Renardo Green,SF,DB,Active,Questionable,25,2,0,Florida State,,,2b93704f-fab1-40b3-b13e-07d85303bb25
11698,Maason Smith,ATL,DT,Active,,23,2,92,LSU,,,32f98e05-a998-4e0c-8131-0e4b17cb7dd5
11699,Jer'Zhan Newton,WAS,DL,Active,Out,23,2,95,Illinois,,,9d373d6d-66f7-4ba9-9226-5d5e89a23a5e
11700,Dru Phillips,NYG,DB,Active,Questionable,24,2,22,Kentucky,,,3e7f9f29-7288-4963-b858-e284f051387a
11701,Junior Colson,LAC,LB,Active,,23,2,25,Michigan,,,9ceab470-1739-49d7-b605-f3906a63f7c7
11702,Brandon Coleman,WAS,OL,Active,,25,2,74,TCU,,,5f09acba-b99f-4669-a8ea-bf2a7a7bd0fe
11703,Jalyx Hunt,PHI,DE,Active,,25,2,58,Houston Christian,,,b779251c-3250-405f-ae4a-3cadbf6925d9
11704,Christian Haynes,SEA,OL,Active,,26,2,64,UConn,,,46f14c92-0b9a-45e6-b502-118b901cb3c4
11705,Tykee Smith,TB,DB,Active,,25,2,23,Georgia,,,1ebc26a2-8705-4db2-b177-1b5acc21b5fa
11706,DeWayne Carter,BUF,DT,Active,,25,2,90,Duke,,,f5f02301-7ec2-48ae-b67e-31fd01cc070b
11707,Kiran Amegadjie,CHI,OL,Active,,24,2,72,Yale,,,ef8a696d-2bdd-489f-8883-7b556900466a
11708,DJ Glaze,LV,OL,Active,,24,2,71,Maryland,,,faa31b4e-de40-4962-a64e-910626b4b43c
11709,Matt Goncalves,IND,OL,Active,,25,2,71,Pittsburgh,,,a3637af7-8c33-485c-9956-752a44ec8e1a
11710,Calen Bullock,HOU,DB,Active,,23,2,2,USC,,,f53fd561-f47b-4db2-8318-022246e447ae
11711,Caedan Wallace,MIA,OL,Active,,26,2,75,Penn State,,,e7e81103-5c90-4b85-98a4-34e6ac4b6e97
11712,Ty'Ron Hopper,GB,LB,Active,,25,2,59,Missouri,,,9fb2ac11-8c14-4039-9a3f-32d11343b73d
11713,McKinnley Jackson,CIN,DL,Active,Questionable,24,2,91,Texas A&M,,,00b1481f-e562-4727-9e2b-9ab3293f2748
11714,Jonah Elliss,DEN,DE,Active,,23,2,52,Utah,,,c33c2e37-fc99-4ab3-b609-d588c9141e9a
11715,Zak Zinter,CLE,OL,Active,,25,2,70,Michigan,,,d0f733ab-f18a-4095-b80e-bb698c6e1da4
11716,Tip Reiman,ARI,TE,Active,PUP,24,2,87,Illinois,,,44767e85-080f-4212-b2f2-cba160c81a9f
11717,Elijah Jones,ARI,DB,Active,,26,2,28,Boston College,,,6e1e18d1-3dab-4333-aa02-97354d316c6f
11718,Isaiah Adams,ARI,OL,Active,,26,2,74,Illinois,,,da31074f-8268-4f34-b0c6-0ffbfc2fb4ad
11719,Cooper Beebe,DAL,OL,Active,,25,2,56,Kansas State,,,1a66dfaa-0add-4c2c-a3b4-02c1ab5f56ee
11720,Marist Liufau,DAL,LB,Active,,25,2,35,Notre Dame,,,4fe58953-14da-43d0-8394-e960d0d47c46
11721,Bralen Trice,ATL,DE,Active,,25,2,48,Washington,,,1c5dddf1-b744-4019-b57b-4fc8a3798dee
11722,Adisa Isaac,BAL,DE,Active,,24,2,50,Penn State,,,ba7ea327-3c96-4470-bd72-cad811f4e1df
11723,Dominick Puni,SF,OL,Active,Questionable,26,2,77,Kansas,,,ed14a72f-f378-4cec-a03d-c7be62a87262
11724,Trevin Wallace,CAR,LB,Active,,23,2,32,Kentucky,,,578f063e-30e5-4a2c-b3cc-09aaaf3d0a7c
11725,Jarrian Jones,JAX,DB,Active,,25,2,4,Florida State,,,fc21a61f-75aa-4398-973f-7ff1058e6a9e
11726,Kamren Kinchens,LAR,DB,Active,,23,2,5,Miami (FL),,,c4c31524-3ac6-4337-bd99-4085f92d4a13
11727,Payton Wilson,PIT,LB,Active,,26,2,41,North Carolina State,,,6a7047a5-52ab-4e2d-8ab0-6d27b6930822
11728,Jaden Hicks,KC,DB,Active,,24,2,21,Washington State,,,3e4f799d-5567-4239-9513-86a16a674073
11729,Sione Vaki,DET,RB,Active,,25,2,33,Utah,,,f5e0334b-b5f1-422f-a437-199c36cc108d
11730,T.J. Tampa,BAL,DB,Active,,24,2,27,Iowa State,,,1f02c2e7-da1f-4709-8bbc-82e6ffc6d400
11731,Malik Mustapha,SF,DB,Active,Questionable,24,2,6,Wake Forest,,,b9500cb3-e259-4d5e-a75c-66b2611c0454
11732,Tory Taylor,CHI,P,Active,,29,2,19,Iowa,,,48df6eca-81f4-49ce-8908-48196a041c57
11733,Mason McCormick,PIT,OL,Active,,26,2,66,South Dakota State,,,e14b2d9f-0b10-41c6-99ae-ce918a2838be
11734,Tyrice Knight,SEA,LB,Active,,25,2,48,UTEP,,,d1f88078-0acd-4d6d-95f4-cf0c5bb7cb90
11735,Tanor Bortolini,IND,OL,Active,,24,2,60,Wisconsin,,,6a988b68-143f-4220-948c-a28914e9fb79
11736,Jordan Jefferson,CIN,DT,Active,,24,2,68,LSU,,,fac7a140-ee4e-4328-bc1a-dad500b1acfe
11737,Javon Foster,CIN,OL,Active,,26,2,73,Missouri,,,fdba4859-95e2-40c5-8337-4aeb13e5b886
11738,Decamerion Richardson,LV,CB,Active,,25,2,25,Mississippi State,,,9c6fe5a6-5553-4803-bc7a-93d095029a7d
11739,Evan Williams,GB,DB,Active,,25,2,33,Oregon,,,8fbc9bcf-c367-46bc-8017-ce87e84aeaff
1174,Mike Daniels,CIN,DT,Active,,32,10,76,Iowa,14994,00-0029284,34de0b93-9cab-4987-915b-25ef8480cae7
11740,Brandon Dorlus,ATL,DE,Active,,25,2,54,Oregon,,,46ed0b03-015e-4d22-a034-4eeb242aa6a7
11742,Cedric Gray,TEN,LB,Active,,23,2,33,North Carolina,,,bc424a1d-0931-404a-8997-5278b1a50d73
11743,Justin Eboigbe,LAC,DL,Active,,25,2,92,Alabama,,,ace0e155-59e7-44b1-ad04-cd08ba02209a
11744,Dadrion Taylor-Demerson,ARI,DB,Active,,25,2,42,Texas Tech,,,ed59f931-fb26-4809-b862-a29fb7825942
11746,Giovanni Manu,DET,OL,Active,PUP,25,2,59,British Columbia (CAN),,,db5f18c9-6f07-47a7-ba44-ff59a10e7651
11747,Jaylan Ford,NO,LB,Active,,24,2,53,Texas,,,3982da83-370d-40e1-9aa7-632d60db4c4c
11748,Bub Means,NO,WR,Active,,25,2,16,Pittsburgh,,,ef0feb13-57b8-474c-a723-cf03f57a321a
11749,Cam Hart,LAC,CB,Active,,25,2,20,Notre Dame,,,78778a0e-d4a1-4a31-9e72-6d226733ba9d
11750,Dominique Hampton,TEN,CB,Active,,26,2,40,Washington,,,d83c6686-ffd6-41cd-a2ca-9583a0470769
11751,Brennan Jackson,LV,DE,Inactive,IR,25,2,54,Washington State,,,0088498b-6f39-4cc2-9102-4aabd7491674
11752,Jeremiah Trotter,PHI,LB,Active,,23,2,54,Clemson,,,1159549f-4be1-440b-a950-a6bfab44d5ce
11753,Nehemiah Pritchett,SEA,CB,Active,,25,2,28,Auburn,,,06418ca3-6c11-4654-ad86-59bac5370e23
11754,Mohamed Kamara,TB,DL,Active,,27,2,59,Colorado State,,,7bd0810c-c806-43b1-a793-9cd9cb33c546
11755,Qwan'tez Stiggers,NYJ,CB,Active,Questionable,24,2,37,,,,3c69c44b-9d3c-478d-82a5-42852df8ddd7
11756,Hunter Nourzad,KC,OL,Active,,25,2,64,Penn State,,,15ff4e92-dad4-4ff8-ba50-97c68d85f1c1
11757,Edefuan Ulofoshio,CLE,LB,Active,,26,2,54,Washington,,,b231b9d4-d3fe-437d-91b0-c6619cd175c0
11758,Sedrick Van Pran-Granger,BUF,OL,Active,,24,2,62,Georgia,,,d1e10b36-db62-42af-92c5-e3349d3ecb47
11759,Javon Solomon,BUF,DE,Active,,25,2,56,Troy,,,fcd72650-13b8-4a8d-bc2f-d6b28d46a431
11760,Austin Booker,CHI,DL,Active,,23,2,94,Kansas,,,e062739b-9948-47aa-aa50-604483c45b8b
11761,Tommy Eichenberg,LV,LB,Active,,25,2,44,Ohio State,,,9473b5d1-4889-465a-aeb1-6115d9d9386f
11762,Anthony Gould,IND,WR,Active,Questionable,25,2,6,Oregon State,,,f1f3f15f-f4a5-4d6e-b075-95f4815a384e
11763,Kitan Oladapo,GB,DB,Active,,25,2,27,Oregon State,,,abc5dadd-fe68-4a0e-8b64-6b6ca2717858
11764,Josh Newton,CIN,CB,Active,,25,2,28,TCU,,,9ed5ed68-dd6c-4ac4-8fb7-9f0be37c51b7
11765,Kris Abrams-Draine,DEN,DB,Active,,24,2,31,Missouri,,,f66366c2-7849-4c96-86d3-19882a7a27b7
11766,Jarvis Brownlee,NYJ,DB,Active,,25,2,29,Louisville,,,ea3e1da8-9bae-43cc-9538-513976e968e5
11767,Xavier Thomas,SF,DE,Active,,26,2,50,Clemson,,,086c1e2b-7551-4b55-9de5-1e98083c54ac
11768,Christian Jones,ARI,OL,Active,,26,2,75,Texas,,,71c5e09a-0917-4ace-83ee-05784803c579
11769,Caelen Carson,DAL,DB,Active,,24,2,21,Wake Forest,,,6393b3f5-c426-4895-81d2-b96e0320c450
11770,JD Bertrand,ATL,LB,Active,,26,2,40,Notre Dame,,,fdb957eb-4146-4453-a6df-f65ca7bc1bb6
11771,Chau Smith-Wade,CAR,DB,Active,,23,2,26,Washington State,,,6fccf852-00cf-4c11-b856-8e4d56acc646
11772,Deantre Prince,CHI,CB,Active,,25,2,24,Ole Miss,,,67a075f3-e687-47f5-a153-a0eda2a26fd6
11774,Trevor Keegan,DAL,OL,Active,,25,2,77,Michigan,,,51e0ab4b-c18b-4fef-99cb-07faba2f9cb1
11775,Jaylin Simpson,GB,DB,Active,,26,2,38,Auburn,,,6cc15491-4e42-45c2-9c14-8448bc9f8993
11776,Jacob Monk,GB,OL,Active,,25,2,62,Duke,,,4a6fd480-8a81-41f1-a0ba-1dd2e02e6c44
11777,Jaylon Carlies,IND,DB,Active,,24,2,57,Missouri,,,dd21aafb-0647-4b85-aa55-603fb75a859f
11778,Jordan Magee,WAS,LB,Active,Questionable,25,2,58,Temple,,,0df0a32a-00df-40be-b8c8-774d923957c0
11779,Tarheeb Still,LAC,DB,Active,,24,2,29,Maryland,,,a28d9b86-30ec-40be-98bc-48089b23ba9c
11780,Elijah Klein,TB,OG,Active,,26,2,79,UTEP,,,3cabdaac-473c-4c7b-827a-6e2e67d1412c
11781,Daequan Hardy,PIT,CB,Inactive,IR,25,2,31,Penn State,,,10126054-8bc0-4470-b1a8-a98c94c0afb7
11782,Beaux Limmer,LAR,OL,Active,,25,2,50,Arkansas,,,6f225a09-45e4-4e95-9638-e3e1397e55b1
11783,Ryan Flournoy,DAL,WR,Active,,26,2,19,Southeast Missouri State,,,ebf6bc25-5e74-4588-86d6-5dadba3f9bcd
11784,Jarrett Kingston,HOU,OL,Active,,26,2,63,USC,,,29fb962d-cf41-475b-b305-c669aa3e9a8c
11785,Cedric Johnson,CIN,DE,Active,,23,2,52,Ole Miss,,,606de6c7-99a3-4d0e-b6c3-a5c570d402bc
11786,Cam Little,JAX,K,Active,,23,2,39,Arkansas,,,42d90cdf-5494-4576-bc1e-4b5d3de99f5f
11787,Kamal Hadden,GB,DB,Active,,25,2,36,Tennessee,,,ae33b86e-d67d-4b38-87e8-f7c666b4a88b
11788,Christian Mahogany,DET,OL,Active,,25,2,73,Boston College,,,f1011a22-4fd9-42a4-bbbe-f6d7f829db35
11790,Nathaniel Watson,CLE,LB,Active,,25,2,40,Mississippi State,,,7de6f8cd-e4bc-4a0e-b339-12990b4b7c57
11791,Tylan Grable,BUF,OL,Active,,26,2,68,UCF,,,2a76c387-e07a-4b72-89d1-33c1c146f6b4
11792,Will Reichard,MIN,K,Active,,25,2,16,Alabama,,,6f667582-b880-4c41-a105-59c347a36c0d
11793,Travis Glover,GB,OT,Active,,26,2,79,Georgia State,,,de98051f-0e58-4eb7-9b6d-90aaceb95f98
11795,Jaden Crumedy,GB,DT,Active,,26,2,63,Mississippi State,,,ab636859-ef8d-443e-b2db-b555b21705c8
11796,Khristian Boyd,NO,DL,Active,,26,2,97,Northern Iowa,,,538b5b00-3ad4-45c2-8d97-26f8c57ba1ed
11797,Patrick McMorris,SF,DB,Active,,24,2,25,California,,,5137b06d-af47-47d7-8c1b-968fd511ea29
11798,Zion Logue,BUF,DL,Active,,24,2,93,Georgia,,,17805ded-83cc-49b2-95f1-855841dcede5
11799,Tyler Davis,LAR,DT,Active,,25,2,90,Clemson,,,4adfc559-1138-4476-a095-3bbaa7ba18b3
11802,Tejhaun Palmer,NE,WR,Active,,26,2,80,UAB,,,99345c7e-a544-477c-8b57-a4a2b8bcce27
11803,Dylan McMahon,LAR,OL,Active,,25,2,63,North Carolina State,,,980b200f-1cde-4327-adec-564572c84a5c
11804,Mekhi Wingo,DET,DT,Active,Questionable,23,2,94,LSU,,,f6f39738-d9ec-45bb-8d6c-e64dfccdf3e4
11805,Jamal Hill,HOU,LB,Active,,25,2,56,Oregon,,,8ff249ba-9bd7-4faa-8e21-cfefabb561bb
11806,Casey Washington,CAR,WR,Active,,25,2,88,Illinois,,,98b9b952-b31f-47c4-9fac-9d7516af34df
11807,Darius Muasau,NYG,LB,Active,,25,2,53,UCLA,,,9ed90b2b-c650-41c0-9cee-2fbd8fc95546
11808,Jha'Quan Jackson,HOU,WR,Active,,26,2,88,Tulane,,,bcb054df-47e9-411c-8c9d-eef1a9a25487
11809,Marcellas Dial,NE,DB,Active,,25,2,27,South Carolina,,,2c5c81d9-07bd-40a7-8052-8c2fa1203834
11811,Logan Lee,PIT,DL,Inactive,IR,26,2,91,Iowa,,,3132d9fc-95bc-43a9-8449-df3c74d872e8
11812,Walter Rouse,MIN,OL,Active,,25,2,73,Oklahoma,,,f5b18ecd-311e-49b3-a69f-830c7ba199a8
11813,Michael Jerrell,ATL,OT,Active,,27,2,72,Findlay,,,ee85c1bf-ae4b-453d-bf86-c3359943a867
11815,Cornelius Johnson,BAL,WR,Active,,25,2,86,Michigan,,,aef0e96a-d473-4991-9bb3-a9764d777a36
11816,Javontae Jean-Baptiste,WAS,DL,Active,,26,2,41,Notre Dame,,,5e6813f4-d436-45d2-a30e-f32a1e1b989c
11817,KT Leveston,CLE,OL,Active,,26,2,72,Kansas State,,,79fae1a5-11ce-4756-9fe3-c642b6a6337b
11818,Michael Jurgens,MIN,OL,Active,,26,2,65,Wake Forest,,,605576a7-d04d-4286-9a16-9ec2a3d3f58b
11819,Levi Drake Rodriguez,MIN,DT,Active,,26,2,50,East Texas A&M,,,f755051d-6986-40c4-aba4-126af4b1842e
11820,Devin Culp,TB,TE,Active,,26,2,82,Washington,,,c62dcaf1-79e3-4e15-8fb0-e7cb30a18fe4
11821,Tahj Washington,MIA,WR,Active,,25,2,84,USC,,,298d990d-9fd4-4cdf-8fcd-a7c3043d17fd
11823,C.J. Hanson,KC,OG,Active,,25,2,61,Holy Cross,,,96c9a116-882b-4b6e-9975-a0f71d976152
11824,Travis Clayton,BUF,OT,Active,,25,2,67,,,,eb8cec5d-d9e8-4f0f-b15d-43a5a09df0ce
11825,MJ Devonshire,GB,DB,Active,,25,2,28,Pittsburgh,,,ca7c7772-15a6-4bc8-a93e-11a369ddd14b
11827,Jonah Laulu,LV,DL,Active,,26,2,96,Oklahoma,,,44d0ebd8-d1ca-4e6a-8af3-cbd55f6acc7d
11828,Marcus Harris,KC,DL,Active,,25,2,68,Auburn,,,4b56e1ba-37e9-4f00-8782-717c6e6c4555
11829,Solomon Byrd,HOU,DE,Active,,26,2,50,USC,,,cf6282ec-1e7e-4157-b2c1-fab1afa90f88
11830,Kalen King,ARI,CB,Active,,23,2,35,Penn State,,,c8cf0369-d2bc-47be-b459-360b277e081f
11831,Daijahn Anthony,CIN,DB,Active,,25,2,33,Ole Miss,,,709bd5ab-4e34-49fa-9203-f4dacfb5e226
11833,Nick Gargiulo,DEN,OL,Active,PUP,26,2,66,South Carolina,,,1c93b43d-7bcd-417b-a836-28b43920730d
11834,Devaughn Vele,NO,WR,Active,,28,2,14,Utah,,,2a638f35-a80a-46db-9722-12b49d45ab52
11835,Jaylen Harrell,TEN,DE,Inactive,IR,24,2,92,Michigan,,,bd77a854-4a7f-4840-a3f9-c5f428bd2dda
11836,Myles Harden,CLE,DB,Active,,24,2,26,South Dakota,,,91fae7d2-6f40-4ad6-b49f-0d05405ada81
11838,Nate Thomas,DAL,OL,Active,,24,2,71,Louisiana,,,c5db915f-c460-4399-8d2c-8a6bcf6d90d5
11840,Nick Samac,CAR,C,Active,,25,2,60,Michigan State,,,92c32366-b620-4dcd-946b-9067a18c61b7
11841,Sanoussi Kane,TEN,DB,Inactive,IR,24,2,42,Purdue,,,cb9f76e3-d527-4bdf-8d99-9a813ccc70e6
11842,Tatum Bethune,SF,LB,Active,,25,2,48,Florida State,,,5eb6ff1f-98c2-499b-9d11-37c3d1173993
11844,Myles Cole,NO,LB,Active,,26,2,57,Texas Tech,,,0d50064b-8915-46b2-bdc8-7582a1a17f8b
11846,Jowon Briggs,NYJ,DE,Active,,24,2,91,Cincinnati,,,0b366a95-a3a6-4044-a9de-b6bf78fb339e
11847,James Williams,TEN,DB,Active,,23,2,52,Miami (FL),,,3c58378b-d327-4d25-b2b9-1aead2975bcb
11851,Carter Bradley,JAX,QB,Active,,26,2,10,South Alabama,,,30ee4a00-04fb-11ef-bec6-79d1846dfa68
11854,Andrew Coker,CIN,OL,Active,,25,2,79,TCU,,,aca61550-04fc-11ef-ad0c-0fe653dc3883
11855,Amari Gainer,NE,LB,Active,,26,2,45,North Carolina,,,eaa99000-04fe-11ef-8bc5-45a7fe95a203
11858,Julius Welschof,PIT,DL,Active,,29,2,45,Charlotte,,,7437d320-04fc-11ef-a6a9-d95fe6d28f6d
11860,Beanie Bishop,CHI,CB,Active,Sus,26,2,22,West Virginia,,,c20acbf0-04f9-11ef-8561-b171b26383e5
11861,Jacoby Windmon,PIT,LB,Active,,25,2,53,Michigan State,,,deadda60-04fc-11ef-9cc3-cdbd2d3e65fb
11872,Thomas Harper,DET,DB,Active,,25,2,12,Notre Dame,,,cc1d5cf0-0500-11ef-bb66-eba00fd362a6
11878,Will Putnam,LV,C,Active,,26,2,67,Clemson,,,49a067d0-0501-11ef-b73d-a73582ad4582
11891,Kyle Hergel,CHI,OL,Active,,26,2,60,Boston College,,,1e3b37b0-0573-11ef-977e-ab2495c61690
11893,Isaiah Stalbird,NO,LB,Active,,26,2,44,South Dakota State,,,2cd70910-0574-11ef-b715-3db186b90a94
11894,Kyler Baugh,PIT,DL,Active,,24,2,65,Minnesota,,,62c362b0-0571-11ef-be40-03add12f186d
11895,Mason Tipton,NO,WR,Active,PUP,25,2,15,Yale,,,91918b20-0572-11ef-96c1-f73e6ad39631
11899,Rico Payton,NYG,CB,Inactive,IR,26,2,36,Pittsburg State,,,c3046dc0-0573-11ef-b660-4d07270c2b35
11905,Dwight McGlothern,MIN,DB,Active,,24,2,6,Arkansas,,,0b114d80-0584-11ef-8549-c35bdee1a640
11911,Jeshaun Jones,MIN,WR,Active,,26,2,82,Maryland,,,b8f13e80-0582-11ef-b5de-0dfe790b3555
11916,Christopher Edmonds,CLE,DB,Active,,25,2,41,Arizona State,,,3f762750-0582-11ef-8a3f-a10723b4c9fe
11921,Xavier Weaver,ARI,WR,Active,Questionable,25,2,89,Colorado,,,ffd59710-0582-11ef-823c-c3942ac17525
11922,Drake Nugent,SF,OL,Active,,25,2,66,Michigan,,,014613d0-057f-11ef-b81d-51c506ab6dea
11923,Evan Anderson,SF,DL,Active,,24,2,58,Florida Atlantic,,,3a8c7440-0584-11ef-a728-9b9d81627453
11927,Doug Nester,PIT,OL,Active,,26,2,72,West Virginia,,,95406050-0588-11ef-9420-39de280bb728
11929,Bo Richter,MIN,DE,Active,,26,2,98,Air Force,,,ee995e00-0591-11ef-bf22-39578731379d
11930,Taki Taimani,MIN,DL,Active,,26,2,94,Oregon,,,53ab1910-0596-11ef-9ab5-875e1d93ea64
11931,Austin Reed,BAL,QB,Active,,26,2,15,Western Kentucky,,,3dd3c120-05b2-11ef-a7ec-77a76ba1f065
11933,Ben Nikkel,IND,DB,Active,,26,2,34,Iowa State,,,e0e76010-0643-11ef-973d-2b9f3d75bf4d
11934,Tyler Owens,WAS,DB,Active,,25,2,18,Texas Tech,,,782d0d60-0655-11ef-bea4-a5fd3793027b
11935,A.J. Woods,ATL,CB,Active,,25,2,30,Pittsburgh,,,93c05980-0658-11ef-909c-d744eed76b9a
11938,Chigozie Anusiem,LV,CB,Active,Questionable,25,2,29,Colorado State,,,eb6d2aa0-065d-11ef-89e4-19bb3aa6e36f
11940,JaQuae Jackson,LAC,WR,Active,,26,2,82,Rutgers,,,b83d66b0-0665-11ef-94ee-6dded2587f41
11942,Colson Yankoff,WAS,TE,Active,,26,2,80,UCLA,,,8344b150-0667-11ef-8407-311b2612bbe3
11951,Beau Brade,NYG,DB,Active,,24,2,34,Maryland,,,48b4b770-06f2-11ef-b629-8d4815317755
11952,Darrian Dalcourt,NE,OL,Active,,25,2,61,Alabama,,,50ef6d70-06f4-11ef-a4b5-edaa96061283
11954,Corey Bullock,BAL,OL,Active,,24,2,67,Maryland,,,a05688e0-06f3-11ef-b392-9f2889e7fe1d
11959,Bryce Oliver,TEN,WR,Active,,26,2,80,Youngstown State,,,e88c3c70-06fa-11ef-92ba-0de371d8ef1a
11963,Chris Collier,LV,RB,Inactive,IR,26,2,33,Lock Haven,,,7fcfe130-06fc-11ef-9592-67ed152bdb91
11964,Dayton Wade,BAL,WR,Active,Questionable,25,2,18,Ole Miss,,,923bd7f0-06fe-11ef-b95c-81e74d9949b8
11966,Rashad Wisdom,TB,DB,Active,,25,2,38,UTSA,,,21965a60-0704-11ef-b43f-059462dfb174
11969,Xavier Johnson,CIN,WR,Active,,27,2,18,Ohio State,,,4bf636c0-0706-11ef-b33a-7b84ef0f7eb5
11972,Isaiah Iton,NE,DL,Active,,24,2,62,Rutgers,,,4e322bc0-0700-11ef-94ae-451c7174095a
11993,Tyrek Funderburk,CAR,CB,Active,,25,2,20,Appalachian State,,,8c1e02f0-0706-11ef-83ee-df242a895580
11994,Kameron Johnson,TB,WR,Active,,24,2,19,Barton,,,94c41960-0712-11ef-b01e-875e1e5d6ffb
12011,Demani Richardson,CAR,DB,Active,,25,2,36,Texas A&M,,,325fd170-0716-11ef-ba1c-2110081547cc
12015,Harrison Mevis,LAR,K,Active,,24,2,92,Missouri,,,663ada70-0717-11ef-94de-1b2fbd1e412b
1202,Johnny Hekker,MIN,P,Active,,36,14,5,Oregon State,15153,00-0028872,380435a9-1833-4381-a12b-498a43732798
12030,Braiden McGregor,NYJ,DE,Active,,25,2,55,Michigan,,,8eae21b0-071c-11ef-a3c0-935b79634141
12031,Leonard Taylor,NE,DL,Active,,24,2,93,Miami (FL),,,cad27c20-071e-11ef-9fb1-eb76adac1fa7
12035,Jamree Kromah,CHI,DL,Active,,26,2,59,James Madison,,,4223ab40-071b-11ef-8947-5105bc3b519d
12036,Ian Wheeler,BUF,RB,Active,,24,2,27,Howard,,,4cbe3c80-0718-11ef-ad6b-0f2dd4b44ccd
12037,Reddy Steward,DAL,CB,Active,,25,2,27,Troy,,,53ca5630-071d-11ef-9523-7119a13023a1
12041,Carl Jones,BAL,DL,Active,,25,2,48,UCLA,,,e81a9670-071c-11ef-8ced-698c301ae08b
12045,Jack Westover,NE,TE,Active,,27,2,37,Washington,,,22926aa0-0725-11ef-bcfc-752f39cb55fa
12048,George Holani,SEA,RB,Active,,26,2,36,Boise State,,,971a3930-0724-11ef-a47d-6f7fe8c7bc97
12051,Jackson Sirmon,NO,LB,Active,,26,2,45,California,,,35128270-0723-11ef-a052-d3a99c461986
12054,Jimmy Ciarlo,BUF,LB,Active,,25,2,35,Army,,,a132f370-0725-11ef-a24c-e3710bb6fc6a
12056,Jarius Monroe,NYJ,CB,Active,,25,2,25,Tulane,,,e12dc6c0-0726-11ef-9140-5d66d58415b8
12057,Maema Njongmeta,CAR,LB,Active,,25,2,45,Wisconsin,,,38c63ba0-0723-11ef-acb3-9348ceb755d6
12058,PJ Jules,CIN,DB,Active,,25,2,37,Southern Illinois,,,3a9818a0-0727-11ef-a006-5971d281be7d
12062,Cam Grandy,CIN,TE,Active,,26,2,85,Illinois State,,,8e6c6eb0-0725-11ef-b490-715b3492492e
12068,Mason Pline,KC,TE,Active,,26,2,46,Furman,,,b0f28450-0726-11ef-87d2-b788a7a4a635
12069,Gottlieb Ayedze,MIA,T,Active,,26,2,72,Maryland,,,2c430580-072c-11ef-9d94-ad0be07b87fb
12070,McCallan Castles,GB,TE,Active,,26,2,47,Tennessee,,,302dded0-072d-11ef-bb54-e981db140060
12071,Gabe Hall,PHI,DT,Active,,25,2,96,Baylor,,,41778790-072d-11ef-8f9f-dd59e5c066c4
12072,Jacob Roberts,MIN,LB,Active,,24,2,48,Wake Forest,,,8685ab70-072b-11ef-bd95-696f2af85280
12076,Austin McNamara,NYJ,P,Active,,25,2,14,Texas Tech,,,dedc98e0-0728-11ef-95cc-fb98346370c2
12079,Treyton Welch,NO,TE,Active,,25,2,82,Wyoming,,,07814d30-072a-11ef-ba75-176276cf11f0
12082,Jalen Sundell,SEA,C,Active,,26,2,61,North Dakota State,,,9fc05e60-072a-11ef-9be1-99cbcec96ece
12083,Winston Reid,CLE,LB,Active,,27,4,59,Weber State,,,f3790430-072a-11ef-a3a3-25be50b73d84
12087,Emany Johnson,LAC,DB,Active,,25,2,50,Nevada,,,5f0cb3a0-072f-11ef-bc8a-710de207b77a
12089,Julius Wood,DAL,DB,Active,,25,2,32,East Carolina,,,a7011ca0-072f-11ef-aee1-63cc61868faa
12094,Alex Johnson,LAR,CB,Active,,25,2,36,UCLA,,,478c81f0-0730-11ef-b2f4-613163b2da33
12096,Casey Rogers,NE,DL,Active,,27,2,65,Oregon,,,52eeac20-0731-11ef-a39e-ad5aae49cf13
12101,Marcellus Johnson,DAL,OL,Active,,26,2,79,Missouri,,,d90fc2b0-0733-11ef-b73c-1b41571f877f
12102,Andre' Sam,PHI,DB,Active,,27,2,31,LSU,,,9d76b520-072d-11ef-a877-6b032c0eabad
12103,Jordan Miller,DEN,DT,Active,,26,2,90,SMU,,,11bad1b0-0732-11ef-a78d-45dbecbebf62
12108,Quinton Newsome,ARI,DB,Active,,25,2,30,Nebraska,,,7431c500-0733-11ef-b167-5dcd24adaaf9
12110,Frank Crum,DEN,OT,Active,,26,2,73,Wyoming,,,dcb90680-0731-11ef-9d4c-f327158ee94e
12111,Levelle Bailey,DEN,LB,Inactive,IR,25,2,56,Fresno State,,,e9fd8540-0732-11ef-b2dc-3f8c2bf783f5
12113,Thomas Yassmin,GB,TE,Active,,26,2,84,Utah,,,fa010450-0730-11ef-b596-d7ce21494f1f
12115,Dell Pettus,NE,DB,Active,,25,2,24,Troy,,,48abbb80-075a-11ef-a2f5-8dc558cf6193
12125,Mark Perry,GB,DB,Active,,25,2,41,TCU,,,fbf1c040-07be-11ef-b417-4394f6821d19
12131,Bryan Hudson,NYG,OL,Active,,25,2,60,Louisville,,,e92bd7c0-07be-11ef-8acd-b170ddeb1ce6
12132,Josh Wallace,LAR,DB,Active,,26,2,30,Michigan,,,424e1560-07c5-11ef-96b2-79ba17dd049f
12137,Charles Woods,NE,CB,Active,,26,2,22,SMU,,,9e43feb0-07c6-11ef-a682-8f29ee4a79f3
12138,Anthony Goodlow,PIT,DE,Active,,26,2,72,Oklahoma State,,,b457e110-07c3-11ef-ab6b-fdfec21b4cc0
12140,Omar Speights,LAR,LB,Active,,25,2,48,LSU,,,c24e8e40-07c3-11ef-b253-11c65affe8a4
12141,Justin Dedich,LAR,OL,Active,PUP,26,2,67,USC,,,d42ada10-07c3-11ef-9be3-57ec97f62bc7
12142,Jaylen McCollough,LAR,DB,Active,,25,2,2,Tennessee,,,e3f6e380-07c3-11ef-8c61-79ad930f01f9
12145,Andrew Meyer,MIA,C,Active,,26,2,60,UTEP,,,2dff66d0-07c1-11ef-9853-0de590ed2220
12147,Storm Duck,MIA,CB,Active,PUP,25,2,29,Louisville,,,84cde2b0-07c2-11ef-95e1-89469c9b9880
12153,Donovan Jennings,GB,OL,Active,,26,2,67,South Florida,,,9bc78270-07c5-11ef-8be9-35641d847530
12154,Messiah Swinson,GB,TE,Active,,26,2,43,Arizona State,,,ffa96250-07c4-11ef-99fd-53de25c52bd6
12155,Nate Lynn,NYJ,DL,Active,,24,2,92,William & Mary,,,3070c6e0-07bf-11ef-8bb9-7f20e273da10
12159,Hogan Hatten,DET,LS,Active,,26,2,49,Idaho,,,8d8e7c70-07c2-11ef-a271-15abc56f35fa
12162,Ethan Driskell,KC,OL,Active,,26,2,75,Marshall,,,172b40b0-07cf-11ef-97d8-45d7b9ff0b1c
12163,Ryan Rehkow,CIN,P,Active,,27,2,8,BYU,,,57633980-07cf-11ef-b13e-a3ae804c7cd8
12164,Curtis Jacobs,WAS,LB,Active,,24,2,57,Penn State,,,687dea60-07cc-11ef-ad8e-ffa665412428
12171,British Brooks,HOU,RB,Active,Questionable,26,2,44,North Carolina,,,2ef88b80-07cf-11ef-96cf-876a6c13e638
12175,James Ester,MIA,DT,Active,Questionable,24,2,65,Northern Illinois,,,3759b970-07ca-11ef-b898-a784ac1da012
12181,Peter Bowden,LAC,LS,Active,,25,2,59,Wisconsin,,,aa68b160-07ce-11ef-bc40-07dcf68ce24c
12182,Miles Battle,MIA,CB,Active,,26,2,35,Utah,,,4c37a420-07d8-11ef-81cc-1d1360eb1da8
12183,Chris Roland-Wallace,KC,CB,Active,,24,2,30,USC,,,cfd2da80-07d7-11ef-9eb8-d3c1d804b4f8
12184,Dalton Tucker,IND,OL,Active,,26,2,68,Marshall,,,0d8a4a50-07d5-11ef-8545-cdd7bd0f8b55
12185,Spencer Shrader,IND,K,Active,,27,2,3,Notre Dame,,,2d7fa2f0-07d6-11ef-b188-b11373ae105b
12196,Jayden Price,NO,CB,Active,,26,2,38,North Dakota State,,,c2a7bab0-07d7-11ef-a87e-69d93f2e268b
12208,Theo Benedet,CHI,OT,Active,,24,2,79,,,,869c1100-07d8-11ef-8879-2d52fbcc0113
12210,Cole Burgess,PIT,WR,Inactive,IR,26,3,85,SUNY-Cortland,,,efe48d60-07db-11ef-8ada-f18c6785cc00
12216,Steven Jones,PIT,OL,Active,,25,2,79,Oregon,,,0ddeaae0-07e0-11ef-80bd-270c39f1ed76
12217,Shawn Bowman,ARI,TE,Active,,26,2,49,Rutgers,,,63fb1c30-07de-11ef-ab84-b199233567e8
12227,Elias Neal,LAR,LB,Active,,24,2,58,Marshall,,,032ecdc0-08b0-11ef-90c2-f769b87dd8cb
12229,David Olajiga,BAL,DL,Active,,28,2,65,Central Missouri,,,60adebf0-08ad-11ef-a6d9-5b0f6f983e06
12230,Cam Lampkin,LAR,DB,Active,,25,2,21,Washington State,,,b2986c00-08ae-11ef-aa35-dd89832b46ac
12234,Shemar Bartholomew,GB,CB,Active,,26,2,34,Georgia Southern,,,25449550-0975-11ef-bde2-2bfe04e0121e
12243,Ryan Cooper,DET,CB,Active,,24,2,46,Oregon State,,,3ef47770-09a4-11ef-a906-496bfb9579df
12252,Laekin Vakalahi,LAC,T,Active,,23,2,78,,,,5c3b05f0-09b4-11ef-93d3-a14a9d0aadbf
12255,Swayze Bozeman,CIN,LB,Active,,27,2,47,Southern Miss,,,7dadd460-0a45-11ef-829a-8b9f8c151637
12256,Baylor Cupp,ARI,TE,Active,,26,2,83,Texas Tech,,,e23e66a0-0a4b-11ef-81ea-4d1e02cb9588
12257,D.J. Miller,BUF,CB,Active,,26,2,46,Kent State,,,56c6f020-0a59-11ef-90dd-ef770e313af6
12267,Qadir Ismail,CHI,WR,Active,,26,2,80,Samford,,,d550d2a0-0bd8-11ef-a1f1-572fd46e4062
12269,Brandon Codrington,HOU,DB,Active,,25,2,17,North Carolina Central,,,88a2a9c0-0be6-11ef-a1fb-fd287260fc2a
12319,Elijah Chatman,CLE,DT,Active,,25,2,62,SMU,,,34ca0550-0c95-11ef-9a13-a1b03b54c0ec
12356,Jabari Small,DET,RB,Active,,25,2,26,Tennessee,,,bd14f200-0c9d-11ef-b4ed-99c2e96904b1
12357,David Martin-Robinson,TEN,TE,Active,,26,2,88,Temple,,,dad0d560-0c9e-11ef-b2f4-ab1e3a869265
12364,Kyon Barrs,CAR,DL,Active,,24,2,67,USC,,,49d70130-0ca1-11ef-a4af-ff70c61336ce
12374,Brenden Bates,CLE,TE,Inactive,IR,26,2,82,Kentucky,,,eb055af0-0e1a-11ef-aa6c-9183e6948e0f
1238,Josh Harris,LAC,LS,Active,,37,14,47,Auburn,15151,00-0028845,8bbd5520-52e9-4187-889f-bd4552622869
12380,Te'Cory Couch,BUF,CB,Active,,26,2,33,Miami (FL),,,925d25b0-0ecc-11ef-890b-59ac76551f0e
12382,Jake Kubas,NYG,OG,Active,,26,2,63,North Dakota State,,,276aedf0-0eea-11ef-8662-2bce15749566
12384,Kingsley Eguakun,CLE,OL,Active,,25,2,65,Florida,,,7a987980-0ee4-11ef-b6e8-1b17def0576e
12389,Hayden Rucci,SF,TE,Active,,25,2,83,Wisconsin,,,4fb37ab0-0efa-11ef-842a-77fe9b74fabd
12391,Kenny Dyson,MIN,LB,Active,,25,2,55,Bryant,,,f1608400-0ef7-11ef-937d-e3ddb9378fcd
12393,Nik Constantinou,CLE,P,Active,,26,2,30,Texas A&M,,,66b8f5c0-0f07-11ef-9034-c934d438cacb
12397,Joe Andreessen,BUF,LB,Active,,26,2,44,Buffalo,,,73da40c0-0fe7-11ef-ae8b-ddf8e5486729
12426,Liam Fornadel,NYJ,OL,Active,,27,3,50,James Madison,,,44a26690-2d1d-11ef-9680-b58149eaa8c4
12427,Dondrea Tillman,DEN,DT,Active,,28,3,92,Indiana (PA),,,7bae5c30-2d76-11ef-965b-a7cea7da527b
12429,Kohl Levao,NYJ,OL,Active,,28,3,60,Hawai'i,,,ee9ced10-2e39-11ef-98c9-23002ceb2ccc
1243,J.R. Sweezy,SEA,OG,Active,,33,10,0,North Carolina State,15025,00-0029146,be62bf39-c737-416f-a1ea-6b9d61684a62
12436,Jamie Sheriff,SEA,LB,Active,,26,2,50,South Alabama,,,7293eba0-5423-11ef-921f-9d5e2bfaf044
12450,Tra Fluellen,GB,DB,Active,,25,0,48,Middle Tennessee,,,db9e1750-b64e-11ef-9607-5945ce9a9486
12451,Elliott Brown,ARI,LB,Active,,28,2,41,Virginia,,,f6cc90a0-d1fc-11ef-9dfc-69570245f354
12455,Brashard Smith,KC,RB,Active,,23,1,24,SMU,,,3170164a-1718-4a39-9ef2-e18104e35fef
12457,Jaydon Blue,DAL,RB,Active,Questionable,22,1,23,Texas,,,f5e6eb8e-2c76-4bf9-b47f-57c62659341d
12460,Antwane Wells,ATL,WR,Active,,25,1,82,Ole Miss,,,483872b0-2630-11f0-b7f1-df7c830143e7
12462,Damien Martinez,GB,RB,Active,,22,1,26,Miami (FL),,,487da97d-a1e8-4a1f-9b43-085944ea1a44
12467,Jordan James,SF,RB,Active,Questionable,22,1,29,Oregon,,,c16040c3-7534-4eeb-956c-8ed3be9972ec
12469,Dylan Sampson,CLE,RB,Active,,21,1,22,Tennessee,,,6ea71d26-623a-4178-a93a-215678244902
12470,Riley Leonard,IND,QB,Active,,23,1,15,Notre Dame,,,38b62d7f-4403-4e2b-8083-4d0cd08e81aa
12471,DJ Giddens,IND,RB,Active,Questionable,22,1,21,Kansas State,,,73ffa6e6-7fb3-4f34-a856-38bfd62cca15
12472,Raheim Sanders,CLE,RB,Active,,24,1,35,South Carolina,,,09b7c5d0-23ca-11f0-97f8-1902f784caec
12473,Mitchell Evans,CAR,TE,Active,,23,1,84,Notre Dame,,,788b494d-d624-46ae-a956-81bd10f6a044
12474,Woody Marks,HOU,RB,Active,,25,1,4,USC,,,b900661b-b5df-47c8-819d-bb13b106a60b
12475,Ricky White,SEA,WR,Active,,24,1,86,UNLV,,,f2e485f8-ba20-4c1c-b279-41dcdcb28d03
12476,Devin Neal,NO,RB,Active,,23,1,24,Kansas,,,4ef874c1-50c3-4120-9199-0d5a4ae7c6dd
12477,Kurtis Rourke,SF,QB,Active,,25,1,14,Indiana,,,1b412617-dee5-4c07-bdfc-e26eeff7fe80
12478,Nick Nash,WAS,WR,Active,,26,1,19,San Jose State,,,e3e4c450-2466-11f0-aa27-6de335b6b2a0
12479,Ja'Quinden Jackson,PHI,RB,Active,,24,1,45,Arkansas,,,826620a0-249a-11f0-9302-cb167d81eff7
12480,Moliki Matavao,NO,TE,Active,,23,1,80,UCLA,,,140c137e-69f7-40a9-a92c-42e331b04109
12481,Cam Skattebo,NYG,RB,Active,,24,1,44,Arizona State,,,e1f0c72d-f4d0-4c24-93a4-8a12b9a2efd2
12482,Savion Williams,GB,WR,Active,,24,1,83,TCU,,,06fb642c-b10b-4b23-966a-13668a7c4426
12483,Jack Bech,LV,WR,Active,,23,1,18,TCU,,,01079767-a3a3-437d-b935-ea0ecb1fe68b
12484,Jayden Higgins,HOU,WR,Inactive,IR,23,1,81,Iowa State,,,f55444a9-ccad-4343-bb03-caca6ea3de99
12485,Tez Johnson,TB,WR,Active,Questionable,24,1,15,Oregon,,,ad756d40-39a0-4f5c-bbf5-f31f4c3ee0a6
12486,Dillon Gabriel,CLE,QB,Active,,25,1,6,Oregon,,,299d4fe8-188c-43d1-95d3-8a8f103da5c5
12487,Terrance Ferguson,LAR,TE,Active,,23,1,18,Oregon,,,fdfc7b8e-a202-4459-91f8-be6e053e5d29
12489,RJ Harvey,DEN,RB,Active,,25,1,12,UCF,,,fc6dbb83-b2b1-4962-b793-e79b2378b525
12490,Bhayshul Tuten,JAX,RB,Active,,23,1,33,Virginia Tech,,,26d4b13e-a555-4519-9356-cd16c65384e7
12491,Corey Kiner,ARI,RB,Active,,24,1,37,Cincinnati,,,c7483e80-2574-11f0-b082-a1e374c45b00
12492,Pat Bryant,DEN,WR,Active,,23,1,13,Illinois,,,2858209e-4aa7-4539-9901-99a4d881229c
12493,Oronde Gadsden,LAC,TE,Active,,23,1,86,Syracuse,,,6af50530-145a-4b34-946d-ce1a7f7d3166
12494,Kyle McCord,GB,QB,Active,,23,1,18,Syracuse,,,451c7689-4fc2-410a-a33f-22dfa2ab37d4
12495,Ollie Gordon,MIA,RB,Active,,22,1,0,Oklahoma State,,,42753bb4-a416-4d40-bf81-f20d2181be2f
12496,Tai Felton,MIN,WR,Active,,23,1,13,Maryland,,,1eeea030-3313-4aab-b33c-9f836710354a
12497,Tory Horton,SEA,WR,Active,Questionable,23,1,15,Colorado State,,,66dd47a3-fb5d-434f-a580-b2069e2904f8
12498,Mason Taylor,NYJ,TE,Active,,22,1,85,LSU,,,07d2be51-73c2-4f26-81d5-bc6e9b88bff2
12499,Elic Ayomanor,TEN,WR,Active,,23,1,5,Stanford,,,6c773a16-1a93-4845-a519-d56c85e0090f
125,Calais Campbell,BAL,DE,Active,,39,18,93,Miami (FL),11284,00-0026190,0333b8f0-3aab-45aa-a684-6d402a309413
12500,Quinn Ewers,MIA,QB,Active,Questionable,23,1,14,Texas,,,d89f0384-21a6-44e4-8aa6-324cb2103bf6
12501,Matthew Golden,GB,WR,Active,,23,1,0,Texas,,,d1963360-c011-4764-9a36-9e627073f68f
12502,Gunnar Helm,TEN,TE,Active,,23,1,84,Texas,,,beb69cba-f240-43ed-88d3-50d066cf55d4
12503,Isaiah Bond,CLE,WR,Active,,22,1,0,Texas,,,6ceb1330-795d-11f0-aadf-fbc926339e02
12504,Kaleb Johnson,PIT,RB,Active,,23,1,20,Iowa,,,9738de9a-7626-460f-a786-28433ef70a1f
12505,Jalen Royals,KC,WR,Active,,23,1,11,Utah State,,,0ef78810-a38b-4444-b3b9-fb8b293c567d
12506,Harold Fannin,CLE,TE,Active,,22,1,44,Bowling Green,,,8bdf2df7-b51c-4404-b153-8dc62b1e0845
12507,Omarion Hampton,LAC,RB,Active,,23,1,8,North Carolina,,,3e1b7908-79ee-4a23-97b9-5190725a2e5e
12508,Jaxson Dart,NYG,QB,Active,,23,1,6,Ole Miss,,,53848cba-bcad-4cd0-bb35-0a1f6ed111d1
12509,Tre' Harris,LAC,WR,Active,Questionable,24,1,9,Ole Miss,,,a45328a1-7d0e-451a-8176-ea30f0e1c86f
12510,Jalen Milroe,SEA,QB,Active,,23,1,6,Alabama,,,b0eb5b67-4ef2-462d-bfe7-e73bcce1f6b0
12511,Will Howard,PIT,QB,Active,,24,1,18,Ohio State,,,b8a1b579-3a7e-4858-960b-fbfaca8de613
12512,Quinshon Judkins,CLE,RB,Active,Questionable,22,1,10,Ohio State,,,268c6ae2-278b-49f8-b7cd-b367944412f3
12514,Emeka Egbuka,TB,WR,Active,Questionable,23,1,2,Ohio State,,,00cea287-1fa0-4584-803f-59f546ef8722
12515,Donovan Edwards,MIA,RB,Active,,23,1,36,Michigan,,,162f3110-24fe-11f0-9c33-270dfe4c58dc
12516,Kalel Mullings,TEN,RB,Active,Questionable,23,1,31,Michigan,,,9983d47b-c955-4546-882f-4bd2a2a5ad42
12517,Colston Loveland,CHI,TE,Active,,22,1,84,Michigan,,,62cd2cd5-8b40-4ee6-bfb8-0083edd105a2
12518,Tyler Warren,IND,TE,Active,Questionable,24,1,84,Penn State,,,c8fe3913-1210-4142-b9c1-c119ef702ca5
12519,Luther Burden,CHI,WR,Active,Questionable,22,1,10,Missouri,,,a4c21977-c9d1-40f8-abee-0862dfab9195
12520,Xavier Restrepo,TEN,WR,Active,,24,1,87,Miami (FL),,,3ac9d7c0-2560-11f0-af22-1731557928d7
12521,Elijah Arroyo,SEA,TE,Active,,23,1,18,Miami (FL),,,98bc7c8c-e6e4-4694-a0ef-d3f25274223e
12522,Cam Ward,TEN,QB,Active,,24,1,1,Miami (FL),,,3c76cab3-3df2-43dd-acaa-57e055bd32d0
12523,Jimmy Horn,CAR,WR,Active,,23,1,15,Colorado,,,f15872a6-7bc1-41e4-a2cd-0a2fbc432bf7
12524,Shedeur Sanders,CLE,QB,Active,,24,1,2,Colorado,,,270e09bc-8bf8-44b0-87ed-1fd014de4ab7
12526,Tetairoa McMillan,CAR,WR,Active,,23,1,4,Arizona,,,874de000-586c-4999-ac12-02766563e200
12527,Ashton Jeanty,LV,RB,Active,,22,1,2,Boise State,,,320fc4b7-76c7-43af-bbfd-1a22ba8f78cb
12529,TreVeyon Henderson,NE,RB,Active,,23,1,32,Ohio State,,,0d9788e6-03ee-416d-8ba2-deb57037d209
12530,Travis Hunter,JAX,WR,Active,,23,1,12,Colorado,,,4a975d4c-d7cd-45ef-b258-db45187140eb
12531,Trevor Etienne,CAR,RB,Active,,22,1,23,Georgia,,,39e2d13c-0fb7-465f-ad8b-0b4bb73e1124
12533,Jacory Croskey-Merritt,WAS,RB,Active,,25,1,22,Arizona,,,202b8be6-40d2-49ed-b256-312ac45ec70f
12534,Kyle Monangai,CHI,RB,Active,Questionable,24,1,25,Rutgers,,,6edec23b-f938-40f7-a151-1db5374880dd
12535,Isaac TeSlaa,DET,WR,Active,,24,1,18,Arkansas,,,41e5e4a9-f04c-462e-a1d1-e35a8115b974
12536,Jaylin Noel,HOU,WR,Active,Questionable,23,1,13,Iowa State,,,c4bab22e-a89a-41f6-b03a-07073a72f41b
12538,Brady Cook,NYJ,QB,Active,,24,1,4,Missouri,,,4916c770-2501-11f0-aed8-c154e65d4269
12539,Arian Smith,NYJ,WR,Active,,24,1,82,Georgia,,,8c7c7f4c-f8cc-4e02-aa0f-f794a1afd6ae
12540,Chimere Dike,TEN,WR,Active,,24,1,17,Florida,,,1e95c7fc-ecf7-4fcb-82d8-d77e2b6872d5
12541,Dont'e Thornton,LV,WR,Active,Questionable,23,1,10,Tennessee,,,483606b2-c0c9-4da2-8fcf-73d2615756c7
12542,Efton Chism,NE,WR,Active,,24,1,86,Eastern Washington,,,6704a490-2534-11f0-a084-3df705a62310
12543,Tahj Brooks,CIN,RB,Active,,24,1,25,Texas Tech,,,8d50af87-f6dc-42cb-a7e7-11716667a1dc
12544,LeQuint Allen,JAX,RB,Active,Questionable,22,1,5,Syracuse,,,14aedd06-41a6-41db-8c5e-05483f91570d
12545,Tyler Shough,NO,QB,Active,,26,1,6,Louisville,,,94b8f9e1-3109-4429-8f71-4f79d7588237
12547,Kyle Williams,NE,WR,Active,,23,1,8,Washington State,,,3aa9330e-5201-4e99-ba55-0102f76bfe05
12550,T.J. Maguranyanga,WAS,DE,Active,,23,1,59,,,,d180aee0-10b2-11f0-9c59-63cff113188c
12552,Walter Nolen,ARI,DL,Active,,22,1,97,Ole Miss,,,ec3a8edd-eda6-4cff-bd71-088a105f8a5a
12553,Josh Simmons,KC,OL,Active,,23,1,71,Ohio State,,,99d77967-23b4-4554-adfc-f208e83c64ae
12554,Tyleik Williams,DET,DL,Active,,23,1,91,Ohio State,,,7981290b-8045-4714-b19b-caffc04edc2c
12555,Donovan Jackson,MIN,OL,Active,,23,1,74,Ohio State,,,9288ff3b-b790-48b3-b463-f140a27d3654
12556,Donovan Ezeiruaku,DAL,DL,Active,,22,1,6,Boston College,,,31076b50-c01e-4cce-9898-8bd2b04cf6e4
12557,Jahdae Barron,DEN,DB,Active,,24,1,23,Texas,,,75dd276d-df54-4264-893c-aab76f3ae9b2
12558,Josh Conerly,WAS,OL,Active,,22,1,72,Oregon,,,2f744850-5943-45f3-8377-4f738f6d487d
12559,Shavon Revel,DAL,DB,Active,,25,1,28,East Carolina,,,385fc1f3-4dca-476d-85a6-c02929e8fc8c
12560,Shemar Stewart,CIN,DL,Active,Questionable,22,1,94,Texas A&M,,,8343b537-2507-495f-b6ee-7ba6fe582c3d
12561,Derrick Harmon,PIT,DL,Active,,23,1,99,Oregon,,,1fd56b66-3c11-4664-bb80-f0594f915923
12562,Nic Scourton,CAR,DL,Inactive,IR,21,1,11,Texas A&M,,,3eebb324-cdd9-4c19-b1b8-1e7649fe0737
12563,Grey Zabel,SEA,OT,Active,,24,1,76,North Dakota State,,,23fe2246-2d58-45cf-bc28-0b1086e3514a
12564,Kenneth Grant,MIA,DL,Active,Questionable,22,1,78,Michigan,,,b785d238-2bb5-4265-8559-a78646273ae7
12565,Will Johnson,ARI,DB,Active,,23,1,2,Michigan,,,1a568fbe-4efb-4f67-9866-9b0b4e40b344
12566,Jihaad Campbell,PHI,LB,Active,,22,1,11,Alabama,,,d57e75e5-bd90-41be-97e9-c2d2cea5512b
12567,Malaki Starks,BAL,DB,Active,,22,1,24,Georgia,,,5a92d12b-a8df-47fb-9d07-93a042702a36
12568,Jalon Walker,ATL,DL,Inactive,IR,22,1,11,Georgia,,,a1788f0e-f637-4333-846e-757b373b98a5
12569,Kelvin Banks,NO,OL,Active,,22,1,71,Texas,,,09d0e95b-d1b4-4068-9074-db8a06d1dd12
12570,Will Campbell,NE,OT,Active,,22,1,66,LSU,,,2401a7e1-9d02-4c0e-b711-debf988905a8
12571,Mike Green,BAL,DL,Active,,23,1,15,Marshall,,,55b34ff0-64f3-43c1-9030-47f52b9ad394
12572,Armand Membou,NYJ,OL,Active,,22,1,70,Missouri,,,de97d7e0-6d23-4088-b3d2-94d4166f532c
12573,Mason Graham,CLE,DL,Active,,22,1,94,Michigan,,,5efacd9e-be9e-4711-8101-e5579ba3274f
12574,Abdul Carter,NYG,DL,Active,,22,1,3,Penn State,,,95fa8be3-3be8-45bb-9475-60a444e1af74
12575,Seth McLaughlin,DET,OL,Active,,24,1,65,Ohio State,,,1e325ce0-22fe-11f0-a356-7595009c1109
12576,Benjamin Morrison,TB,DB,Active,,22,1,21,Notre Dame,,,33859ece-2c7f-4fe2-9c16-aff3c1e0b9e0
12577,Anthony Belton,GB,OT,Active,,25,1,71,North Carolina State,,,e45b8756-f7c9-4c79-8d0b-df8bb71155bd
12578,Carson Schwesinger,CLE,LB,Active,Questionable,23,1,49,UCLA,,,c81bb255-a30e-4488-9696-e624f0ff9042
12579,Jordan Burch,ARI,DL,Active,,24,1,52,Oregon,,,930464fc-202d-4592-9a04-ef830194cef0
12580,Landon Jackson,BUF,DL,Active,,23,1,94,Arkansas,,,0e8fa07d-6827-477a-acde-467568aa0c7d
12581,Darius Alexander,NYG,DL,Active,,25,1,91,Toledo,,,13a06c0d-d946-4a00-bd7a-e9131aaa09cb
12582,Marcus Mbow,NYG,OL,Active,,23,1,71,Purdue,,,ad2c13a0-d062-4c5a-a54e-065be6e9b0d7
12583,Oluwafemi Oladejo,TEN,DL,Active,,22,1,7,UCLA,,,215c9c0f-d492-4fdd-9a53-c3a9c52345a2
12584,Darien Porter,LV,DB,Active,,25,1,26,Iowa State,,,8a80dfe2-96c3-4183-89a9-b2525917c263
12585,James Pearce,ATL,DL,Active,Sus,22,1,27,Tennessee,,,1a3a8a05-9418-48ba-910e-db87caf00bfe
12586,Cameron Williams,PHI,OL,Active,,22,1,73,Texas,,,8b7504e3-c5ce-4e91-90d1-2bd8e975c5ed
12587,Joshua Farmer,NE,DL,Active,,23,1,92,Florida State,,,541acdf2-8f7e-4543-b344-d7d4a0ce783b
12588,Kevin Winston,TEN,DB,Active,,22,1,23,Penn State,,,1dd1308d-3ca4-4972-abc4-0dae40726900
12589,Charles Grant,LV,OL,Active,,24,1,60,William & Mary,,,473a43d5-e9d9-4317-ae02-9c565c9f4695
12590,Alfred Collins,SF,DL,Active,,24,1,95,Texas,,,d81084a7-c3bd-4746-883c-12797db9859a
12591,Xavier Watts,ATL,DB,Active,,24,1,31,Notre Dame,,,c28798ce-a253-434d-b312-7c95449fcb63
12592,Jared Wilson,NE,OL,Active,,23,1,55,Georgia,,,62a594a6-c41c-4771-8bef-8c51ee09dd17
12593,Jack Sawyer,PIT,DL,Active,,24,1,33,Ohio State,,,2743d973-5944-460c-b17c-b1e029b11af9
12594,JT Tuimoloau,IND,DL,Active,,23,1,91,Ohio State,,,2f930253-2560-4d50-aa9e-512fa00dc902
12595,Trey Amos,WAS,DB,Active,Questionable,24,1,23,Ole Miss,,,84d2fb0a-3277-49e4-8625-9640923f33ea
12596,Maxwell Hairston,BUF,DB,Active,,23,1,31,Kentucky,,,fee39f7c-63e9-4377-969f-a3e6aa520ebb
12597,Nick Emmanwori,SEA,DB,Active,Questionable,22,1,3,South Carolina,,,03af2f58-94a2-403d-b183-0ffad62795fa
12598,Jonah Savaiinaea,MIA,OL,Active,,22,1,71,Arizona,,,adf5a2b1-7aa8-4fae-b250-95f299bca688
12599,Tyler Booker,DAL,OL,Active,,22,1,52,Alabama,,,93cd9733-b72b-4129-a2a5-373e3dd0675a
12600,Aireontae Ersery,HOU,OL,Active,,24,1,79,Minnesota,,,5b31adf0-275a-4a0c-a19b-0b289d4bf299
12601,Azareye'h Thomas,NYJ,DB,Active,,22,1,1,Florida State,,,6aa62324-5bbb-4059-bd22-65ad7a8cdb74
12602,Mykel Williams,SF,DL,Active,PUP,22,1,98,Georgia,,,b53b3aa5-5ef4-4d54-a4f1-8be678e980d2
12603,Cobee Bryant,ATL,DB,Active,,24,1,37,Kansas,,,c8584970-2478-11f0-b52e-75a660006007
12604,Andrew Mukuba,PHI,DB,Active,,23,1,24,Texas,,,0cb34ce3-42de-42d3-88a4-d242e43b2e34
12605,Jacob Parrish,TB,DB,Active,,22,1,25,Kansas State,,,5c292ee4-9ffa-4ee3-afe6-d7ce5001b003
12606,Ozzy Trapilo,CHI,OL,Active,,24,1,75,Boston College,,,7b656870-9a01-46dc-8319-662333d74463
12607,Jamon Johnson,BAL,LB,Active,,24,1,48,Kentucky,,,67ffa300-250b-11f0-98d3-01166c061cfb
12608,Tyler Batty,MIN,DL,Active,,27,1,92,BYU,,,97dd6190-245a-11f0-8e0c-91ceb47b429a
12609,Fadil Diggs,NO,DL,Active,,24,1,40,Syracuse,,,5c0a3fa3-45eb-48f0-93de-7c03f47f760b
12610,Princely Umanmielen,CAR,DL,Active,,24,1,3,Ole Miss,,,33d3d9a0-1bac-4a33-b1f5-381f5634c988
12611,Lathan Ransom,CAR,DB,Active,,24,1,22,Ohio State,,,05179d37-cbaf-4ff1-9a24-c3d9194aab39
12612,T.J. Sanders,BUF,DL,Active,,23,1,98,South Carolina,,,78c91cbd-e8ab-42f9-bf92-6bc5f98a09f7
12613,Tate Ratledge,DET,OL,Active,,25,1,69,Georgia,,,9186aec0-6238-423f-aaa6-72a9e5fe2e89
12614,Shemar James,DAL,LB,Active,,22,1,50,Florida,,,5c012614-be18-4d9f-8134-112e40e5f54f
12615,Omarr Norman-Lott,KC,DT,Active,PUP,24,1,55,Tennessee,,,04648fce-0bba-40d4-98c0-e18c48e32567
12616,Shemar Turner,CHI,DE,Active,PUP,23,1,95,Texas A&M,,,c70d84d3-b202-42e3-8e6e-5d87170960aa
12617,Demetrius Knight,CIN,LB,Active,,26,1,44,South Carolina,,,f54f5e3b-da40-4296-a252-8e6a054b35ef
12618,Vernon Broughton,NO,DT,Active,,25,1,91,Texas,,,899433ed-9e60-4786-ac45-32c415da04c0
12619,Jonas Sanker,NO,DB,Active,,23,1,7,Virginia,,,910ab530-d255-47be-b041-135ee92b1abf
12620,Jamaree Caldwell,LAC,DT,Active,,25,1,99,Oregon,,,f2d4b707-f118-46b8-9697-e0506f29a987
12621,Josaiah Stewart,LAR,DE,Active,,23,1,10,Michigan,,,11a0dc4d-a8fa-44b4-a630-f2a0042268d6
12622,Nohl Williams,KC,CB,Active,,23,1,20,California,,,7d2f964c-1e5d-4f13-a169-62b4a9e35f2c
12623,Ashton Gillotte,KC,DE,Active,Questionable,23,1,97,Louisville,,,ccc1bab9-c77d-4d01-857f-9b240b86301a
12624,Caleb Rogers,LV,OL,Active,,24,1,76,Texas Tech,,,11f0ddf7-c98d-4e93-88ff-0f90607131b1
12625,Justin Walley,IND,CB,Active,,23,1,27,Minnesota,,,90e8fdb2-7758-4293-b25c-0c6d6255261c
12626,Jaylin Smith,HOU,CB,Active,,22,1,22,USC,,,65a9a4da-5aac-4596-ba66-ec3e467463b8
12627,Dylan Fairchild,CIN,OL,Active,,23,1,63,Georgia,,,72992c08-4d3c-4838-9dd0-4bcd4d8bdafa
12628,Sai'vion Jones,DEN,DE,Active,,23,1,95,LSU,,,51b134e9-4aed-4dfc-a2dd-ed03f42b3c0e
12629,Emery Jones,BAL,OL,Active,,22,1,51,LSU,,,1e78b112-7458-42ca-8b50-5ef0b154e8de
12630,Nick Martin,SF,LB,Active,,23,1,45,Oklahoma State,,,47d7bf64-314d-4f9a-a0b4-d928efc7d0da
12631,Upton Stout,SF,CB,Active,,24,1,20,Western Kentucky,,,c2e8a5f9-98db-4f9d-8720-c919db450134
12632,Caleb Ransaw,JAX,DB,Active,,23,1,27,Tulane,,,12a65657-e762-4238-a080-147f21e6a962
12633,Wyatt Milum,JAX,OL,Active,Questionable,23,1,64,West Virginia,,,fb2dac4a-ee97-458c-856e-702d2fea5c64
12634,Jordan Watkins,SF,WR,Active,,24,1,17,Ole Miss,,,bd65c350-6044-415a-8749-e70a3b8f86e2
12635,Tonka Hemingway,LV,DT,Active,,24,1,97,South Carolina,,,9808be58-a38d-463c-9d9c-537c0a03fb55
12636,Que Robinson,DEN,LB,Active,,25,1,51,Alabama,,,9d313477-3091-403a-a1d6-1f1e7e5ac4c4
12637,Ruben Hyppolite,CHI,LB,Active,Questionable,24,1,47,Maryland,,,8da4c940-6483-46e7-af3b-c49e8d2355c7
12638,Quincy Riley,NO,CB,Active,Questionable,25,1,29,Louisville,,,3edaf8a7-e949-4f9b-be56-e0bf627ee7eb
12639,Malachi Moore,NYJ,DB,Active,,24,1,27,Alabama,,,469e4a2a-d6f0-49fc-bd82-42e88356530a
12640,Teddye Buchanan,BAL,LB,Active,Questionable,23,1,40,California,,,3dbb3f2f-f605-4a09-bced-2c45d985c994
12641,Jaylin Lane,WAS,WR,Active,,24,1,83,Virginia Tech,,,2ec24c7a-8d5d-453a-b45d-03eb27c645d0
12642,Jalen Travis,IND,OT,Active,,24,1,75,Iowa State,,,7b82ad68-1f3e-44fa-a43f-fcbad0be05bc
12643,Kyle Kennard,LAC,DE,Active,,24,1,54,South Carolina,,,83573dd8-c19e-4e20-9c3d-056418bf3842
12644,Barryn Sorrell,GB,DE,Active,,23,1,99,Texas,,,6120d1a4-44bb-478d-8911-a7543418f1ad
12645,David Walker,TB,LB,Active,,26,1,51,Central Arkansas,,,d5b3eaa3-b6ad-4794-ad61-6a9293a71738
12646,Barrett Carter,CIN,LB,Active,,23,1,49,Clemson,,,92ddcecf-9837-460b-9117-b3ec5447e356
12647,Billy Bowman,ATL,DB,Active,PUP,23,1,33,Oklahoma,,,4f423d1f-622b-45e7-a8c7-18d37d27978b
12648,Cody Simon,ARI,LB,Active,,24,1,0,Ohio State,,,bb0b9a85-f3f0-40e5-86fe-0434494caf17
12649,C.J. West,SF,DT,Active,,24,1,99,Indiana,,,4e1e4a5a-a8c2-45e8-8c0b-c8ac10724666
12650,Danny Stutsman,NO,LB,Active,,23,1,28,Oklahoma,,,1dea6eaf-2631-4fa0-80a8-476bbd93af92
12651,Ty Robinson,PHI,DT,Active,,25,1,95,Nebraska,,,193ab2af-e24e-4abc-aad7-196328445984
12652,Deone Walker,BUF,DT,Active,,22,1,96,Kentucky,,,9514d4d4-f32a-477d-9eda-a76ae9e28a77
12653,Jack Kiser,JAX,LB,Active,Questionable,25,1,54,Notre Dame,,,870b148e-5abc-4dcf-a70c-db0df4b4dd75
12654,Craig Woodson,NE,DB,Active,,25,1,4,California,,,2ed92c83-4e76-4632-abb8-704a2c6c6a2c
12655,Tyler Baron,NYJ,DE,Active,PUP,24,1,94,Miami (FL),,,8dcb1e01-e200-4ba0-be45-1dc8871d9838
12656,Robbie Ouzts,SEA,RB,Inactive,IR,23,1,40,Alabama,,,fc472cd5-1a00-4bd9-ab41-6eb7e50f0d21
12657,Denzel Burke,ARI,CB,Active,,23,1,29,Ohio State,,,51d70da6-cd09-4f2d-8b1a-1a458bea1d8a
12658,Jackson Hawes,BUF,TE,Active,,25,1,85,Georgia Tech,,,87304bcd-83f1-4e59-b9cb-6474f7e0dc01
12659,Chris Paul,SEA,LB,Active,,23,1,49,Ole Miss,,,6e74b967-c938-44d8-97df-c15086086938
12660,Miles Frazier,DET,OG,Active,,24,1,71,LSU,,,9ab1bdad-1be3-4d08-b982-c9e173192a66
12661,Jordan Hancock,BUF,DB,Active,,23,1,37,Ohio State,,,29c9a3bb-69ff-4c45-8db3-08ca6d558342
12663,Drew Kendall,PHI,C,Active,,24,1,66,Boston College,,,3b1c43d0-8442-4103-8bc2-952bedc44639
12664,Jackson Slater,TEN,OL,Active,,23,1,64,Sacramento State,,,60c2c49f-59b8-44c6-8760-2b3418e35f74
12665,Yahya Black,PIT,DT,Active,,24,1,94,Iowa,,,9331aafb-e40a-4b33-8f8c-d2c1fb798782
12666,Kiko Mauigoa,NYJ,LB,Active,,23,1,51,Miami (FL),,,8b7b163e-d0a7-4dde-b7b5-8da96d220e5d
12667,Smael Mondon,PHI,LB,Active,,23,1,42,Georgia,,,980ab578-c9d3-4ba5-912d-b723e5b6a0fb
12668,Marques Sigle,SF,DB,Active,,24,1,36,Kansas State,,,617c4aee-a205-49de-8a16-655bb6f08143
12669,Collin Oliver,GB,DE,Active,,23,1,45,Oklahoma State,,,06b22647-5eb6-4e2b-9943-cda9758305c8
12670,KeAndre Lambert-Smith,LAC,WR,Active,,24,1,84,Auburn,,,2f6580d2-6f19-4a03-99e8-4dbd9ebf2a73
12671,Elijah Roberts,TB,DT,Active,,24,1,95,SMU,,,5ab83529-db28-47c6-80a7-6d42401ddb51
12672,Jeffrey Bassa,KC,LB,Active,,23,1,31,Oregon,,,fb38f3cd-8e90-4c41-b10e-0ed37d97c3bc
12673,Dante Trader,MIA,DB,Active,,23,1,11,Maryland,,,a4eabafc-a847-4a0d-8f67-28d3b422c14f
12674,Jalen Rivers,CIN,OL,Active,,23,1,74,Miami (FL),,,d0769740-ecfe-4f86-a953-8410ba27fc5d
12675,Jason Marshall,MIA,CB,Active,,23,1,33,Florida,,,93c12de7-1d9c-44a3-aaf4-0382eae0d917
12676,Ty Hamilton,LAR,DT,Active,,24,1,57,Ohio State,,,cf6d1752-4c9d-4960-ba59-74cdd16c332a
12677,Bradyn Swinson,NE,DE,Active,,24,1,43,LSU,,,84863fc2-015f-49b6-9d68-23cca7096d9c
12678,Mac McWilliams,PHI,CB,Active,,24,1,22,UCF,,,c603e45d-8112-4553-be24-42c3e0d858b5
12679,Jordan Phillips,MIA,DL,Active,,22,1,94,Maryland,,,b8c1665f-5e43-4370-88b8-a73a6dee7a23
12680,Rylie Mills,SEA,DL,Active,,25,1,98,Notre Dame,,,29a06739-05aa-45e9-ba8f-cb4a7e7d975a
12681,Carson Vinson,BAL,OT,Active,,24,1,76,Alabama A&M,,,27ead256-ba00-4316-a06f-63e18f18d230
12682,Cam Jackson,CAR,DT,Active,,24,1,99,Florida,,,194fc092-1fd9-4723-9bef-57658a002b76
12683,Tyrion Ingram-Dawkins,MIN,DE,Active,,23,1,90,Georgia,,,1a5dd0e3-f01b-4330-a711-3f00c8d1cad5
12684,Kain Medrano,WAS,LB,Active,,25,1,56,UCLA,,,951a4569-432c-4f85-8623-5d6c06e4e1df
12685,Bryce Cabeldue,SEA,OT,Active,,24,1,77,Kansas,,,0d3647a8-10fc-4aba-b8a4-697de51acc0b
12686,Chase Lundt,BUF,OL,Active,,26,1,77,UConn,,,3761b3b7-4702-442c-bf1a-a7645005c08c
12687,Dorian Strong,BUF,CB,Inactive,PUP,24,1,43,Virginia Tech,,,fb62cc43-b6b8-4498-81b5-747ade6d0efa
12688,Cam Miller,MIA,QB,Active,,25,1,15,North Dakota State,,,065b4e2a-5071-4b33-aef8-0b3eb99dce35
12689,JJ Pegues,LV,DT,Active,,24,1,92,Ole Miss,,,c4ea4298-027d-47c6-b1c7-7cb7a4c1bd6a
12691,Tim Smith,IND,DL,Active,,24,1,93,Alabama,,,531330e7-3326-4ebd-90f8-004c4ea2edca
12692,Hayden Conner,ARI,OL,Active,,24,1,58,Texas,,,e46a540f-cab7-4b05-aa55-e43d80c4a45a
12693,Jeremy Crawshaw,DEN,P,Active,,25,1,16,Florida,,,640f28f2-9365-44f2-bbfb-29730dfe8c90
12694,RJ Mickens,LAC,DB,Active,,25,1,27,Clemson,,,9fafb31c-10c8-4299-822c-8d532904b6fb
12695,Robert Longerbeam,BAL,DB,Active,,25,1,37,Rutgers,,,ee2fdc5e-e57f-4ce7-b64f-f54f6932b3be
12696,Aeneas Peebles,BAL,DT,Active,Questionable,24,1,90,Virginia Tech,,,763488fa-9768-4624-89f2-bec0baba7334
12697,Antwaun Powell-Ryland,CIN,DE,Active,,24,1,56,Virginia Tech,,,63ddbf22-f7f5-4552-8617-142b2417ee64
12698,Ajani Cornelius,DAL,OL,Active,,24,1,65,Oregon,,,4fca4849-045d-4516-a6e5-dbf94b820b5a
12699,LaJohntay Wester,BAL,WR,Active,,24,1,10,Colorado,,,f4e1d4de-95e9-452e-95ab-3555989d90bb
12700,Gavin Bartholomew,MIN,TE,Active,,23,1,86,Pittsburgh,,,c1b41bdc-c726-4ee5-910f-b5e4a00412a3
12701,Kobe King,NYJ,LB,Inactive,IR,23,1,45,Penn State,,,22b01678-952c-4923-b1a9-1249aa1e0791
12702,Rayuan Lane,JAX,DB,Active,,23,1,25,Navy,,,6f511f3c-2288-4726-8fff-39cd874907dd
12703,Branson Taylor,LAC,OL,Active,,24,1,71,Pittsburgh,,,b901f0a9-51f6-48ac-b4fa-4417e12212dd
12704,Warren Brinson,GB,DL,Active,,24,1,91,Georgia,,,93246c54-f4ab-43bf-8666-bb7c1895b544
12705,Graham Mertz,HOU,QB,Inactive,IR,25,1,18,Florida,,,54cfd592-9878-4ac3-ab29-f00f8b2e9440
12706,Ahmed Hassanein,DET,DE,Active,,24,1,99,Boise State,,,02f4a8d3-3236-4e3b-a760-960bef3d3714
12707,Luke Newman,CHI,OG,Active,,24,1,65,Michigan State,,,dc9f346f-cb89-4c68-b6f8-ab7f0e971224
12708,Jalen McLeod,JAX,DE,Active,,24,1,35,Auburn,,,89c2a23b-613c-4131-986a-2c274340847a
12709,Myles Hinton,PHI,OT,Active,,24,1,78,Michigan,,,44f764e5-d32e-4cc9-a2d1-bd0e77fc8654
12710,Jaylen Reed,HOU,DB,Active,IR,23,1,23,Penn State,,,ba695d50-4e27-4804-91ed-4ec9321b3346
12711,Tyler Loop,BAL,K,Active,,25,1,33,Arizona,,,a6b8b5d3-a2f2-4532-ade3-dc122b6b240c
12712,Marcus Harris,TEN,DB,Active,,25,1,26,California,,,bf0296be-fea7-4629-99f7-b91793a744c1
12713,Andy Borregales,NE,K,Active,,23,1,36,Miami (FL),,,80dce1ba-c997-47e6-a37e-e92fefcbdc1b
12714,Bilhal Kone,BAL,CB,Active,,24,1,31,Western Michigan,,,befc6f0c-3f07-4852-b719-01ae6cb1dc7d
12715,Thomas Fidone,NYG,TE,Active,,23,1,86,Nebraska,,,0e21445d-6318-43ce-ba78-310ee648b602
12716,Korie Black,NYG,CB,Active,,24,1,38,Oklahoma State,,,af0644a7-0d19-462d-85e6-36aac0d39f8b
12717,Trikweze Bridges,DAL,DB,Active,,25,1,25,Florida,,,bccb01d6-0ee2-43a3-a230-0e669b089a22
12718,Konata Mumpfield,LAR,WR,Active,,23,1,4,Pittsburgh,,,ccb6d700-ac74-4f6b-9f86-d1aa74d0c318
12719,Mason Richman,SEA,OL,Active,,24,1,78,Iowa,,,e676e6be-88c7-4386-bf48-de8293cc3ba2
12720,Zeek Biggers,MIA,DL,Active,,22,1,93,Georgia Tech,,,d5a77794-304b-4d30-91cf-beaedb7be14b
12721,Kaden Prather,GB,WR,Active,,23,1,89,Maryland,,,557ec8cb-2700-4dcb-8d5e-db0e0e5a8ef5
12722,Cody Lindenberg,LV,LB,Active,,24,1,55,Minnesota,,,c2a6d8cb-26f5-4b44-9a2a-a29c5d8a6446
12723,Hunter Wohler,IND,DB,Active,,23,1,30,Wisconsin,,,9a8eac53-759b-4594-bec9-cecd5b296760
12724,Kyonte Hamilton,HOU,DL,Active,,23,1,58,Rutgers,,,21441b4b-dd79-4845-93d6-725ca427d6fb
12726,Kobee Minor,NE,DB,Active,,24,1,19,Memphis,,,14c1358f-13fa-4acf-bf4c-f943d153cdcb
12727,Julian Ashby,NE,LS,Active,,24,1,47,Vanderbilt,,,50f0d828-e3d0-4aba-8fe6-19d7fad8db3b
12728,Marcus Bryant,NE,OL,Active,,24,1,52,Missouri,,,6489477f-6f6d-4d9a-a5af-1ab10234fcee
12729,John Williams,GB,OL,Active,,24,1,73,Cincinnati,,,550faa56-ac7d-45ca-b4f4-23f98cfce035
12730,Micah Robinson,TEN,CB,Active,,24,1,21,Tulane,,,9362edb6-b774-4f56-be92-234da2567364
12731,Dan Jackson,DET,DB,Active,,25,1,17,Georgia,,,3efcc497-81cd-44be-8bc3-8930d13868b0
12732,Dominic Lovett,DET,WR,Active,,23,1,19,Georgia,,,fb855b6b-16ca-4224-8e05-bcd9e51e7230
12733,Carson Bruener,PIT,LB,Active,,25,1,44,Washington,,,5d19be5f-da33-4d86-b910-06e4ccd7f0c7
12734,Donte Kent,PIT,CB,Active,PUP,24,1,34,Central Michigan,,,87d18965-9526-474f-8657-4fe8c3f5c8a2
12735,Caleb Lohner,DEN,TE,Active,Questionable,24,1,84,Utah,,,88a09f4b-3cc1-4e70-bf4c-9b1503ecb89f
12736,Kitan Crawford,ARI,DB,Active,,24,1,36,Nevada,,,4c752c92-6699-40b0-b436-035f152af376
12737,Jay Toia,DAL,DT,Active,,23,1,93,UCLA,,,09ab3357-370f-4d35-abfe-4576d00e5c87
12738,Phil Mafah,DAL,RB,Active,Questionable,23,1,37,Clemson,,,54b97d06-1639-46a3-9dcc-67320687281d
12741,Garrett Dellinger,TEN,OG,Active,,24,1,71,LSU,,,daa8dbd3-c481-4f67-bff2-218166e3d176
12742,Connor Colby,SF,OL,Active,,23,1,75,Iowa,,,0ed4e34e-cf29-4579-ad3b-c5c94c701d22
12743,Junior Bergen,NYJ,WR,Active,,23,1,30,Montana,,,b67ab6d1-bed0-4dd0-a21a-d4108fc07711
12744,Jonah Monheim,JAX,OL,Active,,24,1,60,USC,,,34443a84-e648-4e8c-8ec8-af2a6e76d64f
12746,JP Richardson,CHI,WR,Active,,24,1,83,TCU,,,46e7a540-22fa-11f0-9b1e-5bbc697f9f6c
12747,Power Echols,SEA,LB,Active,,23,1,47,North Carolina,,,78ad74c0-22f9-11f0-8b9f-6ddb00adf3a1
12748,Major Burns,MIA,DB,Active,,24,1,43,LSU,,,b40add10-22f8-11f0-b42c-b17b086f009d
12751,Howard Cross,CIN,DT,Active,,25,1,95,Notre Dame,,,07051810-22fd-11f0-92ef-d17a727f23b3
12752,Eric Gregory,NE,DT,Active,,25,1,95,Arkansas,,,77ece710-22fd-11f0-98e7-ab292e2d0219
12754,Drew Moss,TEN,OL,Active,,23,1,67,Colorado State,,,26d8a2c0-22fc-11f0-8ef7-9d1c6b97ed67
12756,Stephen Gosnell,BUF,WR,Active,,24,1,89,Virginia Tech,,,381cb720-2305-11f0-99f5-cb5671881b43
12759,Jacob Bayer,CIN,C,Active,,23,1,69,Arkansas State,,,f914a0e0-2306-11f0-b9e0-0930e26afc7b
12761,Jordan Moore,CIN,WR,Active,,24,1,14,Duke,,,5de30070-2302-11f0-991a-67346bf4b94b
12763,Jakob Robinson,SF,CB,Active,,25,1,43,BYU,,,0f78cd80-2301-11f0-9ada-6f0f03a59a12
12764,Keonta Jenkins,BUF,LB,Active,,24,1,49,Virginia Tech,,,10cef890-230a-11f0-96b2-7337577f8157
12765,Keleki Latu,BUF,TE,Active,,24,1,83,Washington,,,839e8540-2308-11f0-aa64-8d9c47758cf0
12767,Daryl Porter,PIT,DB,Active,,24,1,27,Miami (FL),,,b8708350-2307-11f0-b5cd-e3ccdf0c825a
12770,Johnny Walker,DEN,DE,Active,,24,1,59,Missouri,,,770d7e60-230f-11f0-8e89-839bb4abee21
12772,Courtney Jackson,TEN,WR,Active,,25,1,39,Arkansas State,,,ce81b780-230d-11f0-912b-791b89a31e3d
12773,DJ Uiagalelei,LAC,QB,Active,,25,1,7,Florida State,,,afaf9a70-2312-11f0-be9a-5f5a7ddcdf04
12774,Joe Huber,MIN,OG,Active,,24,1,60,Wisconsin,,,7ace3310-2313-11f0-bc3a-911fc8f8cbe7
12775,Max Brosmer,MIN,QB,Active,Questionable,25,1,12,Minnesota,,,921d4a00-230f-11f0-8931-09b8041f90bf
12776,Connor Bazelak,TB,QB,Active,,25,1,16,Bowling Green,,,81b0e840-2317-11f0-9c65-b965c8884c48
12777,Joaquin Davis,PIT,WR,Active,,24,1,89,North Carolina Central,,,11288610-2311-11f0-833e-6da5d4b3f0d4
12780,Xavier Truss,NO,OT,Active,,25,1,74,Georgia,,,98c83840-2311-11f0-ad28-ef1406ce86e0
12781,Karene Reid,DEN,LB,Active,,26,1,47,Utah,,,ce3022d0-2312-11f0-bb1a-c5184cf675c9
12782,Brandon Crenshaw-Dickson,TEN,OT,Active,,25,1,78,Florida,,,941ca700-2310-11f0-a693-43915fa67f2c
12783,Donovan McMillon,CLE,DB,Active,,24,1,31,Pittsburgh,,,2c001bf0-2317-11f0-aeaa-cdcf4993617b
12787,Josh Williams,TB,RB,Active,,25,1,18,LSU,,,bfb346f0-2318-11f0-81b8-b7cb2fd8d89b
12788,Will Sheppard,GB,WR,Active,,24,1,82,Colorado,,,f11d3370-231a-11f0-a1dc-9b31b16c65b0
12789,Ben Scott,TB,OL,Active,,25,1,66,Nebraska,,,04508a20-2323-11f0-a339-45199fe528fc
12790,John Bullock,TB,LB,Active,,25,1,30,Nebraska,,,574e4ef0-2324-11f0-b336-c9f528e63216
12792,Garrett Greene,TB,QB,Active,,24,1,85,West Virginia,,,8886bd70-2321-11f0-8da8-b92c52fc103b
12794,Benjamin Chukwuma,TB,OL,Active,,25,1,70,Georgia State,,,ab423af0-2322-11f0-8f6d-754ae693dbf1
12795,Jake Majors,PHI,OL,Active,,24,1,75,Texas,,,e105ec00-2321-11f0-af0c-bf7956c09e7a
12796,Roman Parodie,TB,CB,Active,,24,1,37,Ohio,,,ef2740c0-2323-11f0-9cec-d94d12319afe
12797,Ahmani Marshall,CLE,RB,Active,,24,1,23,Appalachian State,,,c18cabc0-2321-11f0-80a0-bb24566134d1
12798,Josh Fryar,ARI,OL,Active,,24,1,78,Ohio State,,,4c94b640-2322-11f0-b7ba-bd45e49b4e1c
12799,Bryson Green,ARI,WR,Active,,23,1,39,Wisconsin,,,59f1f7b0-2324-11f0-a011-e5acc5357859
12801,TeRah Edwards,LAC,DL,Active,,25,1,96,Illinois,,,8e7828a0-2384-11f0-80dd-21a09902394a
12803,Luke Grimm,LAC,WR,Inactive,IR,25,1,87,Kansas,,,d6933d60-238d-11f0-b20f-f13e07eacbeb
12808,Brandon George,PHI,LB,Active,,25,1,45,Pittsburgh,,,5b1803e0-23a2-11f0-aa42-af87cf00c6ae
12809,Mac Dalena,BUF,WR,Active,,24,1,82,Fresno State,,,6e03aec0-23a0-11f0-900b-373ee4a86a01
12811,Esa Pole,KC,OT,Active,,25,1,79,Washington State,,,9f8a0010-23a6-11f0-b68e-f3457b37f11f
12814,Josh Kaltenberger,LAC,OL,Active,,25,1,68,Maryland,,,3436b400-23ad-11f0-b28b-d1b1866410c3
12816,Dalton Cooper,GB,OT,Active,,25,1,78,Oklahoma State,,,1f66d210-23aa-11f0-8981-b32f195cd5a2
12817,Jake Briningstool,KC,TE,Active,,23,1,88,Clemson,,,46190530-23ab-11f0-a8c1-91b88a8cabac
12819,Kevin Knowles,KC,DB,Active,,23,1,35,Florida State,,,d6920940-23ab-11f0-92c8-a5c84f732fb0
12822,Marshall Foerner,TB,OL,Active,,25,1,74,Minnesota State,,,2b4f02e0-23b0-11f0-8c51-49597546a63c
12826,Ulysses Bentley,IND,RB,Active,,25,1,37,Ole Miss,,,f71d0370-23b2-11f0-b632-8947e146a0ae
12827,Myles Purchase,LAC,DB,Active,,23,1,41,Iowa State,,,c5766270-23b8-11f0-b346-0de67f8c5704
12829,Coleman Owen,IND,WR,Active,,25,1,9,Ohio,,,a9afb800-23ba-11f0-aa7d-833b948e6c02
12835,Marlowe Wax,LAC,LB,Active,,23,1,58,Syracuse,,,f7296c40-23c2-11f0-9b0d-fd7bc65a922c
12836,Trey Washington,IND,DB,Active,,23,1,41,Ole Miss,,,6392c9f0-23c1-11f0-908f-95658bbc5a4b
12838,Nikko Reed,LAC,DB,Active,,23,1,46,Oregon,,,441f06f0-23cc-11f0-aeb7-39a1d644c2f5
12840,Eric Rogers,LAC,DB,Active,,24,1,39,Rutgers,,,9c77de40-23cb-11f0-ba1d-ad6924f0cecc
12841,Garmon Randolph,LAC,LB,Active,,25,1,97,Baylor,,,f475c020-23d1-11f0-a1b4-0388130a8f25
12842,Timothy McKay,JAX,OG,Active,,24,1,68,North Carolina State,,,2b354b70-23d3-11f0-bc60-4fa0c666c71f
12844,Ricky Barber,WAS,DT,Active,,25,1,50,UCF,,,a0219640-23d4-11f0-9080-13f0cf122124
12845,Car'lin Vigers,WAS,CB,Active,,26,1,37,Louisiana-Monroe,,,bb43c680-23d6-11f0-b568-734f69bd9c86
12847,Robert McDaniel,TB,CB,Active,,25,1,39,Jackson State,,,d63b6bb0-23d5-11f0-a537-bf0cb87313e6
12848,Josh Kelly,HOU,WR,Active,,25,1,85,Texas Tech,,,24e3eab0-23d8-11f0-addb-1faae35f163c
12851,Rivaldo Fairweather,ARI,TE,Active,,24,1,45,Auburn,,,c9632a00-23d9-11f0-b8a8-a915ca67495b
12853,Justin Barron,DAL,LB,Active,,24,1,45,Syracuse,,,265c3bc0-2439-11f0-8939-314790007249
12855,Alijah Clark,DAL,DB,Active,,23,1,38,Syracuse,,,503614b0-243a-11f0-a456-558ce379768a
12856,Zion Childress,DAL,DB,Active,Questionable,24,1,48,Kentucky,,,c25a50c0-2439-11f0-91d4-0ba1f9234b62
12860,Theo Wease,MIA,WR,Active,,25,1,81,Missouri,,,277f6ff0-2442-11f0-ac20-e1591f73b631
12861,Ethan Robinson,MIA,DB,Inactive,IR,23,1,38,Minnesota,,,6755e070-2445-11f0-b997-a7fe490bd02d
12862,Josh Priebe,MIA,OL,Active,,25,1,68,Michigan,,,70b14580-2443-11f0-a86e-3b1a4cc4e53d
12863,Andrew Armstrong,KC,WR,Active,,25,1,85,Arkansas,,,8e353ae0-2442-11f0-b1aa-45a8da233bc0
12865,AJ Henning,MIA,WR,Active,,24,1,88,Northwestern,,,a52b06e0-2441-11f0-a9f9-9516d6719f8f
12871,Eugene Asante,ARI,LB,Active,,,1,53,Auburn,,,a4084a10-2447-11f0-8696-e5dff0296473
12872,John Saunders,NE,DB,Active,,24,1,23,Ole Miss,,,bea720e0-2446-11f0-8c23-0ba26e76f291
12873,Alex Huntley,MIA,DT,Active,,24,1,96,South Carolina,,,d5980380-2448-11f0-a59d-bd350912bf48
12876,Maxen Hook,SEA,DB,Active,,25,1,43,Toledo,,,d4506420-244f-11f0-802f-d5220dac29bc
12878,Logan Brown,SEA,OT,Active,,25,1,73,Kansas,,,0b056720-245c-11f0-8359-9dcfccb28966
12879,Chaz Chambliss,MIN,DE,Active,,23,1,57,Georgia,,,5a00fa10-245c-11f0-bd01-e9abfbd27879
12883,Joshua Simon,ATL,TE,Active,,25,1,47,South Carolina,,,45892890-246c-11f0-9194-77c874aa65db
12884,Quincy Skinner,NYJ,WR,Active,,23,1,18,Vanderbilt,,,ab7254b0-246c-11f0-a479-43ecd63a7ee8
12885,Dontae Manning,CHI,CB,Active,,24,1,27,Oregon,,,f68df8e0-246d-11f0-ab8d-696de97c4129
12886,Jeremiah Byers,CLE,OL,Active,,25,1,63,Florida State,,,f1e9b670-2473-11f0-8cd3-ab90829680ad
12887,Joshua Gray,MIN,OL,Active,,26,1,79,Oregon State,,,a6a3e310-2474-11f0-9d75-5b9f469eea9d
12888,Dalen Cambre,NYG,WR,Active,,25,1,83,Louisiana,,,01503bc0-247e-11f0-b5b5-5dec6993a22b
12889,Beaux Collins,ATL,WR,Active,,23,1,81,Notre Dame,,,24597d60-247a-11f0-8324-3170fad3f2ab
12892,Da'Quan Felton,NYJ,WR,Active,Questionable,25,1,30,Virginia Tech,,,85f39de0-247e-11f0-af0b-450704afaebc
12897,Nathan Carter,ATL,RB,Active,,24,1,38,Michigan State,,,be0e5b20-2479-11f0-8e28-d7828261d278
12899,Doneiko Slaughter,PIT,DB,Active,,24,1,19,Arkansas,,,0b435250-248f-11f0-8214-55b85fca5661
12900,Danny Striggow,JAX,DL,Active,,24,1,92,Minnesota,,,5e0ccf70-248a-11f0-9af8-5551b3d63edf
12901,Patrick Herbert,JAX,TE,Active,,25,1,88,Oregon,,,6cb523f0-248b-11f0-a52e-eb5362e96484
12902,Ethan Downs,KC,DE,Inactive,IR,23,1,40,Oklahoma,,,7a6204a0-2490-11f0-84cb-1f27379fd896
12906,Cam Camper,NYJ,WR,Active,,25,1,88,Boise State,,,a18c5450-2499-11f0-a4b6-a99558c73b4d
12907,Quentin Skinner,BUF,WR,Active,,24,1,38,Kansas,,,ee038220-24a0-11f0-a252-fd4c4ee58846
12908,Chandler Brayboy,JAX,WR,Active,,25,1,15,Elon,,,1aaa7e70-249a-11f0-911c-335182558d13
12909,Eli Pancol,IND,WR,Active,,26,1,83,Duke,,,2b89f6e0-249e-11f0-8ecb-33c8d222dbba
12910,B.J. Green,JAX,DE,Active,,23,1,95,Colorado,,,514c5db0-249d-11f0-9b4f-d5662bbb2887
12911,Keivie Rose,JAX,DL,Active,,25,1,97,Arkansas,,,5d1dcbd0-249b-11f0-9d05-2f208fd62ab5
12912,Cam'Ron Silmon-Craig,JAX,DB,Active,,23,1,42,Colorado,,,83b67190-249e-11f0-9bac-31f52badb781
12916,Jabbar Muhammad,JAX,CB,Active,,24,1,37,Oregon,,,ea1deae0-249d-11f0-bfee-1b4de76fc49e
12917,Branson Combs,JAX,LB,Active,,26,1,50,Wake Forest,,,ff9ef130-249c-11f0-8c08-114b3355c43b
12918,Valentin Senn,ARI,OL,Active,,26,1,69,UConn,,,088bad90-24a9-11f0-8df1-21c1ba5ce671
12919,Elijah Simmons,TB,DL,Active,,25,1,92,Tennessee,,,ba329c30-24a8-11f0-b15a-a9504ed0c049
12920,Dean Clark,NYJ,DB,Active,,25,1,35,Fresno State,,,b3161f70-24fe-11f0-95dd-439d3ee090de
12923,Jordan Clark,NYJ,DB,Active,,25,1,33,Notre Dame,,,50b0d800-2500-11f0-8ae1-fb7a38cec501
12924,Fatorma Mulbah,MIA,DL,Active,,,1,95,West Virginia,,,d3b72bf0-2500-11f0-9ac6-018f8b86e35f
12925,Jamaal Pritchett,NYJ,WR,Active,,23,1,81,South Alabama,,,d9981370-2502-11f0-8ac8-c31e8098aeb4
12927,Nazir Stackhouse,GB,DL,Active,,24,1,93,Georgia,,,0dd9d3e0-250c-11f0-8fb6-cb407e763387
12928,Amar Johnson,LAC,RB,Active,,23,1,35,South Dakota State,,,9ec3d420-250a-11f0-aaad-b190600d09cf
12929,Brant Banks,GB,OT,Active,,26,1,72,Rice,,,cd176370-250d-11f0-9f33-c3cb88364dad
12931,Johnathan Baldwin,GB,DB,Inactive,IR,23,1,37,UNLV,,,d5717000-2509-11f0-b726-7de0ae623782
12933,Caden Prieskorn,CAR,TE,Active,,26,1,40,Ole Miss,,,2c0dcd70-250d-11f0-9874-071e11b76fd9
12935,Jakobie Keeney-James,PIT,WR,Active,,25,1,23,UMass,,,544fef60-250e-11f0-857f-bb5e18a396f3
12936,Mason Miller,DET,OL,Active,,24,1,63,North Dakota State,,,7d380ef0-2507-11f0-954c-2da53c594974
12937,Keith Cooper,MIA,DL,Active,,23,1,97,Houston,,,b1927260-250e-11f0-9b43-3d8a3c00ab89
12938,Jackson Meeks,DET,WR,Active,,23,1,13,Syracuse,,,be223960-250a-11f0-8c61-8d480134500e
12939,Anthony Tyus,CAR,RB,Active,,23,1,34,Ohio,,,ddfc3ea0-2507-11f0-be8f-f5c6930b3c52
12940,Tre Stewart,ARI,RB,Active,,23,1,,Jacksonville State,,,34368fd0-2514-11f0-a81f-81aa50e9d045
12941,Bryson Nesbit,MIN,TE,Active,,23,1,83,North Carolina,,,6b948ff0-2513-11f0-9bc2-f7eecce84199
12942,Zemaiah Vaughn,MIN,CB,Active,,24,1,34,Utah,,,aae25a60-2514-11f0-b5d1-e9d1754063aa
12944,Dorian Mausi,TEN,LB,Active,,24,1,54,Auburn,,,ca977d10-2512-11f0-a13a-ed22f6f61764
12946,Dontae Fleming,MIN,WR,Active,,24,1,19,Tulane,,,d3f1c620-250f-11f0-860d-4396a96b1cd5
12947,Zeke Correll,PHI,OL,Active,,25,1,63,North Carolina State,,,d873e850-250e-11f0-836d-91c7e309d1c4
12948,Austin Keys,ARI,LB,Inactive,IR,24,1,53,Auburn,,,e3978d70-2510-11f0-9ef9-9de47983adfa
12949,Keenan Garber,NYJ,CB,Active,,26,1,45,Kansas State,,,ed5875a0-250f-11f0-860d-4396a96b1cd5
12954,Kye Robichaux,DET,RB,Inactive,IR,23,1,34,Boston College,,,1b2c2360-250f-11f0-a5ff-67d677fc4b78
12955,Sebastian Castro,PIT,DB,Active,,25,1,49,Iowa,,,f38fa130-2516-11f0-861c-af2c02a86775
12956,Bam Martin-Scott,CAR,LB,Active,,26,1,54,South Carolina,,,01ec2e60-2512-11f0-9a31-bd52e2c1bc10
12957,Corey Thornton,CAR,CB,Active,,26,1,31,Louisville,,,02c194e0-2514-11f0-a382-97906c339a3b
12960,Mike Reid,NO,CB,Active,,24,1,42,South Dakota,,,57e09df0-2513-11f0-b5b3-5d14ccc24fa4
12961,Ryan Fitzgerald,CAR,K,Active,,26,1,10,Florida State,,,7bf5a2e0-2512-11f0-9825-33176da47896
12962,Trevian Thomas,JAX,DB,Active,,24,1,34,Arkansas State,,,7d5f1360-2511-11f0-bc1a-b70baed98a41
12969,Lan Larison,NE,RB,Active,,24,1,34,UC Davis,,,e2d48330-251e-11f0-aae1-fdfd5aa92d71
12970,Cam Riley,MIA,LB,Active,,24,1,47,Florida State,,,e9b92670-251d-11f0-ae67-6328281270f0
12971,Ke'Shawn Williams,CIN,WR,Active,,24,1,12,Indiana,,,11cb1f60-2519-11f0-8e0d-19c15eb22c2e
12972,Roc Taylor,CAR,WR,Active,,23,1,39,Memphis,,,1edb3290-2518-11f0-972e-efd9d03db8c5
12975,JJ Galbreath,IND,TE,Active,,25,1,45,South Dakota,,,4dfa4c10-2517-11f0-9914-05a19d52ff89
12977,Brandon Crossley,NE,CB,Active,,25,1,39,SMU,,,96c25f20-251f-11f0-9582-1fbdd3490e64
12978,Elijah Ponder,NE,DE,Active,,23,1,91,Cal Poly,,,06f3c6b0-2531-11f0-99d5-ad898e6d4106
1298,Anthony Levine,BAL,DB,Active,,34,12,41,Tennessee State,13845,00-0027539,04e8ea8f-8424-4196-a0fd-7dff3740c734
12983,Brock Lampe,SEA,FB,Active,,23,1,46,Northern Illinois,,,d8418de0-2533-11f0-8f9f-099ffd59a543
12984,CJ Dippre,NE,TE,Active,,24,1,81,Alabama,,,e98ccf30-2531-11f0-b18c-b9f05412231c
12997,Wyatt Bowles,LAR,OL,Active,,26,1,60,Utah State,,,033bd380-254c-11f0-85e6-ad6d4b9a9b15
13000,Shaun Dolac,LAR,LB,Active,Questionable,24,1,56,Buffalo,,,36206400-254c-11f0-85e6-ad6d4b9a9b15
13001,Mario Williams,LAR,WR,Inactive,IR,23,1,14,Tulane,,,394f23d0-254e-11f0-85e6-ad6d4b9a9b15
13003,Tru Edwards,LAR,WR,Active,,25,1,16,Louisiana Tech,,,4b0a6500-254c-11f0-85e6-ad6d4b9a9b15
13004,Willie Lampkin,PHI,OL,Active,,24,1,61,North Carolina,,,58d2af30-254c-11f0-85e6-ad6d4b9a9b15
13006,Jamil Muhammad,CLE,DE,Active,,25,1,67,USC,,,648d7620-254c-11f0-85e6-ad6d4b9a9b15
13007,Nate Valcarcel,LAR,DB,Active,,24,1,43,Northern Illinois,,,6e1e89d0-254d-11f0-85e6-ad6d4b9a9b15
13008,Bill Norton,LAR,DL,Active,,26,1,93,Texas,,,6f592220-254c-11f0-85e6-ad6d4b9a9b15
13010,Jordan Waters,LAR,RB,Active,,25,1,32,North Carolina State,,,b3271d80-254d-11f0-85e6-ad6d4b9a9b15
13011,Brennan Presley,LAR,WR,Active,,24,1,81,Oklahoma State,,,ec0ecae0-254c-11f0-85e6-ad6d4b9a9b15
13012,Trey Wedig,IND,OT,Active,,,1,69,Indiana,,,f7193820-254d-11f0-85e6-ad6d4b9a9b15
13013,Mark Redman,LAR,TE,Active,,24,1,83,Louisville,,,f9801b70-254c-11f0-85e6-ad6d4b9a9b15
13016,Treven Ma'ae,LV,DL,Active,,25,1,68,Baylor,,,94cf0180-2549-11f0-a83e-ad940baadbf4
13019,Greedy Vance,LV,CB,Active,,24,1,22,USC,,,e2d06080-254a-11f0-bf93-999a1fb5633c
13020,Jayson Jones,TB,DL,Active,,24,1,93,Auburn,,,72a5bfa0-254d-11f0-ae5c-fb057cc946b5
13023,Gerad Lichtenhan,BAL,OT,Active,,24,1,78,Oregon State,,,c9b192a0-254e-11f0-bbb1-dfff98110c96
13024,Jay Higgins,BAL,LB,Active,Questionable,24,1,49,Iowa,,,d4476190-254e-11f0-bbb1-dfff98110c96
13025,Easton Kilty,NO,OL,Active,,24,1,73,Kansas State,,,0dec6eb0-2552-11f0-9371-f9b494c39630
13027,Dalys Beanum,NO,CB,Active,,23,1,37,South Dakota State,,,796387b0-2551-11f0-9371-f9b494c39630
13028,Elliott Davison,NO,DB,Active,,24,1,35,UTSA,,,9b9a1330-2551-11f0-9371-f9b494c39630
13030,Torricelli Simpkins,NO,OL,Active,,24,1,68,South Carolina,,,c4579c20-2551-11f0-9371-f9b494c39630
13032,Marshall Lang,MIN,TE,Active,,24,1,81,Northwestern,,,0261e2b0-2556-11f0-a1f5-874a624d4069
13035,Amari Kight,SEA,OT,Active,,25,1,79,UCF,,,4fde6c30-2555-11f0-831a-e7109f1dfb24
13037,Connor O'Toole,SEA,DE,Active,,23,1,57,Utah,,,ac0e94d0-2555-11f0-8651-750178bece22
13039,Reid Holskey,DEN,OL,Active,,24,1,65,Miami (OH),,,ded60490-254e-11f0-bbb1-dfff98110c96
13040,Marquise Robinson,BAL,DB,Active,,24,1,28,Arkansas,,,e9994c20-254e-11f0-bbb1-dfff98110c96
13042,Xavier Guillory,BAL,WR,Active,,25,1,16,Arizona State,,,fa87dc90-254e-11f0-bbb1-dfff98110c96
13044,Wy'Kevious Thomas,SEA,DL,Active,,26,1,69,South Alabama,,,0764d830-2556-11f0-a1f5-874a624d4069
13045,Federico Maranges,SEA,OL,Active,,24,1,62,Florida Atlantic,,,13c0e830-2556-11f0-a1f5-874a624d4069
13046,Jalan Gaines,SEA,DL,Active,,25,1,47,Illinois State,,,2fc489b0-2556-11f0-a1f5-874a624d4069
13047,Jacardia Wright,SEA,RB,Active,,25,1,31,Missouri State,,,42cb24b0-2556-11f0-a3b7-37e42e45b4dd
13048,Jared Ivey,SEA,DE,Active,,24,1,51,Ole Miss,,,521af940-2556-11f0-b31c-15f75b688f25
13049,Alijah Huzzie,HOU,DB,Active,,25,1,28,North Carolina,,,4a8f6ad0-255b-11f0-9086-8b7ff6c4841b
13050,Austin Brinkman,HOU,LS,Active,,24,1,40,West Virginia,,,5b361cd0-255b-11f0-9086-8b7ff6c4841b
13051,K.C. Ossai,HOU,LB,Active,,23,1,52,Louisiana,,,77128740-255b-11f0-9086-8b7ff6c4841b
13052,Eli Cox,HOU,C,Active,,25,1,65,Kentucky,,,9b43aa40-255b-11f0-9086-8b7ff6c4841b
13054,Junior Tafuna,NYJ,DT,Active,,25,1,62,Utah,,,d153ff40-255b-11f0-9086-8b7ff6c4841b
13058,Cam Horsley,ARI,DT,Active,,24,1,93,Boston College,,,84670ec0-2560-11f0-af22-1731557928d7
13059,Jalen Kimber,CIN,CB,Active,,25,1,40,Penn State,,,e22614c0-2560-11f0-af22-1731557928d7
13066,Ben Sauls,NYG,K,Active,,25,1,30,Pittsburgh,,,f8a149d0-2570-11f0-944c-8734ea1b6f77
13068,Joe Michalski,NE,OL,Active,,25,1,60,Oklahoma State,,,400b5050-2575-11f0-af86-31a6953d26dd
13069,Kristian Williams,DEN,DT,Active,,25,1,75,Missouri,,,8de7e940-2576-11f0-b80f-d1c72f3c07d5
13071,Marques Cox,MIA,OT,Active,,26,1,70,Kentucky,,,eba202b0-2575-11f0-b0ba-213f959098a7
13073,Sebastian Valdez,SF,DL,Active,,24,1,55,Washington,,,6eb93170-2574-11f0-9c31-7be29dd508e2
13074,Isaiah Neyor,GB,WR,Active,,25,1,80,Nebraska,,,bf89ef00-2573-11f0-9c8e-d9b9894b443c
13075,Myles Price,MIN,WR,Active,,24,1,4,Indiana,,,c17f53c0-25de-11f0-b2c4-1fd68bf02b2c
13079,Jahdae Walker,CHI,WR,Active,,24,1,9,Texas A&M,,,46352a70-25f5-11f0-83f2-77ca9eeac893
13083,Bralyn Lux,CIN,DB,Active,,25,1,21,Texas Tech,,,10c286f0-25f3-11f0-9baf-e55354641142
13086,William Wagner,CIN,LS,Active,,25,1,46,Michigan,,,b8561d10-25f2-11f0-8e66-c3b8637bd498
13090,Mapalo Mwansa,CAR,LB,Active,,22,1,58,,,,00e9c490-25f9-11f0-a029-c7cb2c5d322f
13094,Jared Harrison-Hunte,CAR,DT,Active,,26,1,94,SMU,,,c36ccd10-25f8-11f0-a425-c14e95a4d81b
13095,Wande Owens,BUF,DB,Active,,25,1,38,New Hampshire,,,449638c0-25fb-11f0-bced-71aa3196f06d
13098,Jack Henderson,PIT,DB,Active,,24,1,48,Minnesota,,,c982ead0-25f9-11f0-8919-337a311ea045
13101,Gage Larvadain,CLE,WR,Active,,24,1,84,South Carolina,,,a514f5d0-260d-11f0-81c1-eb0abefb169c
13104,Adin Huntington,CLE,DT,Active,,24,1,98,Tulane,,,eef59fe0-2317-11f0-9f5e-95c7a639db29
13107,Johnathan Edwards,IND,DB,Active,,24,1,35,Tulane,,,e4b8a770-2619-11f0-9545-db5fd58c23a0
13110,Zach Horton,DET,TE,Active,,23,1,43,Indiana,,,9c616fe0-2617-11f0-99ad-71dad835e87c
13114,Coziah Izzard,CLE,DT,Active,,24,1,68,Penn State,,,11000880-261c-11f0-baa4-e9f1e309c647
13116,Tre Watson,KC,TE,Active,,23,1,49,Texas A&M,,,47128e20-2621-11f0-b1a6-031de407737a
13118,Melvin Smith,KC,DB,Active,,24,1,39,Southern Arkansas,,,e4851020-2620-11f0-aaa6-01badd5b0ec1
13120,Jacoby Jones,WAS,WR,Active,,25,1,84,UCF,,,8f191b60-2628-11f0-a704-37f5177ae09e
13121,Ben Yurosek,MIN,TE,Active,,24,1,85,Georgia,,,1f3d48b0-2629-11f0-9dca-47cf7c5385b0
13122,Carter Runyon,LV,TE,Active,,25,1,84,Towson,,,a4af6950-2625-11f0-be8a-29068ea3d60c
13124,Jeremiah Webb,NE,WR,Inactive,IR,25,1,29,South Alabama,,,2159ae20-262b-11f0-9182-89b93f0eaa70
13129,Jermaine Terry,CLE,TE,Active,,,1,85,Oregon State,,,952ea340-2631-11f0-b970-f9dc57e5e71d
13130,Jackson Woodard,MIA,LB,Active,,24,1,42,UNLV,,,897853b0-2632-11f0-9fc9-5d705ca3d742
13131,Isas Waxter,LAC,DB,Active,,24,1,37,Villanova,,,d86c8910-2631-11f0-86d3-951d8223bd3d
13132,JJ Roberts,TB,DB,Active,,24,1,36,Marshall,,,266a09c0-262e-11f0-9779-dd9f3cf183b7
13137,Trace Ford,NYG,DL,Active,,25,1,48,Oklahoma,,,5a84f660-2639-11f0-aaec-7d3ff1eac4f9
13141,Seth Coleman-Lyles,MIA,LB,Active,,25,1,90,Illinois,,,36fd0120-2638-11f0-b6de-31a7928c3f41
13142,J.R. Singleton,SEA,DL,Active,,24,1,70,Iowa State,,,ba950dc0-2638-11f0-959a-41d1ac9a5baa
13144,Laki Tasi,TEN,DL,Active,,22,1,68,,,,4ab0ebc0-263b-11f0-9cd1-ab0699838ada
13146,Jared Bartlett,JAX,LB,Inactive,IR,25,1,45,Cincinnati,,,416e4960-263e-11f0-9935-a306441400b5
13148,Aaron Smith,SEA,LB,Active,,24,1,42,South Carolina State,,,c75ff2e0-263d-11f0-a940-330e05bc8658
13150,Darius Cooper,PHI,WR,Active,,24,1,80,Tarleton State,,,2aa4ddb0-2775-11f0-9d31-3b5afe6c6d5f
13151,Nick Kallerup,SEA,TE,Active,,25,1,89,Minnesota,,,b312a490-2791-11f0-b675-0178dd6a62e2
13155,Chandler Martin,NYG,LB,Active,,23,1,45,Memphis,,,a970c7e0-2918-11f0-86fb-05b7f733dde3
13156,Keondre Jackson,BAL,DB,Active,,24,1,39,Illinois State,,,0b430e60-2928-11f0-bd0c-e93618a2a03b
13163,Jahvaree Ritzie,MIN,DT,Active,,23,1,96,North Carolina,,,e38a7010-29dc-11f0-ac45-95731db72366
13165,Easton Mascarenas-Arnold,CLE,LB,Active,,23,1,42,USC,,,bbfced90-29da-11f0-995e-19a112062a09
13166,Kisean Johnson,GB,WR,Active,,,1,86,Western Kentucky,,,0bcd4790-29d9-11f0-90c4-e979903a2a33
13167,Nash Hutmacher,TB,DT,Active,,25,1,64,Nebraska,,,d7a73660-29d8-11f0-90c4-e979903a2a33
13172,Keyon Martin,BAL,CB,Active,,25,1,38,Louisiana,,,33b76f50-2aa7-11f0-a0b9-35b727a0bec4
13173,Jimmy Holiday,KC,WR,Active,,24,1,82,Louisiana Tech,,,b60ec2f0-2ac5-11f0-b8db-bf17bad874d7
13174,Cooper McDonald,KC,LB,Active,,25,1,44,TCU,,,fa96e690-2ac6-11f0-ac7e-b50f952a60f6
13176,Ale Kaho,WAS,LB,Active,,26,1,51,UCLA,,,017d8e10-2c65-11f0-88f9-ab4abd09c49e
13177,Kam Arnold,KC,LB,Active,,23,1,53,Boston College,,,bf8ca530-2c65-11f0-a2bb-7f7601c28a2a
13179,Ja'seem Reed,CAR,WR,Active,,23,1,86,San Diego,,,c2fa3bf0-2cd9-11f0-a86e-fde592bc08fd
13181,Payton Page,NYJ,DT,Active,,23,1,69,Clemson,,,177cbd40-2ce1-11f0-9704-05df0b0bc434
13187,Nick Jackson,TB,LB,Active,,25,1,53,Iowa,,,6a44a840-2e93-11f0-a004-9b104c40906f
13189,Luke Floriea,CLE,WR,Active,,24,1,81,Kent State,,,831ba100-2f3a-11f0-81fd-056e0ea5cac0
13195,Jahfari Harvey,LV,DE,Active,,25,1,91,SMU,,,e8264aa0-2f53-11f0-9adb-990c0f22dbf2
13196,Elijah Williams,MIN,DL,Active,,23,1,99,Morgan State,,,3fa764f0-2f66-11f0-9b62-4b3d92f1de51
13199,Montorie Foster,SEA,WR,Active,,25,1,87,Michigan State,,,c2d51e60-2f63-11f0-84c5-d54c2e170b0d
13200,Max Hurleman,PIT,CB,Active,,24,1,84,Notre Dame,,,d0d3ec70-2f64-11f0-b6b1-59c4a0e5b23c
13202,Dalevon Campbell,LAC,WR,Active,,24,1,81,South Carolina,,,10e1f570-2f6d-11f0-83ff-1b0af9d7582e
13204,Mehki Butler,NE,OL,Active,,25,1,63,Arkansas State,,,cc0ead20-2f6d-11f0-9683-95fc13747d0b
13208,Kyrese Rowan,DEN,WR,Active,,25,1,37,Utah State,,,43d85f40-2f78-11f0-8abe-47b509daf5d5
13209,Jordan Turner,DEN,LB,Active,,24,1,55,Michigan State,,,af3e3a30-2f77-11f0-ba1a-55a5c95161f5
13210,Drake Dabney,GB,TE,Active,,24,1,49,TCU,,,7afbcb90-2f70-11f0-8052-89a0c8fe065f
13213,Lucas Scott,BAL,FB,Active,,22,1,47,Army,,,9ecda000-2ffe-11f0-9156-0d63b2ee880c
13214,Kaimon Rucker,BAL,LB,Active,,24,1,56,North Carolina,,,eb99c870-3001-11f0-9f94-3d07fc4bb119
13215,Kai Kroeger,HOU,P,Active,,24,1,38,South Carolina,,,3c7ff710-3033-11f0-b09b-fd94c3491d36
13216,Derrick Canteen,TEN,CB,Active,,25,1,42,Cincinnati,,,489ad3d0-303d-11f0-b3d6-7fc7c050227e
13217,Hunter Dekkers,NO,QB,Active,,25,1,13,Iowa Western,,,561d7ac0-3043-11f0-aa21-cfe6c5a5e328
13220,Keydrain Calligan,TEN,DB,Active,,24,1,29,Southeastern Louisiana,,,d3303ec0-35c1-11f0-9106-5d333e7a6e8f
13223,Patrick Jenkins,CLE,DL,Active,,23,1,90,Tulane,,,90e11af0-3b41-11f0-b0eb-0b6d558a9b9b
13224,Anthony Campbell,GB,DT,Active,,25,1,60,Miami (FL),,,3f2bcaa0-3cbf-11f0-a7f4-c54f1ae799a0
13230,Vershon Lee,MIN,OL,Active,,24,1,66,South Carolina,,,09d33e40-4883-11f0-b9d8-2b72ed76eb2a
13246,Jaden Smith,DAL,WR,Active,,24,1,17,Nevada,,,576428f0-6db7-11f0-b5ca-2d18b46d5abd
13249,Thomas Gordon,DET,TE,Active,,25,1,82,Northwestern,,,7e7edc80-7287-11f0-8763-dd1069e97c84
13259,Joseph Vaughn,SEA,LB,Inactive,IR,26,1,53,UCLA,,,1cf2d5e0-7c80-11f0-9349-71e103cd5e54
13261,Layne Pryor,HOU,TE,Active,,23,1,49,Northern Iowa,,,ef304ef0-c007-11f0-a6e1-bfddd1dcec26
13262,Paschal Ekeji,NYJ,DE,Active,,24,1,54,,,,bdc8ba90-cbc5-11f0-9dd6-871b0b25cc67
13264,Dohnte Meyers,CIN,WR,Active,,26,3,81,Delta State,,,adf036f0-ebe3-11f0-b9c8-cb8413f2962c
13265,Rob Carter,IND,CB,Active,,23,1,39,Robert Morris,,,3e4d0190-ecc2-11f0-9e62-756442bddde1
13267,Devin Veresuk,IND,LB,Active,,24,0,48,Windsor (CAN),,,c8a706f0-f0e2-11f0-a908-1fae3e56bc5c
13268,Elijah Sarratt,BAL,WR,Active,,23,0,13,Indiana,,,88739764-6bec-4d65-9381-a75510c5f595
13269,Fernando Mendoza,LV,QB,Active,,22,0,15,Indiana,,,b1ded115-092a-4199-9a55-cab9f4b5bb18
13270,CJ Daniels,LAR,WR,Active,,24,0,6,Miami (FL),,,d9f1a46d-555a-45b6-90cf-245fc29709c3
13272,Carson Beck,ARI,QB,Active,Questionable,23,0,19,Miami (FL),,,a67c28ce-9e03-46f1-9fb6-b5ef70eb20db
13273,Josh Cuevas,BAL,TE,Active,,22,0,85,Alabama,,,39c65aa3-f28d-4b3e-8cd6-e204cf33ce27
13274,Germie Bernard,PIT,WR,Active,,22,0,17,Alabama,,,d37b698e-7a10-4363-a859-6937c7d3e6f6
13275,Ty Simpson,LAR,QB,Active,,23,0,15,Alabama,,,2e62e603-363a-425f-8c57-0a1600476c85
13276,Omar Cooper,NYJ,WR,Active,,22,0,83,Indiana,,,72594204-b4a9-4f08-907d-029d8a425ddb
13277,CJ Donaldson,NO,RB,Active,,22,0,43,Ohio State,,,17aea600-41af-11f1-93d0-9f964ffea979
13278,Max Klare,LAR,TE,Active,,23,0,86,Ohio State,,,680fc10a-4de2-4571-b228-2c2fd79d437f
13279,Carnell Tate,TEN,WR,Active,Questionable,21,0,14,Ohio State,,,a8693aee-cde4-464f-a0d8-355fb72c041d
13281,Jordyn Tyson,NO,WR,Active,Doubtful,22,0,0,Arizona State,,,5368ab1c-5463-4326-86c0-17c06bf51c9d
13282,Jack Endries,CIN,TE,Active,,22,0,84,Texas,,,086abbb5-f5ce-4188-8c77-2808a10e3402
13285,Malachi Fields,NYG,WR,Active,,22,0,0,Notre Dame,,,ed9f9d96-d1e5-43bd-ac69-cbd29bb0b9bb
13286,Jadarian Price,SEA,RB,Active,,22,0,8,Notre Dame,,,17b64129-5118-4525-ac9a-d79ff5313568
13287,Jeremiyah Love,ARI,RB,Active,Questionable,21,0,4,Notre Dame,,,ca61f1e4-5a51-45b8-b8e3-f6564d9c2648
13288,Nicholas Singleton,TEN,RB,Active,,22,0,32,Penn State,,,0111286e-ef59-40dd-97e8-967204490e34
13289,Drew Allar,PIT,QB,Active,,22,0,16,Penn State,,,0667d256-9f37-4b21-b1c9-fb105aaf97a2
13292,Lake McRee,PIT,TE,Active,,,0,81,USC,,,63a6e3f0-4273-11f1-a232-99028fefbd9a
13293,Ja'Kobi Lane,BAL,WR,Active,,22,0,6,USC,,,ea285842-4fdf-4b27-bd73-6bfd916c6bc5
13294,Makai Lemon,PHI,WR,Active,Questionable,22,0,9,USC,,,a6a64214-6f1d-4682-9559-287fb4fe7461
13295,Behren Morton,NE,QB,Active,,24,0,15,Texas Tech,,,0fe9c501-799c-45f7-a48f-2b4d9d6e9452
13296,Caleb Douglas,MIA,WR,Active,,22,0,7,Texas Tech,,,9e86188e-bdd6-4ba4-af4b-9cfe7f38e159
13297,Reggie Virgil,ARI,WR,Active,,22,0,82,Texas Tech,,,5c342ca7-20ec-4278-8d30-f8134d5a0fd3
13298,KC Concepcion,CLE,WR,Active,,21,0,1,Texas A&M,,,395b5873-4054-4190-913c-60b664d11e61
13299,Nate Boerkircher,JAX,TE,Active,,24,0,87,Texas A&M,,,69aa9430-b9b0-4cd9-8dd5-3a81963336de
13301,Antonio Williams,WAS,WR,Active,,22,0,14,Clemson,,,d80b6d95-5b56-4e52-9a19-05957961f506
13302,Adam Randall,BAL,RB,Active,,22,0,23,Clemson,,,4fa0fbdb-05a1-4ca0-89dd-f999978b5827
13303,Cade Klubnik,NYJ,QB,Active,,22,0,10,Clemson,,,3a62187b-d6b6-43fb-82c9-efabd8a6c0e0
13305,Mike Washington,LV,RB,Active,,23,0,30,Arkansas,,,b783f45a-16ea-4145-9f3a-fafaa1bb0058
13306,Taylen Green,CLE,QB,Active,,23,0,15,Arkansas,,,0db29717-c724-4603-8e5e-d10ef35cb842
13307,Marlin Klein,HOU,TE,Active,,23,0,83,Michigan,,,bc8c44b4-bda4-43e6-9ed4-6da16263e7f2
13308,Bauer Sharp,TB,TE,Active,,23,0,84,LSU,,,613e095e-7bd0-4e02-b21d-fc3f846b0937
13310,Miller Moss,CHI,QB,Active,,24,0,16,Louisville,,,e21828d0-4196-11f1-a8e3-b7d185dfbdc3
13311,Chris Bell,MIA,WR,Active,Questionable,22,0,18,Louisville,,,e1d2a5a1-71a9-4053-b475-8e5075cb1860
13312,Josh Kattus,CIN,TE,Active,,,0,48,Kentucky,,,46d27300-4275-11f1-a087-69dc47bc9fc1
13313,Emmanuel Henderson,SEA,WR,Active,,23,0,84,Kansas,,,6be3c204-6a34-4395-82e1-5c7ed857abe0
13314,Luke Altmyer,DET,QB,Active,,23,0,2,Illinois,,,67aca910-4194-11f1-b19f-93eb810f1d1e
13315,Dean Connors,LAR,RB,Active,,22,0,33,Houston,,,faa89ce0-42a4-11f1-9d8f-414640fbdaef
13316,Eric Rivers,TB,WR,Active,,23,0,83,Georgia Tech,,,b76fe5d0-4265-11f1-968b-73d52a22bbb8
13317,Ted Hurst,TB,WR,Active,,22,0,17,Georgia State,,,8e9964c2-b74c-4eb1-967b-2f82cc8f9767
13318,Noah Thomas,CIN,WR,Active,,22,0,17,Georgia,,,0a6c42b0-4275-11f1-adcc-79f7f62bcf37
13319,Oscar Delp,NO,TE,Active,,23,0,88,Georgia,,,e30ac2bf-f359-4913-8e92-0a97a7ebf289
13320,Zachariah Branch,ATL,WR,Active,,22,0,17,Georgia,,,41f192cd-cc4a-44bc-9c21-43a19ecfc86c
13321,Dan Villari,LAR,TE,Active,,24,0,38,Syracuse,,,8acdbf20-42a6-11f1-b2eb-c9093a222ee6
13322,Sam Roush,CHI,TE,Active,,22,0,87,Stanford,,,b8b3edc8-986a-4702-84a7-b5193331aebb
13324,Matt Hibner,BAL,TE,Active,,24,0,88,SMU,,,8f18100f-d967-4cac-b1b7-7af70c4d985a
13325,Jordan Hudson,DAL,WR,Active,,22,0,18,SMU,,,6ccf4df0-4278-11f1-bf32-6f57eb7e5833
13326,DT Sheffield,NYJ,WR,Inactive,IR,25,0,38,Rutgers,,,85b00920-42bb-11f1-93ca-a3f3ec2c9ea0
13328,Anthony Hankerson,SEA,RB,Active,,22,0,30,Oregon State,,,8f795e20-42ac-11f1-937a-6fbb14b83b43
13329,Malik Benson,LV,WR,Active,,23,0,19,Oregon,,,27e1ef17-ce10-4e14-99e6-328672f57dcd
13330,Kenyon Sadiq,NYJ,TE,Active,Questionable,21,0,16,Oregon,,,554e5567-f992-4071-8366-5fa5c316b07c
13331,Dae'Quan Wright,CLE,TE,Active,,22,0,88,Ole Miss,,,1c7004d0-4192-11f1-907c-8b81f8d0e739
13333,Deion Burks,IND,WR,Active,,23,0,80,Oklahoma,,,d4e8315f-e8e7-4d5b-8494-3306c220cc31
13335,Cole Payton,PHI,QB,Active,,23,0,10,North Dakota State,,,f6d960ab-1601-417a-8a35-39e3a75c29a5
13336,Dane Key,DEN,WR,Active,,23,0,32,Nebraska,,,af4296e0-431f-11f1-aabd-777a3653f8ae
13337,Emmett Johnson,KC,RB,Active,,22,0,10,Nebraska,,,ec3e0874-c2bc-49f6-b4b1-dfc874eecb9b
13338,Kevin Coleman,MIA,WR,Active,Questionable,22,0,83,Missouri,,,0b7b96b1-7733-4ceb-ac59-5ff7029df86c
13339,Davon Booth,CLE,RB,Active,,24,0,29,Mississippi State,,,64b94c10-4278-11f1-be95-bbea5e5ad142
1334,Damion Square,CIN,DT,Active,,33,9,62,Alabama,16231,00-0030148,fc28047a-18cf-4431-9e1b-317db75c4495
13340,Rueben Bain,TB,DL,Active,,21,0,3,Miami (FL),,,08dc5052-8d6a-4c5e-9d3b-0a5c33e81f82
13341,Akheem Mesidor,LAC,DL,Active,,25,0,90,Miami (FL),,,02e8f334-da06-4689-8abc-154348b9008a
13342,John Michael Gyllenborg,KC,TE,Inactive,IR,24,0,84,Wyoming,,,d298b3b0-4291-11f1-aced-53d0eb3df3e8
13343,Vinny Anthony,ATL,WR,Active,,,0,86,Wisconsin,,,63fe7ad0-4268-11f1-be6a-cd848c41d92f
13345,Jonah Coleman,DEN,RB,Active,,23,0,20,Washington,,,0ff54d6c-4d2a-4974-9815-b889e7dc293e
13346,Denzel Boston,CLE,WR,Active,,22,0,12,Washington,,,a17e4b32-20bb-4552-855e-0aa3cf0bafab
13347,Demond Claiborne,MIN,RB,Active,,22,0,21,Wake Forest,,,b17d816a-b687-488f-ac03-7dcba5aae0b6
13348,J'Mari Taylor,JAX,RB,Active,,24,0,30,Virginia,,,074d3d60-418e-11f1-97b1-f7c9890d626f
13349,Eli Stowers,PHI,TE,Active,,23,0,87,Vanderbilt,,,287b7f15-ebe2-433f-af00-b1755576f8f8
13350,Joe Fagnano,BAL,QB,Active,,25,0,12,UConn,,,a94983d0-426a-11f1-bdd9-b59171a63abe
13353,Chris Brazzell,CAR,WR,Inactive,IR,22,0,19,Tennessee,,,0dcab415-e4a8-4f37-8164-45b9f23c668a
13355,DJ Rogers,DAL,TE,Active,,24,0,49,TCU,,,ccd4e890-4278-11f1-9164-a11270dcbb9a
13356,Trebor Pena,JAX,WR,Active,,24,0,86,Penn State,,,51880560-41b9-11f1-acf9-97fd322b9ffc
13357,Lance Mason,PIT,TE,Active,,,0,45,Wisconsin,,,a263d680-4268-11f1-ada3-a5290cf26ed3
13358,Anthony Lucas,DET,DL,Active,,21,0,61,USC,,,01e51960-427e-11f1-acb0-c397b83273c3
13359,Malachi Lawrence,DAL,DL,Active,,23,0,57,UCF,,,2cf5c141-ac7f-48b2-849d-905ffa13bdcb
13360,Emmanuel McNeil-Warren,CLE,DB,Active,,22,0,28,Toledo,,,376f585c-79e1-42c3-ae3b-1accec884dc0
13361,Romello Height,SF,LB,Active,,25,0,58,Texas Tech,,,5b061398-5cf8-4c8d-a12c-5c6dcbe2a84d
13362,Lee Hunter,CAR,DL,Active,,24,0,92,Texas Tech,,,a835398f-1e9f-4a37-bd1d-74f7317be4c3
13363,David Bailey,NYJ,LB,Active,,22,0,31,Texas Tech,,,cb62f97b-0ce4-4bed-ba62-fead97c0ea11
13364,Cashius Howell,CIN,DL,Active,,23,0,55,Texas A&M,,,8340b14a-6969-424c-9087-dbc72e6198a5
13365,Anthony Hill,TEN,LB,Active,,21,0,53,Texas,,,ae7f0bc0-acad-4089-8579-54822b07d8e1
13366,Joshua Josephs,WAS,DL,Active,,22,0,48,Tennessee,,,46cef63e-cc1f-4dad-ab65-c42843831897
13367,Colton Hood,NYG,DB,Active,Questionable,21,0,12,Tennessee,,,915af235-1c21-41ca-a783-bddb0a6f4272
13368,Jermod McCoy,LV,DB,Active,,21,0,28,Tennessee,,,014fb6fe-360a-43fe-b15d-22a29da5dc4d
13369,Brandon Cisse,GB,DB,Active,,21,0,2,South Carolina,,,b691ebe0-b5c5-4a3f-ab07-5543dde036d1
13370,Chris Johnson,MIA,DB,Active,,21,0,3,San Diego State,,,46280bf6-970a-413f-beb7-0d10503d5cdc
13371,Dillon Thieneman,CHI,DB,Active,,22,0,31,Oregon,,,e6d0faa6-8920-4928-8951-8cb29d8c914b
13372,R Mason Thomas,KC,DL,Active,,22,0,51,Oklahoma,,,46a94b02-d697-4c9e-a88f-26b893ea1b39
13373,Caden Curry,IND,DL,Active,,23,0,55,Ohio State,,,6982e70a-287a-4443-8221-182198a60404
13374,Kayden McDonald,HOU,DL,Active,,21,0,93,Ohio State,,,be97eba8-6c18-4e0b-b22c-6d6c31efe193
13375,Sonny Styles,WAS,LB,Active,,21,0,52,Ohio State,,,dae1087c-1a37-4ca9-bc9f-a35c212ffd21
13376,Caleb Downs,DAL,DB,Active,,21,0,13,Ohio State,,,c354a922-5300-4dbc-80e6-d11208cdf386
13377,Arvell Reese,NYG,LB,Active,,20,0,52,Ohio State,,,8095554c-7eae-4e7c-9213-01f24ceb0185
13379,Josiah Trotter,TB,LB,Active,,21,0,45,Missouri,,,58320436-f09f-41b8-9179-4076cd3e136b
13380,Brenen Thompson,LAC,WR,Active,,23,0,89,Mississippi State,,,c6e9feed-f5de-4717-84af-0c17af9e2a73
13381,Jaishawn Barham,DAL,LB,Active,,22,0,55,Michigan,,,d90c5cda-3e46-4f95-af0c-c06c7ac6ea32
13382,Keionte Scott,TB,DB,Active,,25,0,22,Miami (FL),,,47bb1046-85a1-41f4-9df5-910af83b12e1
13384,AJ Haulcy,IND,DB,Active,,22,0,25,LSU,,,0450a472-1ec8-481a-8196-1982729592f9
13385,Mansoor Delane,KC,DB,Active,,22,0,5,LSU,,,0e016d2e-d1e1-4186-a503-c5baa9bd238e
13386,D'Angelo Ponds,NYJ,DB,Active,Questionable,21,0,23,Indiana,,,6c6ccb8b-2f70-4cd6-ab0d-701a4186ec6a
13387,Christen Miller,NO,DL,Active,Questionable,22,0,52,Georgia,,,038f4f53-9b75-43b7-b406-dfb82ae1d0a4
13388,CJ Allen,IND,LB,Active,,21,0,53,Georgia,,,0b551444-1410-470d-afc3-0ba370d70bbd
13389,Avieon Terrell,ATL,DB,Active,,21,0,12,Clemson,,,6b2bbff5-0424-4503-ac3a-70f2771c42a5
13390,Peter Woods,KC,DL,Active,,21,0,99,Clemson,,,f9d2c9cc-07cb-45cf-ac25-becc7d8a5739
13391,Jake Golday,MIN,LB,Active,,23,0,41,Cincinnati,,,a305134e-4758-4b7f-a59a-44be06d4f7e0
13392,Jeff Caldwell,KC,WR,Active,Questionable,23,0,8,Cincinnati,,,068f0100-418f-11f1-8f01-fd225203c6fa
13393,Brent Austin,DEN,DB,Active,,22,0,25,California,,,05c3e190-427b-11f1-88cd-eb7d24f091ca
13394,Josh Cameron,JAX,WR,Active,,23,0,19,Baylor,,,29f6ab49-33a9-4fc8-838f-fc41e248829d
13395,Keldric Faulk,TEN,DL,Active,,21,0,15,Auburn,,,84699fca-289e-4716-96e1-366588fd2caa
13396,Julian Neal,SEA,DB,Active,Questionable,23,0,1,Arkansas,,,5d7248e8-93c2-49de-8ace-b09c18098f6c
13397,Keith Abney,DET,DB,Active,,21,0,28,Arizona State,,,74fd65a1-51ac-42b0-9b8e-42d986d6f8ad
13398,Treydan Stukes,LV,DB,Active,,24,0,31,Arizona,,,a235b5ce-d752-4a0c-a3a9-77243245f023
13399,Genesis Smith,LAC,DB,Active,,21,0,22,Arizona,,,81772ad1-db17-4271-bc35-ef0db2b54816
1340,Lane Johnson,PHI,T,Active,,36,13,65,Oklahoma,15797,00-0030561,3edf64e6-603b-4437-a3be-53fe030c6f56
13400,Justin Joly,DEN,TE,Active,,22,0,80,North Carolina State,,,014c6825-61ca-486d-9c4d-ca0968b58888
13401,Michael Trigg,DAL,TE,Active,Questionable,24,0,46,Baylor,,,6bff41b0-4191-11f1-9de2-13456d982f5a
13402,Skyler Bell,BUF,WR,Active,Questionable,24,0,13,UConn,,,1f9e2e7e-d692-4494-adfb-86437a976450
13403,Jam Miller,NE,RB,Active,,,0,30,Alabama,,,e7144c4a-1dd7-4474-b033-ad06e08f1745
13404,Garrett Nussmeier,KC,QB,Active,,24,0,14,LSU,,,9fc8bed4-d9db-46a2-a75f-737881d23aa7
13405,Kaytron Allen,WAS,RB,Active,,23,0,31,Penn State,,,7980dd2b-0ce0-4936-aaff-536c09608429
13406,Kamari Ramsey,HOU,DB,Active,,21,0,27,USC,,,0946cbee-dffc-4c74-93e5-e57393055807
13407,Carson Towt,IND,TE,Inactive,IR,25,0,45,Notre Dame,,,b49a4950-2234-11f1-8d1d-43b2b68555d3
13408,Tanner Koziol,JAX,TE,Active,,22,0,89,Houston,,,aa0d8447-26c5-4f82-827a-57890d7b9f70
13409,Donaven McCulley,MIA,WR,Active,,23,0,80,Michigan,,,786dc030-42ad-11f1-b790-eff5cc34fd85
13410,Chase Roberts,LV,WR,Active,,25,0,86,BYU,,,0c02af70-429c-11f1-bcde-396d2feaac5b
13411,Zavion Thomas,CHI,WR,Active,,22,0,81,LSU,,,3f22d5fe-e6e4-4aab-8992-caf75caf999a
13412,Kendrick Law,DET,WR,Inactive,IR,23,0,88,Kentucky,,,b039bf78-853f-4e4f-a6bd-83d7f38748c3
13413,Cyrus Allen,KC,WR,Active,,23,0,13,Cincinnati,,,a07ac8bd-3929-4e48-b3c4-3ddeecd09dca
13414,Kaelon Black,SF,RB,Active,,24,0,26,Indiana,,,4dea3ae1-8c53-4ef1-bd72-e2d2dfb3fa97
13415,Haynes King,CAR,QB,Active,Questionable,25,0,16,Georgia Tech,,,aa915c40-419d-11f1-aa00-ebd45e534754
13416,Roman Hemby,LV,RB,Active,,24,0,,Indiana,,,f5d02460-4194-11f1-b42b-111a688b2d6a
13417,De'Zhaun Stribling,SF,WR,Active,,23,0,15,Ole Miss,,,ca6fa516-adeb-4fd2-9408-17c9c2e38798
13418,Robert Henry,WAS,RB,Active,,24,0,30,UTSA,,,75063230-4260-11f1-a80d-bff068733e76
13419,Jaydn Ott,KC,RB,Active,,23,0,42,Oklahoma,,,261750e0-4199-11f1-bbb5-8b6de4cce956
13420,Bryce Lance,NO,WR,Active,,24,0,18,North Dakota State,,,4d5c31ba-45ea-4247-a41a-acfa82bdbd39
13421,Eli Raridon,NE,TE,Active,,22,0,82,Notre Dame,,,aa71e3dc-07e5-4f99-ad1a-2f95ced64c28
13422,Jaren Kanak,TEN,TE,Inactive,IR,22,0,81,Oklahoma,,,8eedef76-e1ab-4345-adef-fa0f79f8216a
13423,Eli Heidenreich,PIT,RB,Active,,23,0,29,Navy,,,4e49c857-13bf-4156-ab13-706e4088179b
13424,Seth McGowan,IND,RB,Active,,24,0,20,Kentucky,,,17deebdc-0ec2-4f3f-9584-d21b01743265
13425,Jalon Daniels,TB,QB,Active,,23,0,10,Kansas,,,3d900120-419b-11f1-ab8f-75a26d456118
13428,Joey Aguilar,JAX,QB,Active,,25,0,17,Tennessee,,,ca2ec650-419d-11f1-a791-7db750a0dbd9
13429,Seydou Traore,MIA,TE,Active,,24,0,49,Mississippi State,,,a2c31add-0862-4636-b6fc-84e796772db8
13430,RJ Maryland,GB,TE,Inactive,Questionable,22,0,48,SMU,,,ee887ce0-4282-11f1-b4e9-874e09b60b90
13433,Riley Nowakowski,PIT,TE,Active,,24,0,37,Indiana,,,d85be8f9-009d-4de5-838d-1cb07e4105cc
13434,Will Kacmarek,MIA,TE,Active,,23,0,82,Ohio State,,,8f405d6d-46dd-4f4e-b6cf-52379cd9bb54
13435,Joe Royer,CLE,TE,Active,Questionable,24,0,18,Cincinnati,,,8ed0fa45-2483-45ba-8c8e-2e836634bf96
13436,Kentrel Bullock,CIN,RB,Active,,24,0,31,South Alabama,,,1be48b20-4afd-11f1-9a22-431d4912538f
13437,Noah Whittington,HOU,RB,Active,Questionable,24,0,26,Oregon,,,e656bff0-4322-11f1-a39d-09ec94a91f1f
13438,DeaMonte Trayanum,NYJ,RB,Active,,24,0,40,Toledo,,,b41a7500-4330-11f1-b082-4721a7dc12bc
13441,Caleb Lomu,NE,OT,Active,,21,0,74,Utah,,,e2df21a2-173f-4b95-821e-320ac0509ed9
13442,Keylan Rutledge,HOU,G,Active,,22,0,66,Georgia Tech,,,a786a6f5-5f1b-4534-a07c-b8d3b649b907
13443,Max Iheanachor,PIT,OT,Active,Questionable,22,0,71,Arizona State,,,d5de4f73-6082-4719-b1bb-4bc589ec3d97
13444,Monroe Freeling,CAR,OT,Active,,22,0,57,Georgia,,,a8989a3d-0eb6-4a86-9056-4d5ed3f12189
13445,Caleb Banks,MIN,DT,Active,,23,0,95,Florida,,,b182f2f3-d16b-4560-b95f-eba819141a91
13446,Blake Miller,DET,OT,Active,,22,0,76,Clemson,,,53250724-f988-44f7-9545-3d5bc279a3ee
13447,Vega Ioane,BAL,OG,Active,,22,0,71,Penn State,,,6c4f6f87-2efa-4334-8271-4699877c10d0
13448,Kadyn Proctor,MIA,OT,Active,,21,0,74,Alabama,,,7212da64-67f8-4d7c-a6cd-400882e69ea2
13449,Francis Mauigoa,NYG,OT,Active,Questionable,21,0,65,Miami (FL),,,b52c50ae-ed6e-4a32-966b-f655ba22692f
13450,Spencer Fano,CLE,OT,Active,,21,0,55,Utah,,,d8b4adfc-9f49-4b7a-92ec-fa98f8a5a6e7
13451,Jake Slaughter,LAC,C,Active,,23,0,66,Florida,,,b94d52f7-fa89-4129-bfe1-7316b5b1e0ae
13452,Bud Clark,SEA,DB,Active,,24,0,9,TCU,,,056e91ac-fb38-426b-855a-6c3e16d69eee
13453,Jacob Rodriguez,MIA,LB,Active,,23,0,10,Texas Tech,,,60d720f0-e962-43fb-82f3-9594e0a03d73
13454,Davison Igbinosun,BUF,CB,Active,,22,0,21,Ohio State,,,8f64b192-6cf8-4380-abaf-f7eb28e9aca8
13455,TJ Parker,BUF,DE,Active,,21,0,99,Clemson,,,fbef2f3b-ceb0-4261-b5c2-7b1cd5183322
13456,Logan Jones,CHI,C,Active,,24,0,54,Iowa,,,bf85640a-c799-4fa1-be2f-a8746040c930
13457,Gabe Jacas,NE,DE,Active,,22,0,50,Illinois,,,29168f46-3f82-4ec5-afea-4ba8ebca5c74
13458,Derrick Moore,DET,DE,Active,Questionable,23,0,9,Michigan,,,801b2291-f0d4-4a31-8d58-8eaa43d677e4
13459,Chase Bisontis,ARI,G,Inactive,IR,22,0,57,Texas A&M,,,dc8a8d3e-b411-4589-9cd8-716d396f0d3e
13460,Zion Young,BAL,DE,Active,,22,0,9,Missouri,,,211a4cbc-957a-4b9c-b562-1cb49a83d1ed
13461,Keagen Trost,LAR,OL,Active,Questionable,25,0,79,Missouri,,,e815595d-55f9-4045-8d04-6bcbdcec43a9
13462,Jakobe Thomas,MIN,DB,Active,Questionable,23,0,8,Miami (FL),,,5d66091e-c05f-42b8-9229-9d169c8c6273
13463,Caleb Tiernan,MIN,OT,Active,Questionable,23,0,78,Northwestern,,,d09b35b5-f977-4e24-9086-45ed0d495c8d
13464,Domonique Orange,MIN,DT,Active,,22,0,97,Iowa State,,,f8744024-7ce5-4b12-8da6-59f2d962d65b
13465,Markel Bell,PHI,OT,Active,,22,0,72,Miami (FL),,,a3cd7a9a-3e6d-4b40-8714-4784366c1d0d
13466,Keyron Crawford,LV,DE,Active,,22,0,42,Auburn,,,68e74de8-ded1-4ecc-bb17-12d6cc09dd5a
13467,Trey Zuhn,LV,OT,Active,,23,0,66,Texas A&M,,,85cd0aa2-637b-4a01-99ca-a6579f9a5df8
13468,Chris McClellan,GB,DT,Active,,23,0,55,Missouri,,,2ba15713-32e1-44c5-b64b-54022e80e1f4
13469,Tacario Davis,CIN,CB,Active,,22,0,20,Washington,,,99f37361-660a-4cdd-9728-65796d1c5b7a
13470,Daylen Everette,PIT,CB,Active,,22,0,23,Georgia,,,c7ddd9d2-4a26-4606-b42f-ff156dc82a9b
13471,Gennings Dunker,PIT,OT,Active,,23,0,73,Iowa,,,f5185485-6453-4692-a253-0370d5d4875e
13472,Tyler Onyedim,DEN,DT,Active,,23,0,98,Texas A&M,,,59843284-45e6-4bc5-afea-b6347a277e7f
13473,Austin Barber,CLE,OT,Active,,23,0,58,Florida,,,2418acae-cc8f-4095-9fec-a5e1c90ffec0
13474,Jalen Huskey,JAX,DB,Active,,23,0,22,Maryland,,,0ee91fce-62c7-48cd-913e-c95e30c9397c
13475,Emmanuel Pregnon,JAX,G,Active,,24,0,75,Oregon,,,9261cf3e-86c5-461c-978a-efbe9793c27a
13476,Albert Regis,JAX,DT,Active,,23,0,98,Texas A&M,,,bbb6e30a-9d04-41c6-b48c-f71852fee53a
13477,Colbie Young,CIN,WR,Active,,24,0,86,Georgia,,,044ebd08-c458-40ca-8c97-51c6e15abdb8
13478,Ephesians Prysock,SF,CB,Active,,23,0,35,Washington,,,3f2b858d-39bf-490c-84d0-94024ee6a54a
13479,Kyle Louis,MIA,LB,Active,,22,0,19,Pittsburgh,,,273b6e0a-85c5-4b58-8785-ff6870066aa8
13480,LT Overton,DAL,DE,Active,,21,0,99,Alabama,,,6ad7dcb7-9069-414e-a19f-b8beee58d7fa
13481,Bryce Boettcher,IND,LB,Active,,24,0,50,Oregon,,,8ee9120d-e919-4749-9c17-6f78f6e673c1
13482,Kendal Daniels,ATL,LB,Active,,23,0,53,Oklahoma,,,268ce1f0-3ddd-4c15-80a8-0d6c1b6fbafa
13483,Jeremiah Wright,NO,G,Active,,24,0,65,Auburn,,,fb182bfa-a825-4c8f-a9df-b6362f9ea5a0
13484,Trey Moore,MIA,LB,Active,,23,0,17,Texas,,,222cd3e5-65ac-46de-972e-66508f923bd8
13485,Will Lee,CAR,CB,Active,,22,0,24,Texas A&M,,,66c9a85a-9c88-4ddc-883f-c9e9b239cef8
13486,Connor Lew,CIN,C,Active,,20,0,65,Auburn,,,7554a152-c3af-4d56-81cd-f77927d25588
13487,Carver Willis,SF,OL,Active,,24,0,74,Washington,,,8762b28d-f0fa-49ae-955d-7a59ccb0fe83
13488,Kaleb Elarms-Orr,BUF,LB,Active,,22,0,52,TCU,,,a3515518-82a0-4c3f-b5d2-bb1ae0810298
13489,Malik Muhammad,CHI,CB,Active,,21,0,24,Texas,,,c056a7c2-d47d-4541-99eb-d747c31420b5
13490,Wade Woodaz,HOU,LB,Active,Questionable,22,0,30,Clemson,,,e93e8b96-b0ea-4b96-a012-98d557a4ae2a
13491,Kaden Wetjen,PIT,WR,Active,,24,0,10,Iowa,,,8c064b55-5583-4ffb-8a10-0146c01e8ce0
13492,Dani Dennis-Sutton,GB,DE,Active,Questionable,22,0,51,Penn State,,,9b6f5759-81b2-427a-9985-8381a2f35930
13493,Wesley Williams,JAX,DE,Active,,21,0,90,Duke,,,dab3ad29-ec03-421e-9dba-192e6d11f0a4
13494,Jimmy Rolder,DET,LB,Active,Questionable,22,0,41,Michigan,,,f206955c-9f8a-4d98-b6a5-21d4aa52f656
13495,Travis Burke,LAC,OT,Active,,23,0,77,Memphis,,,633ad7d3-e7e4-4f69-bf48-0cb2e8a94299
13496,Devin Moore,DAL,CB,Active,,22,0,29,Florida,,,2206481e-b58f-4fd4-932d-81b2f9e5790a
13497,Jalen Farmer,IND,G,Active,,22,0,62,Kentucky,,,cfb03716-17da-475f-aa10-7ed269ac0259
13498,Drew Shelton,DAL,OT,Active,,22,0,67,Penn State,,,cc1930cd-259d-4aae-8b79-b97a0d1d94b8
13499,Kage Casey,DEN,OT,Active,,22,0,78,Boise State,,,8c0c7e05-bc45-4b97-939e-4cfcf8f7cc7b
13500,Jadon Canady,KC,CB,Active,,23,0,22,Oregon,,,8dd1f52a-657e-490e-8dd2-c283f90dd29f
13501,Gracen Halton,SF,DT,Active,Questionable,22,0,93,Oklahoma,,,589d4616-5218-411b-bf83-4ce0a67325ce
13502,Febechi Nwaiwu,HOU,OL,Active,,23,0,64,Oklahoma,,,195d46cc-6261-4ede-b6b1-740560d5a4a7
13503,Kaleb Proctor,ARI,DT,Inactive,IR,22,0,94,Southeastern Louisiana,,,069aaa06-d90f-4af3-92d5-65365023b8c5
13504,Darrell Jackson,NYJ,DT,Active,,23,0,95,Florida State,,,d4858132-1e30-4681-b223-01a517079b9a
13505,Jude Bowry,BUF,OT,Active,,23,0,74,Boston College,,,f5df9516-37b8-4f38-ae14-2c919b9057d4
13506,Zane Durant,BUF,DT,Active,,22,0,92,Penn State,,,740e5c42-83a3-47f9-bd29-813cb505e5f0
13507,Enrique Cruz,SF,OL,Active,,23,0,69,Kansas,,,1f6b658e-c8bd-47d0-a630-f35287d4f139
13508,Hezekiah Masses,LV,CB,Active,,22,0,35,California,,,f93ac61f-a7ac-484e-9bcd-850414b45204
13509,Lorenzo Styles,NO,DB,Active,,23,0,36,Ohio State,,,e4081e40-ea80-4a5e-b8a3-57d8f9492d25
13510,Karon Prunty,NE,DB,Active,,24,0,21,Wake Forest,,,86e2e7ab-9f40-47dd-8482-4b9981f54814
13511,Jalon Kilgore,BUF,CB,Active,,21,0,29,South Carolina,,,713039d2-2233-4753-8696-cf079ed0d665
13512,Keyshaun Elliott,CHI,LB,Active,PUP,22,0,49,Arizona State,,,dc9e877d-836a-41bd-9ccb-b473d41693b4
13513,Charles Demmings,MIN,CB,Active,,23,0,20,Stephen F. Austin,,,dd95b38c-b70a-42cc-ad9f-e52e2c6afd65
13514,Chandler Rivers,BAL,CB,Active,,22,0,29,Duke,,,e33b949d-51e9-4b94-8113-4ee7232074ce
13515,Billy Schrauth,TB,G,Active,Questionable,22,0,75,Notre Dame,,,9e00a20d-5fae-45ad-8da4-0ffb452d189c
13516,Max Bredeson,MIN,TE,Active,,23,0,45,Michigan,,,e26326b1-f202-4b73-bc4a-df78052b2c23
13517,Michael Taaffe,MIA,DB,Active,,23,0,31,Texas,,,4977558a-22f9-4e38-bf83-190bb751de15
13518,George Gumbs,IND,DE,Active,,23,0,52,Florida,,,41c2564b-608f-426d-b327-f5ba823f3eda
13519,DeMonte Capehart,TB,DT,Active,,24,0,90,Clemson,,,428d1b1f-2ed9-44d3-a73d-fa531e5099a6
13520,Jaden Dugger,SF,LB,Active,,22,0,53,Louisiana,,,ac7f2a62-87ce-4975-af32-1e218517bf9a
13521,Jager Burton,GB,C,Active,,23,0,52,Kentucky,,,373f27be-dae8-4f19-ade0-d4aba84a44d0
13522,Zakee Wheatley,CAR,DB,Active,,24,0,38,Penn State,,,c03e3030-aaac-4ebd-a784-84d4ea00a709
13523,Dalton Johnson,LV,DB,Active,,23,0,43,Arizona,,,d817af4e-30fb-4904-adea-4bf9b960d5d1
13524,Justin Jefferson,CLE,LB,Active,,23,0,17,Alabama,,,a8a90d29-7f7e-40d1-815d-fc692ecf75a7
13525,Beau Stephens,SEA,G,Active,,23,0,60,Iowa,,,4e1b1ae8-e2f8-499c-929a-3e9bf8bd18fb
13526,Parker Brailsford,CLE,C,Active,Questionable,22,0,52,Alabama,,,a490d41c-8814-4c63-a77e-cadad532d8e3
13527,Nick Barrett,LAC,DT,Active,,23,0,91,South Carolina,,,bc47081a-a878-4cb0-ba69-6d565e07f0b2
13528,Sam Hecht,CAR,C,Active,,23,0,75,Kansas State,,,ee8091d5-188a-4ef5-b819-6d3d2fee24a8
13529,Fernando Carmona,TEN,G,Active,,24,0,66,Arkansas,,,d4e6e8a7-d8e7-4381-8fd3-27a52dc1030a
13530,J.C. Davis,NYG,OT,Active,,22,0,74,Illinois,,,0c35c5aa-a88e-403c-8084-2f3a13e5630a
13531,Jack Kelly,NYG,LB,Active,,23,0,51,BYU,,,72e382e6-1e90-4d7a-9126-060e4c63a6c4
13532,Bobby Jamison-Travis,NYG,DL,Active,,25,0,97,Auburn,,,bea58203-dee5-445f-8597-89627d7316bf
13533,Barion Brown,NO,WR,Active,,22,0,19,LSU,,,6b60ad35-8051-4253-8f8d-29279a213352
13534,Alex Harkey,LAC,OT,Active,,25,0,73,Oregon,,,6ed5104c-1e2f-451a-a80a-7005462c0e3a
13535,Logan Taylor,LAC,G,Active,,24,0,65,Boston College,,,eedfbc27-f146-46c3-ad32-bae3b0dacc9c
13536,Matt Gulbin,WAS,OL,Active,,23,0,66,Michigan State,,,262b0dba-4744-4275-a8e2-bf5ad9d5ce9a
13537,Micah Morris,PHI,G,Active,Questionable,22,0,76,Georgia,,,cd16b555-8f28-4650-b20a-55cc123fc55f
13538,DJ Campbell,MIA,G,Active,,22,0,63,Texas,,,30b4fcbf-f3c5-49a9-98c7-c56c52570821
13539,Anez Cooper,NYJ,G,Active,,22,0,72,Miami (FL),,,e81f787a-ac29-4ffd-bcef-a76eb90fa039
13540,Jordan van den Berg,CHI,DL,Active,,24,0,96,Georgia Tech,,,eec72eef-824f-423f-a23e-e07dbaa5d2d9
13541,Lewis Bond,HOU,WR,Active,,23,0,82,Boston College,,,60ce8141-c8fc-4162-8038-bf934d318b96
13542,Namdi Obiazor,NE,LB,Active,,24,0,48,TCU,,,52d370f1-ca3f-4d6e-a040-564662b18ab7
13543,Dametrious Crownover,NE,OT,Active,,24,0,68,Texas A&M,,,8fc13b0a-abf9-43dd-a890-e8ec9deed265
13544,Domani Jackson,GB,CB,Active,,23,0,20,Alabama,,,026dd00d-8aa0-488f-bee5-f7593eee0579
13545,Trey Smack,GB,K,Active,,23,0,28,Florida,,,fc5890c6-b22d-4b5b-8ca5-2722b077bc8b
13546,Brian Parker,CIN,OT,Active,,22,0,62,Duke,,,c5399ea5-d151-49cb-ad42-4d99ec364d2d
13547,Skyler Gill-Howard,DET,DT,Active,,23,0,50,Texas Tech,,,ff4d07f4-9bb6-4273-a64b-4a058deab83c
13548,Gabriel Rubio,PIT,DL,Active,,23,0,96,Notre Dame,,,585208d8-378c-4d89-8abc-a3c08d70d258
13549,Jackie Marshall,TEN,DE,Active,,23,0,96,Baylor,,,2742c72a-a3ba-430a-8b3e-c4e3d7ef1542
13550,Pat Coogan,TEN,C,Active,,23,0,79,Indiana,,,99690ce9-37f0-48cc-914f-d6c37c84ded8
13551,Karson Sharar,ARI,LB,Active,,23,0,43,Iowa,,,c5348b1f-698f-41f0-bf2c-0c0a89bab07a
13552,Anterio Thompson,ATL,DT,Active,PUP,23,0,98,Washington,,,e78ad837-86e0-4bce-b871-769cd0a027df
13553,Ryan Eckley,BAL,P,Active,,22,0,30,Michigan State,,,1729b94d-77ae-4c88-887a-f712184984a9
13554,CJ Williams,JAX,WR,Active,,22,0,18,Stanford,,,a92ac2af-70d0-4eb6-a741-38d432797d4f
13555,Harold Perkins,ATL,LB,Active,,21,0,56,LSU,,,bce38bbc-b099-4cc7-bb95-052ff1c08581
13556,TJ Hall,NO,CB,Active,,22,0,34,Iowa,,,01b0bb95-00e7-42ee-b38c-d1d603152a31
13557,Athan Kaliakmanis,WAS,QB,Active,,23,0,16,Rutgers,,,c2490c0e-35c5-4c61-abb8-ac003a6eebac
13558,Tim Keenan,LAR,DT,Active,,23,0,96,Alabama,,,d68ec9d2-8367-49ff-84e5-47b0f65ee718
13559,Gavin Gerhardt,MIN,OL,Active,,,0,58,Cincinnati,,,25c9048f-1c92-4e60-84b5-dac29741f1fb
13560,Uar Bernard,PHI,DT,Active,,,0,93,,,,57dad5d5-8dfc-4faa-884a-390e3c3892bc
13561,Cole Wisniewski,PHI,DB,Active,Questionable,24,0,21,Texas Tech,,,73f21d98-4c7f-4725-9a83-1a75f207a8ed
13562,Keyshawn James-Newby,PHI,DE,Active,Questionable,24,0,50,New Mexico,,,8a2ba96e-a388-457e-b314-8ad17a8f4c4c
13563,Deven Eastern,SEA,DT,Active,,23,0,97,Minnesota,,,012dfdfd-7458-4488-b6e0-867220248255
13564,Michael Dansby,SEA,DB,Active,,25,0,37,Arizona,,,33354093-3167-4023-870d-eed6374bf4fb
13565,Andre Fuller,SEA,CB,Active,,24,0,35,Toledo,,,b79c6aaa-c157-4a72-8bd3-52623da46fa3
13566,Max Llewellyn,MIA,DE,Active,,24,0,57,Iowa,,,0de37898-9685-4165-bba2-0f1426aa80f6
13567,VJ Payne,NYJ,DB,Active,Questionable,22,0,34,Kansas State,,,f66aa70b-803d-413c-ad5d-13358c100244
13568,Tommy Doman,BUF,P,Active,,23,0,39,Florida,,,038fe0a5-5e0c-4922-914d-4a6685499069
13569,Toriano Pride,BUF,CB,Active,,22,0,32,Missouri,,,4615099d-0d44-41ca-bce4-bde4db39885d
13570,Ar'maj Reed-Adams,BUF,G,Active,,24,0,60,Texas A&M,,,8a91ab63-2d3e-4370-af00-6a0cdf25743e
13571,Brandon Cleveland,LV,DT,Active,,21,0,90,North Carolina State,,,69cf08c5-f195-4b3e-bbd9-7fc5f3a954e5
13572,Aiden Fisher,HOU,LB,Active,,22,0,59,Indiana,,,66e1bdf2-d656-45dd-9107-fbbf80d89b93
13573,Quintayvious Hutchins,NE,DE,Active,,23,0,45,Boston College,,,eb1a89ca-faf0-4980-8fae-6c9c5d86e43d
13574,Landon Robinson,CIN,NT,Active,,23,0,96,Navy,,,2368b428-fff5-4256-bb5e-0f24373585fc
13575,Tyre West,DET,DT,Active,,23,0,52,Tennessee,,,6fc5ede3-b472-45af-a2a9-7bd72bf0be35
13576,Robert Spears-Jennings,PIT,DB,Active,,22,0,28,Oklahoma,,,6106f504-8af8-46a6-9960-95cbfb3f6aef
13577,Dallen Bentley,DEN,TE,Active,,25,0,89,Utah,,,4b40205a-7f62-4fd4-bc25-c470cc76a70f
13578,Miles Scott,DEN,DB,Active,,24,0,39,Illinois,,,b5c639bd-08e9-46c2-b4ec-78816f76f28e
13579,Red Murdock,DEN,LB,Active,,22,0,50,Buffalo,,,d2a9d4e7-00ca-4457-8066-30cf1fed7a94
13580,Carsen Ryan,CLE,TE,Active,Questionable,23,0,48,BYU,,,9d8c7f71-3c7e-4459-bbcc-2c7c0f984b78
13581,Jayden Williams,ARI,OL,Active,,23,0,66,Ole Miss,,,83dca709-2700-46cc-b787-ca26e884a9c7
13582,Anthony Smith,DAL,WR,Active,,24,0,83,East Carolina,,,c5491a6f-51bc-4207-bf5f-89e3693c2ddd
13583,Ethan Onianwa,ATL,G,Active,,23,0,75,Ohio State,,,3d0e6e66-3554-443f-95c5-ee2285db43bf
13584,Rayshaun Benny,BAL,DT,Active,,24,0,99,Michigan,,,8960260b-59cf-4be2-92e2-213ae5457b90
13585,Evan Beerntsen,BAL,OL,Active,,25,0,60,Northwestern,,,bc8e2111-1805-40ff-bf38-b236b825f6ba
13586,Jackson Kuwatch,CAR,LB,Active,,23,0,46,Miami (OH),,,bc7d3b9c-ca84-4d01-a67f-dcd44755367b
13587,Parker Hughes,JAX,LB,Inactive,IR,23,0,53,Middle Tennessee,,,84362976-ccc5-4d9b-b497-9c1c29aae02b
13588,Zach Durfee,JAX,DE,Active,,24,0,58,Washington,,,b034cece-b390-415a-9107-1806a0adba41
13589,Nadame Tucker,LAC,DE,Active,,26,0,56,Western Michigan,,,d8a95510-4193-11f1-8875-5da9493ec89c
13590,Isaiah World,LAC,OT,Active,PUP,22,0,67,Oregon,,,e44d0700-4192-11f1-843c-47e2fb55e189
13591,Deontae Lawson,PHI,LB,Active,,23,0,47,Alabama,,,295f70a0-4191-11f1-b409-79cc43e2c9fd
13593,Taurean York,DEN,LB,Active,,21,0,42,Texas A&M,,,d234d8c0-4194-11f1-84c7-91a7e0c77f73
13595,Cash Jones,ATL,RB,Active,,24,0,32,Georgia,,,bf110080-418e-11f1-8233-2d15b9a7b86c
13596,Mikail Kamara,SF,DE,Inactive,IR,,0,59,Indiana,,,f113aa90-4190-11f1-aa83-fb31939d70b0
13597,Matthew Caldwell,LAR,QB,Active,,23,0,2,Texas,,,1353bce0-419a-11f1-a1fc-f90f45b488f8
13598,Mason Reiger,MIA,DE,Inactive,IR,24,0,90,Wisconsin,,,8b088fd0-4196-11f1-b42b-111a688b2d6a
13600,Tyren Montgomery,TEN,WR,Active,,25,0,19,John Carroll,,,26b1d8a0-4198-11f1-a9c5-c5da6e8614a1
13601,Logan Fano,CLE,DE,Active,,24,0,97,Utah,,,b97c58b0-4196-11f1-902d-cb15bca1fc22
13602,Jack Strand,ATL,QB,Active,,22,0,18,Minnesota State Moorhead,,,42473280-4199-11f1-bc97-b5b387501a1a
13603,Gregory Desrosiers,LAC,RB,Active,,,0,31,Memphis,,,03870440-41a7-11f1-8994-b37a3c233d26
13604,Sincere Brown,LAC,WR,Active,,,0,38,Colorado,,,41877910-41a6-11f1-a013-8f89c4017ab0
13605,Noah Avinger,LAC,DB,Active,,,0,31,Utah State,,,7fd4d560-41a5-11f1-8b7b-93f2a2057558
13606,Jahmeer Carter,LAC,DL,Active,,,0,61,Virginia,,,9d597c20-41a6-11f1-870e-b92e9e1e7d32
13607,Lander Barton,LAC,LB,Active,,22,0,57,Utah,,,c72e5df0-41a5-11f1-93f0-9fd7fc08bc29
13608,Jerand Bradley,LAC,WR,Active,,23,0,36,Kansas State,,,f15e3b90-41a5-11f1-ac50-6f28a3229a29
13609,Tristan Leigh,MIN,OL,Active,,23,0,63,Clemson,,,03aebf40-41a1-11f1-8b1c-d98078c88221
13611,Marcus Allen,MIN,CB,Active,,22,0,29,North Carolina,,,06929030-419f-11f1-b96d-afa0ac0124a0
13612,Scooby Williams,MIN,LB,Active,,23,0,40,Texas A&M,,,1d0a0040-41a5-11f1-950d-e5ba7c57d8e2
13613,Tyreek Chappell,MIN,CB,Active,,23,0,28,Texas A&M,,,27e38130-41a0-11f1-969f-ffb1a4da8b86
13614,Cam'Ron Stewart,MIN,LB,Active,,,0,49,Temple,,,2c7250c0-41a3-11f1-a96c-97df1aa140c2
13615,Delby Lemieux,MIN,OL,Active,,22,0,62,Dartmouth,,,317928c0-41a1-11f1-88ff-8919310f9741
13616,Da'Veawn Armstead,MIN,CB,Active,,,0,38,North Texas,,,3336f040-419f-11f1-b188-5f5799ab2903
13618,Jacob Thomas,MIN,DB,Active,,22,0,39,James Madison,,,4d4f66c0-41a3-11f1-a352-c13b6429c211
13619,Marcus Sanders,MIN,WR,Active,,22,0,31,Georgia Southern,,,626ffd90-41a2-11f1-861e-556c0beae8b9
13620,Brett Thorson,MIN,P,Active,,26,0,47,Georgia,,,728fafd0-41a3-11f1-9e57-c5cf00f3d7ee
13621,Dillon Bell,MIN,WR,Active,,22,0,89,Georgia,,,8206b840-419f-11f1-8b6b-0d6e41126fa4
13623,Tomas Rimac,MIN,OL,Active,,,0,67,Virginia Tech,,,aa802160-41a1-11f1-8659-652eaa3479d4
13626,Arden Walker,GB,LB,Active,,,0,46,Colorado,,,ff860050-41a4-11f1-bb99-61b4a4fdd697
13627,Devin Grant,LAC,DB,Active,,,0,38,Syracuse,,,204cbd40-41a7-11f1-bf3b-eb59aa5f110a
13629,Jacobian Guillory,LAC,DL,Active,,,0,95,LSU,,,4fb28740-41a7-11f1-9644-5b6a5abe707b
13630,Evan Svoboda,LAC,TE,Active,,23,0,49,Wyoming,,,5109dd10-41ab-11f1-a54a-b3f0520f2e09
13631,Terry Webb,LAC,DL,Active,,,0,64,SMU,,,7ecf8ba0-41ab-11f1-b0f4-c78c1521f15c
13632,Devonte Ross,LAC,WR,Active,,23,0,24,Penn State,,,9103c2d0-41a8-11f1-9556-7dfd6f6421a1
13633,Rodney Shelley,LAC,CB,Active,,,0,24,Georgia Tech,,,af58a750-41a8-11f1-8ad5-d910ffb724bd
13635,Avery Smith,LAC,CB,Active,,22,0,36,Toledo,,,d6066da0-41a9-11f1-a265-01abfcf61716
13636,Jacob Spomer,LAC,C,Active,,,0,60,Fresno State,,,ee367c70-41aa-11f1-8bee-1bbc19a11591
13638,Jay'Viar Suggs,NO,DT,Active,,,0,62,Wisconsin,,,1feb7780-41b4-11f1-911f-b5ad85356a5d
13639,Alex Wollschlaeger,NO,OT,Active,,,0,79,Kentucky,,,4d1e8300-41b4-11f1-ae8d-a9e0cec4c332
13640,Alan Herron,NO,OT,Active,,23,0,70,Maryland,,,7e5ecba0-41af-11f1-b6d1-8379468637e3
13641,Jeremiah McClendon,CLE,CB,Active,,,0,47,Southern Illinois,,,8cd96e80-41b2-11f1-b0cf-d7ae4e697ccd
13643,Michael Heldman,NO,DE,Active,,23,0,63,Central Michigan,,,cef62250-41b1-11f1-985b-cb31865e3411
13645,Michael Wortham,JAX,WR,Active,,,0,0,Montana,,,4ed6b2f0-41b7-11f1-8ac5-bbb76a3ed34d
13646,Jimto Obidegwu,JAX,OL,Active,,,0,62,North Texas,,,a9e9ef50-41b6-11f1-afc7-1b5384b67cc4
13647,Ben Patterson,CLE,WR,Active,,,0,38,Texas Permian Basin,,,1020c970-41bb-11f1-97e8-a50245a5f3a0
13648,Quindarius Dunnigan,JAX,DL,Active,,25,0,59,Michigan State,,,302c3ac0-41bf-11f1-b575-b16c63fa9019
13649,Devin Neal,JAX,DB,Active,,24,0,36,Virginia,,,a1c07dc0-41bc-11f1-aed1-6bb8c94ad8e3
13650,Bryan Thomas,JAX,DE,Active,,,0,57,South Carolina,,,bdda6330-41b8-11f1-90a2-a5115a70dc1d
13652,Jalen Hunt,JAX,DL,Active,,24,0,96,Cincinnati,,,d19fa100-41bd-11f1-9687-175aca129f5c
13653,Preston Hodge,JAX,CB,Active,,,0,26,Colorado,,,d96395d0-41be-11f1-bb2c-dda4fb0ffa37
13654,Devon Marshall,JAX,CB,Active,,21,0,40,NC State,,,ee61cd00-41bc-11f1-b01e-4947c61c1366
13655,Jalen Stroman,SF,DB,Active,,,0,38,Notre Dame,,,42f00390-41c3-11f1-abe8-9353007f2eed
13656,James Thompson,SF,DT,Active,,,0,75,Illinois,,,7966d800-41c2-11f1-97c2-df58e9195611
13658,Brady Boyd,JAX,WR,Active,,24,0,83,Utah State,,,7b3911e0-41c0-11f1-8d41-c7cc7f18a4c0
13659,Garrett DiGiorgio,JAX,G,Inactive,IR,,0,74,UCLA,,,8eb0dab0-41bf-11f1-9450-dd97a857b1ca
13660,T.J. Bollers,JAX,DL,Active,,,0,94,California,,,b9e7ab90-41c0-11f1-9652-c746c549270b
13662,Will Pauling,SF,WR,Active,,23,0,84,Notre Dame,,,4a7c0630-41c9-11f1-a9d2-fd1f2e812bdb
13663,Wesley Grimes,SF,WR,Active,,22,0,18,NC State,,,96cc0120-41c9-11f1-b33d-21e37bffa509
13664,Bryson Eason,SF,DL,Active,,,0,67,Tennessee,,,0f82e450-41d2-11f1-9ecc-fb077479adcb
13665,Jack Bouwmeester,LAR,P,Active,,27,0,14,Texas,,,ff777600-41d3-11f1-87fb-1b5974484a8a
13670,Harrison Wallace,ARI,WR,Active,,23,0,30,Ole Miss,,,38305450-4259-11f1-8903-9383895bb91d
13671,Damonic Williams,ARI,DT,Active,,21,0,96,Oklahoma,,,80261ce0-4259-11f1-8889-95bac8ee7b3f
13672,Wydett Williams,ARI,DB,Active,,,0,31,Ole Miss,,,b8189f60-4259-11f1-95c1-a74e41699e98
13674,Chris Hilton,GB,WR,Active,,23,0,37,LSU,,,bb529080-4260-11f1-a80d-bff068733e76
13675,Fred Davis,WAS,CB,Active,,,0,38,Northwestern,,,eb8fc430-425f-11f1-8a46-a1a7de310800
13676,Deshawn McKnight,TB,DL,Active,,,0,73,Arizona,,,ae73c9b0-4265-11f1-968b-73d52a22bbb8
13678,Jack Pyburn,TB,DE,Active,,22,0,58,LSU,,,cf05ccf0-4265-11f1-968b-73d52a22bbb8
13679,Jalen McMurray,TEN,CB,Active,,23,0,16,Tennessee,,,1d5664c0-4264-11f1-9ea4-439253eb4fca
13680,Bishop Fitzgerald,TEN,DB,Active,,23,0,31,USC,,,256b7c40-4264-11f1-9ea4-439253eb4fca
13683,Aamil Wagner,TEN,OT,Active,,22,0,69,Notre Dame,,,a6194190-4261-11f1-9554-bd4daf1f0940
13686,Aidan Hubbard,SEA,DE,Active,,23,0,93,Northwestern,,,37181dd0-426a-11f1-8658-11038d7bedf8
13687,Marvin Jones,SEA,DE,Active,,22,0,59,Oklahoma,,,497cd380-426a-11f1-8658-11038d7bedf8
13690,Uso Seumalo,SEA,DT,Active,,24,0,92,Kansas State,,,8ddaba30-4268-11f1-ada3-a5290cf26ed3
13694,Kani Walker,BUF,DB,Active,,,0,41,Arkansas,,,4e909510-426e-11f1-afac-9da1b29cd28b
13696,Ja'Mori Maclin,BUF,WR,Active,,24,0,84,Kentucky,,,95c171e0-426c-11f1-90b2-7d51536c8a9e
13697,Da'Metrius Weatherspoon,BUF,OL,Active,,,0,76,Syracuse,,,a8f43080-426d-11f1-a111-ef3ea2681733
13698,Max Tomczak,BUF,WR,Active,,,0,80,Youngstown State,,,cf78aed0-426c-11f1-bbe3-458e19d5b879
13700,James Brockermeyer,ATL,C,Active,,24,0,66,Miami (FL),,,0a634300-426a-11f1-8ffe-69d01835465b
13701,Carlos Allen,ATL,DT,Active,,24,0,79,Houston,,,836be950-426a-11f1-b1e0-670f822a7f33
13703,Kam Dewberry,ATL,OL,Active,,,0,61,Alabama,,,c7393350-4269-11f1-bd6b-ef8cf6044d49
13704,Riley Mahlman,ATL,OT,Active,,23,0,76,Wisconsin,,,e39ecaf0-4269-11f1-a61a-c9dd372a8fd1
13705,Ty Pezza,BAL,TE,Active,,23,0,84,Brown,,,3bb4c580-426c-11f1-a7fd-f3a03eab10e8
13706,Aaron Hall,CAR,DT,Active,,23,0,61,Duke,,,3741d3a0-426f-11f1-ba59-8916d8b5cc8c
13708,Kobe Prentice,NE,WR,Active,,22,0,19,Baylor,,,bf715f30-426e-11f1-8cc0-9f1129d6471a
13709,Isaia Glass,CAR,OL,Active,,22,0,74,Vanderbilt,,,f2805b10-426e-11f1-9a84-9dfe40c9dbd6
13711,Jayden Loving,CHI,DT,Active,,23,0,91,Wake Forest,,,5afd4a10-4272-11f1-b215-ef2b877d415d
13712,Hayden Large,CHI,TE,Active,,24,0,43,Iowa,,,766b7ed0-4271-11f1-b788-bb88ff156f8c
13714,Caden Barnett,CHI,OG,Active,,23,0,76,Wyoming,,,a5ad6d20-4271-11f1-b94a-d3db1c0b409a
13715,Beau Gardner,CHI,LS,Active,,24,0,45,Georgia,,,a9bdb350-4273-11f1-ad0e-7b74cc362851
13716,Josh Kreutz,IND,OL,Active,,23,0,61,Illinois,,,dea3a400-4271-11f1-867e-4f9237693402
13718,Eric Gentry,CIN,LB,Active,,23,0,58,USC,,,71f08bc0-4276-11f1-9f6d-b1e3051ec26e
13719,Corey Robinson,CIN,OL,Active,,,0,77,Arkansas,,,aa3dcde0-4275-11f1-878f-c1a149fa3084
13721,Jack Dingle,CIN,LB,Active,,23,0,59,Cincinnati,,,e901eb60-4275-11f1-a5fe-9bb6c352afdb
13723,Devan Boykin,PIT,DB,Active,,,0,40,Indiana,,,275bf1e0-4275-11f1-a232-99028fefbd9a
13726,Camden Brown,DAL,WR,Active,,,0,6,Georgia Southern,,,4d049250-4278-11f1-b3d1-bb3960424d63
13727,Lardarius Webb,BAL,DB,Active,,23,0,34,Wake Forest,,,18a712e0-4277-11f1-bfb7-e5659cc5f69b
13728,Nick Dawkins,BAL,OL,Active,,24,0,53,Penn State,,,19698a70-4275-11f1-9221-83994215dc32
1373,Geno Smith,NYJ,QB,Active,,35,13,7,West Virginia,15864,00-0030565,cfc93f5e-105e-4a5e-88d3-f4279893cfa8
13730,Diego Pounds,BAL,OT,Active,,23,0,61,Ole Miss,,,39ba6600-4275-11f1-b824-6f97666e6fa9
13732,Aaron Graves,BAL,DT,Active,,23,0,59,Iowa,,,440fdb20-4276-11f1-aab8-5736e0b32747
13733,Ethan Burke,BAL,DE,Active,,23,0,45,Texas,,,6507f330-4276-11f1-9d6a-ad333a5ed912
13735,Dominic DeLuca,BAL,LB,Active,,24,0,42,Penn State,,,af8e78c0-4276-11f1-a222-c378f853240d
13736,Reid Williford,BAL,LB,Active,,22,0,57,Charlotte,,,d51f2bc0-4276-11f1-83c0-c3bbd362870b
13737,Silas Walters,BAL,DB,Active,,24,0,36,Miami (OH),,,f66c8fc0-4276-11f1-9e37-35d7ad2a8e6f
13739,Erick Hunter,DET,LB,Active,,23,0,48,Morgan State,,,3f146610-427e-11f1-b457-636db5db1d5c
13740,Aamaris Brown,DET,DB,Active,,,0,42,UNLV,,,7fe1c110-427e-11f1-9f56-2f00492c210d
13741,Melvin Priestly,DET,OL,Active,,,0,74,Illinois,,,c41f3200-427d-11f1-90f6-271e508dfca2
13743,Joseph Manjack,DEN,WR,Active,,23,0,86,TCU,,,bfa30010-427a-11f1-b54a-6b9033e6abba
13744,Cameron Ross,DEN,WR,Active,,25,0,87,Virginia,,,e61cb380-427a-11f1-bbe0-cfdc75a3a8e1
13745,Zion Washington,CLE,DB,Active,,23,0,34,Boise State,,,073f6890-427c-11f1-af0f-23ac62041565
13747,Khordae Sydnor,CLE,DL,Active,,,0,90,Vanderbilt,,,5bc8e860-427b-11f1-bae6-01775212bc7f
13748,Wes Pahl,CLE,P,Active,,24,0,36,Oklahoma State,,,5ed6cf30-427c-11f1-b0ed-0dfa6cf1bf74
13749,Kole Wilson,CLE,WR,Active,,22,0,87,Baylor,,,96ba6f80-427a-11f1-8713-1fbce8f11482
13751,Michael Coats,CLE,CB,Active,Questionable,25,0,39,West Virginia,,,a02bed40-427b-11f1-aa87-612c4109ec57
13752,Tyreak Sapp,CLE,DE,Active,,23,0,64,Florida,,,d14a8040-427a-11f1-b75b-07e060f31117
13753,DeCarlos Nicholson,CAR,CB,Active,,24,0,41,USC,,,d6556f90-427b-11f1-aab1-234647a9b0c6
13754,Langston Patterson,DAL,LB,Active,,23,0,47,Vanderbilt,,,1994edf0-427a-11f1-8cdd-9db3fe0358fb
13755,Shiyazh Pete,DAL,OT,Active,,23,0,75,Kentucky,,,92fe4750-4279-11f1-ac66-8fa72dc0bb17
13756,Tommy Dunn,DAL,DT,Active,,22,0,95,Kansas,,,b9d3fd70-4279-11f1-970e-339a21bf31d2
13757,Kelvin Gilliam,DAL,DT,Active,,23,0,94,Virginia Tech,,,d8621a60-4279-11f1-b9e6-fd588e466732
13759,DJ Withers,DAL,DT,Active,,,0,59,Kansas,,,f63d13f0-4279-11f1-9c40-67c5be198cf8
13760,Jaden Bradley,WAS,WR,Active,,,0,86,UNLV,,,98050c60-4284-11f1-be19-512d56d5c208
13761,Jeffrey M'ba,WAS,DL,Active,,26,0,60,SMU,,,e21f4620-4285-11f1-a668-95a7cb66ad0f
13762,Paul Rubelt,TB,OL,Active,,,0,76,UCF,,,316082b0-4288-11f1-b515-b9c0c574147a
13763,Javin Wright,TB,LB,Active,,,0,48,Nebraska,,,599dd490-4287-11f1-99fe-65408a2ab141
13765,Stephen Hall,HOU,CB,Active,,,0,41,Missouri,,,6d677170-4287-11f1-83d6-918e9456d351
13767,James Neal,HOU,OT,Active,,,0,70,Iowa State,,,c1f5d340-4286-11f1-a7f0-fda7bd679153
13769,Collin Wright,HOU,CB,Active,,,0,37,Stanford,,,f821aa10-4287-11f1-a2f4-3700b34f1000
13770,J. Michael Sturdivant,GB,WR,Active,,23,0,87,Florida,,,30924f80-4283-11f1-a96f-9ba42ea77973
13771,Nyjalik Kelly,GB,DE,Active,,21,0,47,UCF,,,5de48650-4284-11f1-97a9-bf46f0cfc610
13774,Josh Gesky,GB,G,Active,,,0,76,Illinois,,,a2671690-4283-11f1-8fd3-79098b64b352
13775,TJ Quinn,GB,LB,Active,,,0,40,Louisville,,,dfcf9bb0-4283-11f1-904b-4bbe129d43b6
13776,Hank Beatty,TEN,WR,Active,,22,0,13,Illinois,,,fb57c440-4286-11f1-b0d5-63e51710be49
13778,EJ Smith,KC,RB,Active,,24,0,35,Texas A&M,,,23334610-4291-11f1-9ea6-9949f2621be7
13780,Terion Stewart,KC,RB,Active,,24,0,,Virginia Tech,,,9dfa1720-4291-11f1-8ff5-8dccd5ef548d
13783,Raylen Sharpe,IND,WR,Active,,,0,8,Arkansas,,,00d75c70-428a-11f1-9920-ebcc0deb14cd
13784,Cameron Ball,IND,DT,Active,,23,0,64,Arkansas,,,6ae10d50-428a-11f1-ac0d-095e5ae4f6b4
13785,West Weeks,IND,LB,Active,,,0,47,LSU,,,7406dc10-428b-11f1-9002-dff06dc368d5
13786,Austin Brown,IND,DB,Active,,22,0,31,Wisconsin,,,a04a3af0-428c-11f1-970d-01043e458a3f
13787,Tahj Chambers,IND,LB,Active,,,0,44,Ole Miss,,,a318af20-428a-11f1-8978-cd39d6f7ae4d
13788,Mitchell Melton,IND,DE,Active,,,0,54,Virginia,,,e20b56b0-428a-11f1-b383-d3e93bc92ef9
13789,Pete Nygra,KC,OL,Active,,,0,50,Louisville,,,07966030-4292-11f1-9e48-39f2fd6d2071
1379,Kyle Juszczyk,SF,FB,Active,Questionable,35,13,44,Harvard,16002,00-0029892,67da5b5c-0db9-4fbc-b98d-7eb8e97b69f6
13790,Zelmar Vedder,KC,DB,Active,,,0,47,Houston,,,0bb57370-4294-11f1-a6e2-4fff0c7bb054
13791,Wesley Bissainthe,KC,LB,Active,,22,0,59,Miami (OH),,,23d3e0f0-4293-11f1-99a7-715862b207e1
13792,Josh Thompson,KC,G,Active,,,0,62,LSU,,,3f22a6d0-4292-11f1-9f14-9fa77c95f1af
13793,Xavier Nwankpa,KC,DB,Active,,22,0,29,Iowa,,,554515e0-4294-11f1-8189-7d44b99d6999
13794,DeShon Singleton,KC,DB,Active,,23,0,25,Nebraska,,,8fcb3b90-4294-11f1-84d7-3bacfc7c3502
13795,VJ Anthony,KC,DE,Active,,22,0,98,Duke,,,a1e95d40-4292-11f1-bec3-b96673b67df1
13798,Ethan Hurkett,KC,DL,Active,,,0,54,Iowa,,,dfcb0a00-4292-11f1-bde4-55544a010def
13799,Tyler Duzansky,LV,LS,Active,,,0,,Penn State,,,05ad5710-42a1-11f1-b573-6b5c6e72974a
138,Ben Roethlisberger,PIT,QB,Active,,39,18,7,Miami (OH),5536,00-0022924,ea357add-1a41-4a8b-8f34-bbfade7f4d98
13800,Xavian Sorey,LV,LB,Active,,24,0,53,Arkansas,,,06417630-42a0-11f1-a0ea-8ff5d7b9e694
13801,Isaiah Jatta,LV,OT,Active,,,0,72,BYU,,,415dd350-429e-11f1-9e67-199252b06970
13802,Jacob Clark,LV,QB,Active,,25,0,,Missouri State,,,684e3a30-429a-11f1-87f0-096da8903336
13804,Kansei Matsuzawa,LV,K,Active,,27,0,17,Hawai'i,,,b68b2950-42a0-11f1-857e-4b227ded526c
13805,E.J. Williams,LV,WR,Active,,24,0,88,Indiana,,,be5292d0-429c-11f1-93f6-a3d354743173
13806,Matt Lauter,TEN,TE,Active,,,0,,Boise State,,,c44968c0-429d-11f1-b68c-8743ccb81d58
13807,Gary Smith,LV,DT,Active,,24,0,75,UCLA,,,c92e8b20-429f-11f1-8b3e-a756bb2d0866
13808,Wesley Bailey,LAR,DL,Active,,,0,47,Louisville,,,008e8d70-42a7-11f1-8ff8-33ecf41a6316
13809,Nikhai Hill-Green,LAR,LB,Active,,25,0,54,Alabama,,,1673cc70-42a9-11f1-8b0c-83aabe06dd2a
13810,Rohan Jones,LAR,TE,Active,,,0,46,Arkansas,,,9fe94ce0-42a5-11f1-8ad6-b5c08e66f319
13812,Eddie Walls,LAR,DL,Inactive,IR,,0,51,Houston,,,f04e48f0-42a7-11f1-8c38-5d019bd4fe2f
13813,Laith Marjan,PIT,K,Active,,,0,34,Kansas,,,8a370f50-42a4-11f1-befb-e92b8d1cca96
13814,Nick Andersen,LAR,DB,Active,,24,0,45,Wake Forest,,,9167d290-42aa-11f1-92e2-bdef4861620f
13815,Rene Konga,MIA,DL,Inactive,IR,23,0,95,Louisville,,,3a6498d0-42ae-11f1-b70c-095718df0050
13816,Mark Gronowski,MIA,QB,Active,,24,0,16,Iowa,,,4dde2140-42ab-11f1-910d-8569d31b1363
13817,Louis Moore,MIA,DB,Active,,25,0,41,Indiana,,,83c49fc0-42ae-11f1-86ee-1d80e95d865b
13819,Kevin Jobity,PIT,DL,Active,,,0,92,Syracuse,,,42014c00-42ae-11f1-87f2-673503972815
13820,Tucker Large,PHI,DB,Active,PUP,,0,37,Washington State,,,191b3600-42ba-11f1-b015-6d5e50d45356
13821,Rocco Underwood,PHI,LS,Active,,,0,37,Florida,,,76923680-42ba-11f1-bebe-a57a58c798e2
13822,Jaeden Roberts,ATL,OL,Active,,23,0,64,Alabama,,,9c3523e0-42b8-11f1-89db-3f7b8d31c606
13823,Kapena Gushiken,PHI,DB,Active,,24,0,34,Ole Miss,,,d246e300-42b9-11f1-8e20-218fdf46acf6
13824,Joshua Weru,PHI,DE,Active,,,0,46,Loughborough,,,db8bbd60-42b8-11f1-90b8-b167b9385751
13825,Malik McClain,NYJ,WR,Active,,,0,84,Arizona State,,,17641ab0-42bb-11f1-9f99-fb99057fe96c
13826,Caullin Lacy,NYJ,WR,Active,,24,0,35,Louisville,,,b3906110-42ba-11f1-894b-1bf81f6c216b
13827,Tanner Arkin,NE,TE,Active,,23,0,84,Illinois,,,41b6b4d0-42b6-11f1-a54d-ffb403408d6a
13828,Channing Canada,NE,CB,Active,,,0,29,TCU,,,710f9110-42b7-11f1-b692-2b31663f2c81
13829,David Blay,PHI,DT,Active,,23,0,64,Miami (FL),,,a89b30e0-42b6-11f1-929f-b150d5e57a50
13830,Kyle Dixon,NE,WR,Active,,25,0,83,Culver-Stockton,,,bebc5680-42af-11f1-adfc-3df37c519cef
13832,Ben Mann,NYG,LS,Active,,,0,58,Boston College,,,bbeab790-42bd-11f1-ac88-85286a58f7c9
13833,Dominic Zvada,NYG,K,Active,,22,0,34,Michigan,,,f2df2b00-42bd-11f1-a42d-413e277eb123
13834,Cody Hardy,NO,TE,Active,,,0,86,NC State,,,c03bad10-42bb-11f1-b5dd-27b9c183840a
13839,Chase Curtis,NYJ,TE,Active,,,0,87,TCU,,,eb833c40-42bb-11f1-a7de-013e4abcee3d
13840,Cameron Robertson,ARI,DE,Active,,22,0,49,SMU,,,8813be80-42c2-11f1-a012-87fc89e1eb8e
13843,Theron Gaines,BUF,LB,Active,,,0,54,,,,c57de1f0-431d-11f1-98ce-cb5ed05cd366
13845,Elijah Culp,ARI,CB,Active,,23,0,26,James Madison,,,51900640-431a-11f1-8399-63713c1e6fd3
13846,Jack Velling,ATL,TE,Active,,,0,84,Michigan State,,,87aa9f00-431b-11f1-ac73-13a0e1220921
13848,Matthew McDoom,CIN,CB,Active,,23,0,35,Cincinnati,,,12b05f90-431c-11f1-83e9-33341717f97f
13849,Cortez Braham,BAL,WR,Active,,26,0,82,Memphis,,,36f50a90-431c-11f1-a80e-478794cecc21
13850,Octavian Smith,BAL,WR,Active,,23,0,87,Maryland,,,a2fdf160-431d-11f1-aa5d-bb62871c46fc
13851,Jahquez Robinson,BAL,DB,Inactive,IR,25,0,41,Auburn,,,af562640-431c-11f1-a232-579c99857ba4
13852,Dontae McMillan,BAL,RB,Active,,24,0,36,Eastern Michigan,,,e908cf50-431c-11f1-a29d-11fb11746e9d
13853,Cam Miller,CAR,CB,Active,,,0,42,Rutgers,,,35472190-431e-11f1-b59d-9f1ed0057da2
13854,Malik Spencer,WAS,DB,Active,,,0,36,Michigan State,,,6191b2c0-4327-11f1-b5e1-7db6378af8cd
13855,Austin Blaske,LAR,OL,Active,,,0,64,,,,1f9a2510-4326-11f1-9298-47508eaf1bd3
13856,Darryl Peterson,LAR,LB,Active,,,0,59,Wisconsin,,,fd1a8d30-4326-11f1-bff5-fb81daa4567d
13857,Bryce Phillips,MIN,DB,Active,,,0,45,San Diego State,,,4e5960c0-4324-11f1-8978-bfa548d20459
13858,Caleb Offord,LV,CB,Active,,24,0,39,Kennesaw State,,,9301b690-4325-11f1-ab20-ddbf1973f0a2
13860,Sabastian Harsh,HOU,DE,Active,,,0,74,NC State,,,5f005650-4323-11f1-9ef6-19d0346447bb
13861,Daniel Sobkowicz,HOU,WR,Active,,23,0,17,Illinois State,,,90250e60-4323-11f1-aefa-a7f05498862d
13862,Treyvhon Saunders,HOU,WR,Active,,,0,14,Colgate,,,c366da10-4323-11f1-afc9-131e6f78b621
13863,Murvin Kenion,GB,DB,Active,,,0,39,Nevada,,,ba1df2f0-4322-11f1-a40a-f3839e0f339e
13865,Dasan McCullough,DEN,LB,Active,,23,0,57,Nebraska,,,65862d30-4321-11f1-9dc5-aff797125ef8
13866,Luke Basso,DEN,LS,Active,,23,0,43,Oregon,,,9eb96280-4320-11f1-8872-7357727c3a2f
13868,Thaddeus Dixon,NYG,CB,Inactive,IR,24,0,39,North Carolina,,,06fec5c0-432f-11f1-a52c-7fd0987faaed
13869,Anquin Barnes,NYG,DT,Active,,3,0,66,Colorado,,,5a76e020-432f-11f1-92e2-298ca838e057
13870,Quentin Moore,WAS,TE,Active,,,0,40,Washington,,,93655d90-4329-11f1-9f9d-c3887298df33
13871,Tanoa Togiai,WAS,G,Active,,23,0,62,Utah,,,cebf4370-4328-11f1-bfd6-2fd3d68707af
13872,Jaxson Moi,LAR,DT,Active,,22,0,98,Tennessee,,,13baec90-432e-11f1-b3d5-fd85c1e2f939
13873,Sam Scott,NYJ,RB,Active,,,0,25,Wyoming,,,0b509e40-4330-11f1-96db-af366dfd645d
13874,Mory Bamba,NYJ,CB,Active,Questionable,25,0,38,BYU,,,54b5ae40-4330-11f1-b6e4-a9003b921fad
13875,Sean Brown,TEN,LB,Inactive,IR,23,0,48,NC State,,,5e3dd000-432b-11f1-95bf-1772f60e2d25
13877,Maximus Pulley,PHI,DB,Active,,,0,36,Wofford,,,afec82c0-4330-11f1-8cff-f7bce7441730
13878,Ka'ena De Cambra,ARI,C,Active,,,0,62,Arizona,,,3c28ee90-4331-11f1-8baa-0990cbdb74b0
13879,Jameson Geers,ARI,TE,Inactive,IR,23,0,46,Minnesota,,,72669520-4331-11f1-badb-d10de616beeb
13880,Bryce Henderson,LAR,OL,Active,,,0,70,Vanderbilt,,,2a7426f0-433c-11f1-8269-a5862541dba9
13881,Al'zillion Hamilton,LAR,DB,Active,,,0,31,Fresno State,,,9618d0e0-4341-11f1-bcb7-231ee22286b1
13882,Ryan Schernecke,NYG,OL,Active,,,0,70,Kutztown,,,33471690-4344-11f1-bc63-eb4b623594e6
13883,Payton Zdroik,LAR,DL,Active,,,0,62,Air Force,,,c1c6c960-4349-11f1-9d2e-2d8cbdd8b4e3
13885,JonDarius Morgan,NE,OL,Active,,,0,69,UAB,,,915fa3e0-4368-11f1-8670-e1bc87828e30
13887,Nyzier Fourqurean,LAR,CB,Active,,24,0,25,Wisconsin,,,65856940-4376-11f1-b923-afc9ce3cc0aa
13889,Levi Wentz,PIT,WR,Active,,,0,28,Kansas,,,c066b220-44d3-11f1-bf2f-055061f61b2d
13890,Michael Briscoe,MIN,WR,Active,,,0,46,Cal Poly,,,219ae1b0-44d4-11f1-b73f-c7ce88c331dc
13891,Rasheed Miller,TEN,OL,Active,,25,0,62,Louisville,,,1bd52150-44e8-11f1-bc84-8156ec19372e
13893,Mani Powell,TEN,LB,Active,,23,0,49,Purdue,,,999498f0-44e8-11f1-9b54-79ca2836c737
13895,Cian Slone,LV,DE,Active,,23,0,48,NC State,,,1dc96680-4504-11f1-91ce-b9938c019865
13896,Devin Lafayette,LV,DB,Active,,,0,,Troy,,,57756ac0-4502-11f1-9f86-518d9113a178
13898,Corey Rucker,LV,WR,Inactive,IR,24,0,82,Arkansas State,,,991fe9e0-4503-11f1-9b4d-f158c07df522
13899,Amari McNeill,KC,DT,Active,,,0,93,Colorado,,,535b9720-458e-11f1-81f5-817b05a22f50
13900,Cole Brevard,KC,DT,Active,,24,0,96,Texas,,,60c49530-458c-11f1-a594-2d7c77a2d9d8
13902,Damon Payne,KC,DT,Active,,23,0,90,Michigan,,,c6025430-458e-11f1-83d1-d55c2c9ad4e9
13903,D'Arco Perkins-McAllister,KC,CB,Active,,23,0,19,Louisiana-Monroe,,,dce18e20-4591-11f1-ac38-497baf86f65d
13904,Jacob De Jesus,KC,WR,Active,,,0,80,California,,,e0244f50-458c-11f1-9a11-ab5d13db5b69
13905,Omari Evans,KC,WR,Active,,22,0,7,Washington,,,f4222620-458d-11f1-b387-6df914a75a80
13906,Jaden Nixon,GB,RB,Active,,,0,35,UCF,,,3e1441a0-4593-11f1-8f1e-e99a68a5f083
13907,Dillon Wade,GB,G,Active,,,0,68,Auburn,,,786ca090-4593-11f1-b053-b9672e8ca053
13908,Dylan Barrett,GB,G,Active,,,0,74,Iowa State,,,8ca54860-4592-11f1-ab8c-b9c119c5a3ce
13909,Elijah Tau-Tolliver,BAL,RB,Active,,23,0,34,Michigan State,,,6fe63430-4594-11f1-b9ac-57fcf0dd2ce3
13910,Dion Wilson,BAL,DL,Active,,24,0,58,Syracuse,,,b7bf4d00-4594-11f1-b59b-cd643487454a
13911,Kamar Missouri,LV,OL,Active,,24,0,62,UTSA,,,3c855f60-46b3-11f1-bfa1-a9df50a41843
13912,Niklas Henning,LV,T,Active,,,0,73,Queens,,,9fae5a10-46b3-11f1-bf4c-775d555375e8
13913,Patrick Gurd,LV,TE,Active,,,0,45,Cincinnati,,,ae032240-46b2-11f1-b3a8-d3774200f67e
13914,Devyn Perkins,LV,DB,Active,,,0,49,Utah Tech,,,edf99ab0-46b1-11f1-800b-c1126acd7a27
13915,Khalil Jacobs,NE,LB,Active,,22,0,27,Missouri,,,9e56d200-4703-11f1-ab99-b92bda28f592
13916,Xavier Loyd,KC,WR,Active,,23,0,17,Missouri,,,09fa94b0-47d1-11f1-a2a2-e7445085a1e9
13917,Marlen Sewell,CHI,DB,Active,,,0,36,Vanderbilt,,,2d588930-47d1-11f1-accb-1578b3778048
13918,Kahlil Benson,KC,T,Active,,24,0,70,Indiana,,,b5770850-47d1-11f1-a275-69f17c5a8385
13919,DJ Wingfield,DAL,OL,Active,,25,0,64,Purdue,,,b116cd60-47cf-11f1-b90a-3144eb1900d9
13922,Sam Hagen,HOU,OL,Active,,,0,76,South Dakota State,,,66b28ac0-4a1d-11f1-a49e-f57b0a68b047
13923,Joshua Pitsenberger,HOU,RB,Inactive,IR,,0,31,Yale,,,beff3f00-4a1a-11f1-8863-0f0f5f97b205
13924,Dominic Bailey,HOU,DL,Active,,,0,73,Tennessee,,,c5df9520-4a1c-11f1-a77b-69ccb20d5ee5
13926,Ben Barten,NYG,DL,Active,,24,0,68,Wisconsin,,,3ad47000-4a61-11f1-aeaa-73fa20174fb9
13928,Geno VanDeMark,IND,OL,Active,,,0,63,Alabama,,,34be45e0-4a9a-11f1-812e-c343b0c476f2
13929,Sahmir Hagans,IND,WR,Active,,,0,11,Duke,,,3896b000-4a98-11f1-a0d7-7d827fdcba86
13932,Jim Bonifas,MIA,OL,Active,,,0,62,Iowa State,,,02f731b0-4afa-11f1-bad5-2d2617e6007a
13933,Kevin Cline,MIA,OL,Active,,,0,79,Boston College,,,5d1654a0-4afa-11f1-9fec-3bae0eaf0896
13934,Rodney McGraw,MIA,DL,Active,,,0,59,Western Michigan,,,b2870020-4af9-11f1-b0c9-876af633df92
13935,Kahlil Saunders,NO,DL,Active,,,0,67,Kentucky ,,,bf8ca120-4afa-11f1-96d0-c7d09bce54b6
13936,Cade Denhoff,BUF,DE,Active,,23,0,57,Clemson,,,3c3dba30-4af4-11f1-9b49-bfbd7c985b5e
13938,Jordan Dunbar,BUF,CB,Active,,,0,36,Missouri State,,,964bc620-4af4-11f1-b5ba-0fae92e0faa4
13940,Bruno Fina,BUF,OL,Active,,,0,75,Duke,,,ef720a20-4af4-11f1-a04b-717bff96a778
13941,Omari Kelly,CHI,WR,Active,,,0,82,Michigan State,,,2420d250-4b00-11f1-828d-0f3b7e7532bf
13942,Jaren Kump,CHI,C,Active,,,0,64,Utah,,,57ce2680-4aff-11f1-badc-2b4dad01c8dc
13944,Mason Murphy,CHI,OT,Active,,,0,63,Auburn,,,ba2f1640-4aff-11f1-82c0-2d6ffc382434
13945,Nolan Rucci,IND,OT,Active,,24,0,76,Penn State,,,c9ba42f0-4afb-11f1-9b20-d38950f3bfea
13946,Jamal Haynes,CIN,RB,Active,,23,0,24,Georgia Tech,,,771ff380-4afd-11f1-9d8a-8597778b0ecc
13947,Christian Jones,CIN,OT,Active,,,0,76,San Diego State,,,cd1ff140-4afd-11f1-9860-db2a36286b4d
13948,Liam Brown,CIN,OG,Active,,,0,60,Montana,,,dadd0d50-4afc-11f1-b1d3-87f5a41c02aa
13949,Damon Bankston,NYG,RB,Active,,23,0,37,New Mexico,,,cfa33ec0-4b13-11f1-8161-c93330a9a32d
13950,Xavier Hill,NYJ,OL,Active,,,0,76,Colorado,,,04ba5190-4b12-11f1-aeb0-59038f12041a
13951,Nathan Voorhis,NYJ,DE,Active,,,0,69,Ball State,,,74315280-4b12-11f1-9d2f-6fd50c38cd64
13953,Nate Evans,CLE,CB,Active,Questionable,,0,43,Delaware,,,650512e0-4b0f-11f1-9c7a-c7a94a50702a
13954,Izavion Miller,CLE,G,Active,,,0,60,Auburn,,,cc9e6000-4b0f-11f1-9f6c-b7653fc2ea13
13955,Josiah Green,TB,DT,Active,,23,0,96,Duke,,,0b0209d0-4b17-11f1-b280-5b769f3469e8
13957,Kenny Fletcher,TB,TE,Active,,,0,81,Rutgers,,,3bee9050-4b16-11f1-9ed7-39626f63fb16
13959,Ayden Garnes,TB,DB,Active,,23,0,24,Arizona,,,6b6f3fe0-4b17-11f1-96e9-6fca010a0de9
13961,Henry Lutovsky,TB,OG,Active,,23,0,61,Nebraska,,,af514a60-4b16-11f1-9de9-c1aee4d8229d
13962,Cameron Dorner,NE,WR,Active,,,0,88,North Texas,,,6a84d120-4b1d-11f1-97a7-67f28df70415
13963,Nick DeGennaro,NE,WR,Active,,,0,23,James Madison,,,f8030130-4b1c-11f1-be6b-7b75def7b553
13965,Kenneth Harris,NE,CB,Active,,,0,36,Oklahoma State,,,8b54ab40-4b1e-11f1-9b2a-e76f3805cd45
13966,Jacob Rizy,NE,OL,Active,,,0,64,Florida State,,,c3babaa0-4b1f-11f1-adbb-bd89ccb55d88
13967,Jimmy Kibble,NE,WR,Inactive,IR,,0,19,Georgetown,,,f24b76d0-4b1e-11f1-bdac-955e5820bf35
13968,Drew Stevens,WAS,K,Active,,22,0,19,Iowa,,,4f268040-4b31-11f1-ab56-ddbbfa067d51
13970,Riley Wilson,NE,LB,Active,,,0,51,Arizona,,,4a56c860-4b34-11f1-bfa7-fd97222ec904
13971,Caden Fordham,TB,LB,Active,,23,0,46,NC State,,,a935e460-4b34-11f1-9373-0748d497523d
13973,Keelan Marion,ATL,WR,Active,,26,0,85,Miami (FL),,,6e9e95c0-4b36-11f1-8843-3d4078131da2
13974,Malcolm DeWalt,ATL,CB,Active,,,0,36,Akron,,,7236cd20-4b35-11f1-bea8-033ff7d5e333
13977,Devonta Smith,CAR,CB,Active,,,0,43,Notre Dame,,,28fe52c0-4b32-11f1-bb94-572e588a4e80
13978,Albert Reese,CAR,OT,Active,,24,0,76,Mississippi State,,,5d12a620-4b31-11f1-a885-756e8a36351f
13979,Isaiah Smith,CAR,LB,Active,,22,0,47,SMU,,,a97b8ad0-4b32-11f1-8faf-9f6e075a6591
13980,Parker Petersen,CAR,DT,Active,,23,0,69,Wisconsin,,,f0061580-4b30-11f1-8d7a-f9a8f5085e7d
13981,Kolbe Katsis,DEN,WR,Active,,24,0,81,Northern Arizona,,,10b67fc0-4b3d-11f1-833d-a753d7c87b23
13982,Gavin Ortega,DEN,C,Active,,22,0,68,Weber State,,,153311c0-4b3e-11f1-88fe-e184e1b9711f
13983,Ahmari Harvey,MIA,DB,Active,,23,0,30,Georgia Tech,,,58270830-4b3c-11f1-a419-9335a90472b5
13984,Tyler Miller,DEN,OL,Active,,,0,71,Iowa State,,,ae4e95b0-4b3d-11f1-a9d1-a13de1c681c0
13985,William Wright,CHI,DB,Active,,,0,6,Tennessee,,,1b8e75e0-4b3f-11f1-9c0e-75222acd5b0e
13986,Parker Robertson,DEN,DB,Active,,24,0,36,Oklahoma State,,,797348d0-4b3e-11f1-b46a-d5a5bd7d5608
13987,Smith Vilbert,MIN,DL,Active,,25,0,91,North Carolina,,,d3db2330-4baf-11f1-94b6-2918f9fd06b5
14008,Rodney Hammond,DEN,RB,Active,,23,0,,Sacramento State,,,f6c666a0-4bd9-11f1-a146-85ef6e4a878f
14013,Tyce Westland,DEN,DE,Active,,23,0,,Wyoming,,,444419e0-4bdf-11f1-a008-95f844e73138
14020,Dean Patterson,TB,WR,Active,,,0,8,Georgia Tech,,,0ad102d0-4d48-11f1-8f50-a549c1d0f800
14021,Kadarius Calloway,TB,RB,Inactive,IR,,0,49,New Mexico State,,,5ed00070-4d48-11f1-ad0f-8901f12a0d89
14022,Yasir Holmes,TB,LB,Active,,,0,57,Tarleton State,,,b842fa50-4d47-11f1-bfde-2daa10b4fe87
14023,Jaden Keller,NYJ,LB,Active,,,0,48,Virginia Tech,,,c8783060-4d48-11f1-80ad-d93d3b17be72
14024,Bangally Kamara,MIN,LB,Active,,24,0,59,Kansas,,,2ee1f0a0-4d69-11f1-b7e5-f79cbf59c1e6
14025,Peter Manuma,NE,DB,Active,,,0,34,Hawai'i,,,fc178260-4d69-11f1-9a5f-571030191bbc
14026,DJ Herman,MIA,LB,Active,,,0,34,San Diego State,,,2d762340-4d77-11f1-bbe8-cb22edd46968
14027,Greg Crippen,PIT,OL,Active,,24,0,61,Michigan,,,7e353820-4d77-11f1-9e03-5bb9a9fc7b2d
14028,Daveren Rayner,ATL,LB,Active,,,0,42,Kentucky,,,59e7f710-4d76-11f1-ad50-2714eff43be9
14029,Johnny Pascuzzi,LAC,TE,Active,,,0,42,Tulane,,,bff679f0-4d80-11f1-9f76-35ad4fe5047e
14030,Wayne Matthews,CHI,LB,Active,,24,0,35,Michigan State,,,32337250-4d79-11f1-932a-4df0e148d29c
14032,Xavier Holmes,NE,DL,Active,,,0,58,James Madison,,,122cf0c0-4d7a-11f1-9d2c-096c58959a69
14033,Larry Worth,SF,DB,Active,,21,0,47,Arkansas,,,d6f2eac0-4d81-11f1-ae0f-b95923243c0c
14034,Brock Rechsteiner,NO,WR,Active,Sus,,0,89,Jacksonville State,,,b9f53af0-4e07-11f1-b3af-b9ab72b57c06
14035,Eric O'Neill,DET,DE,Active,,,0,66,Rutgers,,,2f061630-4e34-11f1-9ca7-11998ca17b85
14036,Stephen Dix,MIA,LB,Active,,24,0,48,Arkansas,,,12c49320-4fba-11f1-a036-ab8ba8e3002d
14037,Rashad Rochelle,SEA,WR,Active,,23,0,35,Indiana State,,,9ec45f90-4fc4-11f1-b32b-dbd28c1a355e
14038,Trayvon Rudolph,MIN,WR,Active,,24,0,30,Toledo,,,a36a6800-4fc4-11f1-b32b-dbd28c1a355e
14040,Terrill Davis,MIN,WR,Active,,23,0,40,Oklahoma State,,,d36a1650-4feb-11f1-90f3-37efc128ac36
14041,Anderson Castle,IND,RB,Active,,,0,42,Duke,,,7b5965c0-52c4-11f1-b0be-253ffbc750f4
14042,Tamon Lynum,PIT,DB,Active,,,0,42,Pittsburgh,,,02a43c30-52fc-11f1-a84e-43f34b0f5141
14043,Tywone Malone,CAR,DT,Active,,23,0,64,Ohio State,,,0a33da90-52fd-11f1-b2ea-b11390c3e130
14044,Miles Davis,CAR,RB,Active,,26,0,37,Utah State,,,c96287f0-52fc-11f1-a622-273ccf657a59
14045,Marlon Jones,GB,CB,Inactive,IR,,0,46,Vanderbilt,,,212e3b30-5390-11f1-befa-7f91af7f322e
14048,Travis Shaw,TB,DT,Active,,22,0,71,Texas,,,338b98d0-548b-11f1-8285-2dbc9f17953c
14049,Brandon Hayes,PHI,WR,Active,,,0,47,,,,f8e144b0-59ed-11f1-99e5-3172f3439caf
14050,Courtland Ford,NYJ,OL,Active,,,0,75,UCLA,,,8662e670-5a09-11f1-92e9-a103e40a1346
14051,Chase Wilson,NYJ,LB,Active,,,0,53,West Virginia,,,e1be47b0-5ddf-11f1-9029-77316de20de3
14053,Jarrod Gray,NYG,OL,Active,,,0,79,,,,0b8fce50-5e04-11f1-8299-bb1b7e4e8d18
14055,Louis Hansen,HOU,TE,Active,,,0,47,UConn,,,81490db0-5fd4-11f1-ad87-497c39a28d8b
14056,Kyre Duplessis,DEN,WR,Active,,,0,33,Delaware,,,7d1fbfa0-6032-11f1-8878-174e40a66234
14057,Zion Wilson,PHI,DT,Active,,,0,78,East Carolina,,,fef8cb60-6128-11f1-bf61-75aa20afb09e
14059,Sean Fresch,DEN,CB,Active,,,1,37,Rice,,,bcaf78b0-6981-11f1-a6f3-3f8f46fdc411
14061,Jeremiah Franklin,MIA,TE,Active,,,0,41,Boston College,,,e6cf16b0-879e-11f1-98a7-a73868f8155c
14062,Tyler Moore,IND,TE,Active,,,0,45,Iowa State,,,e392a5d0-8a0e-11f1-bbf6-758ca1f1ecfb
14063,Liam Clifford,LAC,WR,Active,,,0,39,Penn State,,,1d39c180-8c51-11f1-84ed-5357dc548cc1
14065,Jarod Washington,MIN,DB,Active,,,0,35,South Carolina,,,5d7d5810-8e8b-11f1-a00a-833dee750777
14066,Mekhi Rodgers,IND,CB,Active,,,0,36,,,,2fb0d530-8f5b-11f1-94bc-5548180ce1ca
14067,Jeff Weimer,KC,WR,Active,,,0,5,West Virginia,,,62f39f90-8f8d-11f1-8114-c53dbf341dfb
14068,Drew Biber,CLE,TE,Active,,,0,43,Minnesota,,,280b83b0-9051-11f1-b3b0-cd82f5962dbd
14069,Connor Hulstein,NYJ,TE,Active,,,0,49,,,,0904b1e0-90e1-11f1-a743-ada445414213
14070,Jordan Washington,SEA,CB,Active,,23,0,33,Stanford,,,11ae0000-9116-11f1-9bad-e5db86960445
14071,Grant Finley,NYG,FB,Active,,,0,47,Missouri Western,,,65f465a0-91c0-11f1-bda9-1b74b0562eb5
14072,Daniel Rickert,LAR,DE,Active,,,0,40,Virginia,,,06a476a0-9295-11f1-bb98-a7b2f602d2e2
14073,Eric Butler,NE,DB,Active,,,0,30,San Diego State,,,532ff2f0-92a0-11f1-990c-cf06a401d6ca
14074,Brien Taylor,NO,DL,Active,,,0,,Florida,,,eaad0d10-9337-11f1-b56b-131022d5351f
14075,Malakai Williams,NO,DE,Active,,,0,,Boise State,,,bb4104b0-933b-11f1-8af3-450910894d0a
14077,Ricardo Hallman,DEN,CB,Active,,21,0,32,Wisconsin,,,c0956d60-936e-11f1-b5ce-4fa96163cf93
14078,Xavier Williams,TB,DB,Active,,23,0,26,Cincinnati,,,d8a63980-9421-11f1-99a8-53e3ba4ea613
14079,Keveion'ta Spears,ARI,DT,Active,,,0,60,SMU,,,32fe0960-98e8-11f1-93d9-1583f152d20c
14080,Barika Kpeenu,TB,RB,Active,,,0,49,,,,c0a72fd0-9a41-11f1-be48-8f931d281ef8
14081,Cam Rice,MIA,DL,Active,,,0,,Maryland,,,86b5fcb0-9a79-11f1-bed1-dd5342b0654b
1423,Blidi Wreh-Wilson,TB,CB,Active,,32,9,36,Connecticut,15881,00-0030541,829307ad-fb1d-4c7b-b073-3098be9464e7
1428,David Quessenberry,LAR,OL,Active,,35,13,68,San Jose State,15946,00-0030097,496680c4-2432-481b-883c-6f311da3a4a3
1429,D.J. Swearinger,IND,DB,Active,,30,9,36,South Carolina,15865,00-0030566,5486420b-b40c-4e7c-ab47-9d70b1673c3b
1443,Johnathan Cyprien,JAX,SS,Active,,33,11,32,Florida International,15831,00-0030538,bb7f4f60-57a4-437d-9541-a42abb1d1f53
1466,Travis Kelce,KC,TE,Active,,36,13,87,Cincinnati,15847,00-0030506,c3859e06-5f23-4302-a71b-04820a899d5f
1472,D.J. Hayden,WAS,CB,Active,,31,9,14,Houston,15794,00-0030572,5c4ec28a-5393-4073-a71d-df0dad8858c6
1479,Keenan Allen,IND,WR,Active,,34,13,10,California,15818,00-0030279,5f424505-f29f-433c-b3f2-1a143a04a010
1494,Damontre Moore,CAR,DE,Active,,29,9,55,Texas A&M,15858, 00-0030069,03af0e0d-a443-4b09-9ab5-4f2695248346
1506,Tress Way,WAS,P,Active,,36,13,10,Oklahoma,16166,00-0030140,55e1ecbd-96c5-456e-833b-9cd3f046f3fc
1516,Sam Martin,CAR,P,Active,,36,13,6,Appalachian State,15928,00-0030092,80b403da-381f-467e-883b-5b83ac02aac3
1529,J.C. Tretter,CLE,C,Active,,31,9,64,Cornell,16001,00-0030076,671d2fd7-41bb-457a-8e93-904ee7d94eb1
1548,Star Lotulelei,BUF,DT,Active,,32,9,98,Utah,15802,00-0030455,2d19098b-f154-4b28-976d-79182af014df
1553,John Jenkins,BAL,DT,Active,,37,13,94,Georgia,15846,00-0030070,60d48e85-931c-45dc-b62f-024503a2e09b
1592,Darren Fells,TB,TE,Active,,35,9,88,California-Irvine,15773,00-0029738,54d4e35a-2e6c-48f6-86ad-92dd596c173c
1604,Nick Williams,DEN,WR,Active,,32,10,0,UConn,16345,00-0029848,c87f0526-a85d-439d-a447-070c66ede612
1617,Bradley McDougald,JAX,DB,Active,,31,9,22,Kansas,16269,00-0030161,9b80f314-0cd8-4a35-918f-a405b680e879
1642,Levine Toilolo,NYG,TE,Inactive,,30,9,85,Stanford,15980,00-0030443,67d56171-7522-430c-b7d9-8f7e2b6624d3
1666,LaRoy Reynolds,NE,LB,Active,,31,9,59,Virginia,16449,00-0029955,0555927e-18ad-40f9-b2d6-f63d533d91aa
1674,A.J. Bouye,CAR,CB,Active,,30,9,24,UCF,16562,00-0030228,4d6c923d-4776-4558-a30f-739dc4070ffb
1686,Tony Jefferson,LAC,DB,Active,,34,13,23,Oklahoma,16195,00-0030294,7690ab6a-2ae0-4449-abd5-74ec54403f2e
1706,Jack Doyle,IND,TE,Active,,31,9,84,Western Kentucky,16504,00-0030181,bd413539-9351-454e-9d61-4e8635d7e9f5
1721,Andrew DePaola,MIN,LS,Active,,39,14,42,Rutgers,15726,00-0029714,740ac0fa-f4b9-4944-9b7a-78b97c5dd1cd
1737,Case Keenum,CHI,QB,Active,,38,14,11,Houston,15168,00-0028986,1b3d350a-478b-4542-a430-d12cc96adc22
1764,Benson Mayowa,SEA,DE,Active,,30,9,10,Idaho,16528,00-0030380,b612c556-1285-405f-9294-733f0302869e
1785,James Winchester,KC,LS,Active,,37,13,41,Oklahoma,16665,00-0030615,996a0607-8046-46c2-97a0-b94ff9f5a1c8
1805,Alejandro Villanueva,BAL,OT,Active,,33,8,78,Army,16706,00-0030648,08e9f65e-cf4c-4af5-939f-a93d1cf34b2e
1844,Tyler Ott,WAS,LS,Active,,34,12,69,Harvard,17378,00-0031156,c7e51d4d-18d6-442b-850d-040411225b14
19,Joe Flacco,CIN,QB,Active,,41,18,16,Delaware,11252,00-0026158,64797df2-efd3-4b27-86ee-1d48f7edb09f
1920,Josh Mauro,ARI,DE,Active,,31,8,96,Stanford,17017,00-0030883,6399b33c-6d3d-4fc5-b142-1a5deb33ef76
1945,Chris Boswell,PIT,K,Active,,35,12,9,Rice,17372,00-0031136,441eb531-1ec8-4f65-9174-78bc6adada63
1947,Jadeveon Clowney,HOU,DE,Active,,33,12,90,South Carolina,16734,00-0031364,016d31ec-9b32-47e2-801b-9724c0a30f62
1958,Xavier Su'a-Filo,CIN,G,Active,,31,8,72,UCLA,16801,00-0031410,746b7ba2-1ee3-4d42-8cf8-11bf4df581e1
1979,Blake Bortles,NO,QB,Active,,29,8,6,UCF,16724,00-0031407,6723249c-5fb5-4b0a-9373-cb59cdc99ec8
1984,Allen Hurns,MIA,WR,Active,,30,8,8,Miami (FL),17177,00-0030821,10952a8e-9da1-447b-a016-c699db00c5f0
1988,Brandon Linder,JAX,OL,Active,,30,8,65,Miami (FL),16770,00-0031369,f5eaf900-592e-4a3a-8514-4426dce7d3c3
202,Andrew Whitworth,LAR,OL,Active,,40,16,77,LSU,9641,00-0024270,f1ce3e7d-6afc-4db4-94f0-475bd63507b3
2020,Cairo Santos,CHI,K,Active,,34,12,8,Tulane,17427,00-0031203,d96ff17c-841a-4768-8e08-3a4cfcb7f717
2033,Shelby Harris,NYG,DE,Active,,35,12,93,Illinois State,16837,00-0031270,20d66704-9c12-467f-a6ca-9cf9dc00730c
2036,Khalil Mack,LAC,LB,Active,,35,12,52,Buffalo,16710,00-0031040,33c74bf8-7621-48be-a769-e219703988d9
2062,Anthony Hitchens,KC,LB,Active,,29,8,53,Iowa,16883,00-0031348,919cdf12-3811-49d1-a7a5-65ff29a59434
2063,Casey Kreiter,ARI,LS,Active,,36,12,59,Iowa,17304,00-0030957,d86d53af-2eb8-425c-90ab-851122cc633f
2064,DeMarcus Lawrence,SEA,DE,Active,,34,12,0,Boise State,16802,00-0031411,3e3bd10a-6462-47f8-8938-42518781d060
2078,Odell Beckham,NYG,WR,Active,,33,12,3,LSU,16733,00-0031235,354dec38-b88b-4ba0-8974-859123f27c45
2091,Bashaud Breeland,ARI,CB,Active,,30,8,24,Clemson,16890, 00-0031052,ba905b34-8412-4553-9055-3460368cc608
2098,Morgan Moses,NE,OL,Active,,35,12,76,Virginia,16771,00-0031330,e15a26bb-db24-4e5a-b3a5-cc4d4eb4f0b6
2118,Eric Ebron,PIT,TE,Inactive,,28,8,85,North Carolina,16732,00-0031387,9fbcfae9-dd14-415c-8952-9b1b5dff0dfc
2126,Caraun Reid,LAC,DT,Active,,30,8,77,Princeton,16853,00-0031071,aa82ed23-934e-451f-ac47-65c63a84bf16
2133,Davante Adams,LAR,WR,Active,,33,12,17,Fresno State,16800,00-0031381,e7d6ae25-bf15-4660-8b37-c37716551de3
2135,Ha Ha Clinton-Dix,DEN,DB,Active,,29,8,32,Alabama,16735,00-0031333,977e4e40-c596-43c3-a5a9-2141f6590b89
2167,Ricardo Allen,CIN,DB,Active,,30,8,37,Purdue,16882,00-0031181,4ba33131-8214-45bf-9ce1-5ac08f1b68c5
2172,Jake Matthews,ATL,T,Active,,34,12,70,Texas A&M,16713,00-0031279,ee9c975e-68f9-49cc-886d-f1d00286305d
2216,Mike Evans,SF,WR,Active,Questionable,33,12,5,Texas A&M,16737,00-0031408,c48c21d9-0ae5-478c-ad34-30a660cfa9b8
2237,Ethan Westbrooks,NO,DT,Active,,31,8,91,West Texas A&M,17285,00-0030986,bb29cf6c-17a4-4106-9b9c-47d2d9c0e6b9
2306,Jameis Winston,NYG,QB,Active,,32,11,19,Florida State,2969939,00-0031503,fb3b36fc-b985-4807-8199-d038d7e62a93
2307,Marcus Mariota,WAS,QB,Active,Questionable,32,11,8,Oregon,2576980,00-0032268,7c16c04c-04de-41f3-ac16-ad6a9435e3f7
2308,Dante Fowler,SEA,LB,Active,,32,11,56,Florida,2980100,00-0032052,6bc85af5-fc58-4656-82da-d02780a0f6f6
2311,Leonard Williams,SEA,DE,Active,,32,11,99,USC,2971622,00-0031933,2b5152aa-cbcc-439c-b72a-ac7577c8422b
2314,Ereck Flowers,WAS,T,Active,,27,7,79,Miami (FL),2969952,00-0032259,dfdbe925-912e-4eca-9a71-e38cd3c88479
2316,Trae Waynes,CIN,CB,Active,,29,7,26,Michigan State,2576283,00-0031546,338adc8a-173d-4b1b-a5de-92818bf96823
2322,Arik Armstead,JAX,DE,Active,,32,11,91,Oregon,2971275,00-0032164,acb7169f-3ffa-4386-9866-e06af6ed7fef
2327,Bud Dupree,LAC,LB,Active,,33,11,48,Kentucky,2576702,00-0032146,48dca4c3-c6ac-4122-aee6-26f7cd259824
2334,Phillip Dorsett,LV,WR,Active,,33,11,13,Miami (FL),2579604,00-0032208,c682e8ea-fe48-45d2-af60-682a6125ab22
2340,Mario Edwards,HOU,DE,Active,,32,11,97,Florida State,2969921,00-0032265,fdfb980b-1493-4698-9b97-f445a8f495da
2353,Denzel Perryman,LAC,LB,Active,,33,11,6,Miami (FL),2579621,00-0032103,9fc6e49f-c863-419d-9dca-8f0da3f3c9c7
2359,Ameer Abdullah,JAX,RB,Active,,33,11,43,Nebraska,2576336,00-0032104,c5e430c5-7a8e-4e29-b30f-1a527f05cb89
2366,Ali Marpet,TB,G,Active,,28,7,74,Hobart,3165702,00-0032243,538a03f2-ae79-45e0-bb22-01b9a8517e77
2369,Jordan Richards,BAL,DB,Active,,28,7,48,Stanford,2577139,00-0031559,13f716fb-7249-4b0a-9858-8af8cb83f78b
2371,Jeremiah Poutasi,LV,OL,Active,,27,7,79,Utah,2971660,00-0032263,9dd63f16-866c-443a-856b-671913195f3d
2393,Danielle Hunter,HOU,DE,Active,,31,11,55,LSU,2976560,00-0031565,ba7fe857-df63-4aed-803a-80993b157be4
2407,Daryl Williams,BUF,OL,Active,,29,7,75,Oklahoma,2514244,00-0031567,b167835a-3f62-4755-9acd-319c5a3903e3
2418,Gabe Wright,WAS,DT,Active,,29,7,62,Auburn,2574579,00-0031574,8a73dcfa-3e7c-4a8d-acee-7d2b1fee6c2e
2427,Za'Darius Smith,ATL,LB,Active,,33,11,91,Kentucky,3043168,00-0031576,af3599a5-5eb4-4dd4-87ab-e0032ebfa644
2449,Stefon Diggs,WAS,WR,Active,,32,11,18,Maryland,2976212,00-0031588,a1c40664-b265-4083-aad2-54b4c734f2c5
2468,Bradley Pinion,MIA,P,Active,,32,11,48,Clemson,2977680,00-0032065,9000be32-15ad-4c43-bf8d-79a9c7113cdd
2469,Joe Cardona,LAR,LS,Active,,34,11,49,Navy,2575907,00-0032228,90517709-322d-47af-9360-77775a93496b
2471,Michael Burton,CLE,FB,Active,,34,11,34,Rutgers,2515270,00-0031595,80715ecf-ffc9-4a93-a305-2193451b3382
2505,Darren Waller,CAR,TE,Active,,33,11,35,Georgia Tech,2576925,00-0031610,14c97c9f-26e8-4944-9299-f90de6aeada3
2517,Christian Covington,LAC,DT,Active,,29,8,52,Rice,2580666,00-0031619,efe64fc8-9987-4fe6-b7a4-e2ff363cf443
2525,Bobby Hart,SEA,T,Active,,32,11,68,Florida State,2576789,00-0031622,449401ef-0251-4895-8f56-eaf5ef7f9cf8
2531,Edmond Robinson,SEA,LB,Active,,29,7,48,Newberry (SC),3137087,00-0031624,530f22b9-0f36-4ad1-9ead-ea44292b83a8
2543,Trent Brown,HOU,OL,Active,,33,11,77,Florida,3043109,00-0032071,173831a7-d33d-4d2a-8dd9-4e36182e23cc
2592,Grady Jarrett,CHI,DT,Active,,33,11,50,Clemson,2576492,00-0031583,e1fe1900-fae3-414e-8530-55eece80471f
260,Josh Johnson,CIN,QB,Active,,40,18,11,San Diego,11394, 00-0026300,73e133bf-d3f7-4fda-bd25-2fde66cb8ee1
2617,Alex Singleton,DEN,LB,Active,,32,11,49,Montana State,2612151, 00-0031898,954d9ed8-41ed-4222-b0d8-b3cc8d1755a5
2643,Deshazor Everett,WAS,DB,Active,,30,7,22,Texas A&M,2578692,00-0031844,6e91b25a-4bf4-4a53-a328-69d3e7ef86c1
2747,Jason Myers,SEA,K,Active,,35,11,5,Marist,2473037,00-0031492,7af4c94b-529b-4403-ab66-2bfed3fcf0c7
2883,Chase Williams,CLE,ILB,Active,,32,9,56,Virginia Tech,2512702,,c34923ab-9d1b-428a-b02f-e2ebf2f9d488
290,Eric Weddle,LAR,FS,Inactive,,37,15,20,Utah,10481,00-0025424,26138e8b-b776-492a-9684-b1c07e51b25c
2944,Matt LaCosse,NE,TE,Active,,29,7,83,Illinois,2576179,00-0031744,25e58aee-1b33-4468-9a81-6586426b91d5
2993,Rakeem Nunez-Roches,TB,DT,Active,,33,11,56,Southern Miss,2575453,00-0031957,d6ce0b64-9526-4983-8c3c-7f14f2918f8e
3048,Chris Manhertz,NYG,TE,Active,,34,11,85,Canisius,2531358,00-0031484,7c7b5515-7786-4e24-9ce0-34e6a8bd5727
3155,Laquon Treadwell,IND,WR,Active,,31,10,13,Ole Miss,3051889,00-0032951,2e0badcd-b78c-40ee-a83b-a1bbb36bc545
3159,Laremy Tunsil,WAS,OL,Active,Out,32,10,78,Ole Miss,3051890,00-0032380,813c2073-8f69-4f6f-94a6-6819cd14b4f3
3160,Jalen Ramsey,PIT,CB,Active,PUP,31,10,5,Florida State,3045373,00-0033055,ca53fda9-d20a-4bc7-b8dc-deef28355399
3161,Carson Wentz,MIN,QB,Active,,33,10,11,North Dakota State,2573079,00-0032950,e9a5c16b-4472-4be9-8030-3f77be7890cb
3162,Ronnie Stanley,BAL,T,Active,,32,10,79,Notre Dame,2980153,00-0032965,a792cbbf-d96a-48fc-a187-6f7f5b7dd214
3163,Jared Goff,DET,QB,Active,,31,10,16,California,3046779,00-0033106,aba8f925-ffbf-4654-bfa7-a25d3d237494
3172,DeForest Buckner,IND,DT,Active,,32,10,99,Oregon,2971282,00-0032378,d97529e5-f1cd-4fe0-8697-4b51bbe52fd4
3186,Kenny Clark,DAL,DE,Active,,30,10,97,UCLA,3122752,00-0033120,d848e4e6-ff3e-421c-9bd3-c2f62a16efd4
3188,Sheldon Rankins,HOU,DT,Active,,32,10,98,Louisville,2970204,00-0032759,3b1227f6-05c9-421f-a2c1-4c8f1368b80b
3189,Eli Apple,SF,CB,Active,,31,10,30,Ohio State,3040506,00-0032379,72a42703-19b7-417c-87ce-344fd792f5ca
3197,Emmanuel Ogbah,KC,DE,Active,,32,10,50,Oklahoma State,2977740,00-0033073,2300fe3b-c81f-4786-ae0c-0c229644239d
3198,Derrick Henry,BAL,RB,Active,,32,10,22,Alabama,3043078,00-0032764,87c481c7-7414-43cc-82df-19ca0c2ae22e
3200,Sterling Shepard,HOU,WR,Active,,33,10,17,Oklahoma,2976592,00-0032385,1ffc735b-74d8-44d2-ab32-00c5485c799f
3202,Austin Hooper,ATL,TE,Active,,31,10,81,Stanford,3043275,00-0032392,90c2a93f-d837-4e1b-b57c-56648903a8db
3207,Andrew Billings,ARI,DT,Active,,31,10,95,Baylor,3051775,00-0033066,67760ee1-c969-488f-b449-b8c37e7e32bb
3214,Hunter Henry,NE,TE,Active,,31,10,85,Arkansas,3046439,00-0033090,705899da-3c20-4bc3-b5d0-2e6e40655131
3218,A'Shawn Robinson,TB,DT,Active,,31,10,91,Alabama,3054857,00-0032889,3f44e069-a9c7-40dc-bfa9-cd403ee9cdbd
3220,Jarran Reed,SEA,DT,Active,,33,10,90,Alabama,3115312,00-0032387,c02b49d3-ddc1-4ffc-9f40-487199882fa5
3222,Deion Jones,NO,LB,Active,,31,10,45,LSU,2976545,00-0032388,a2a587d3-2971-41f5-a5d4-828d9cf1494e
3227,T.J. Green,HOU,DB,Active,,27,6,14,Clemson,3045128,00-0033059,486c2ff3-5e42-4bad-9849-2084ad0af423
3228,Sean Davis,NE,DB,Active,,28,6,30,Maryland,2976210,00-0033053,dfb0b126-9c75-41d3-9371-04065db7506a
3233,Kevin Byard,NE,DB,Active,,33,10,31,Middle Tennessee,2574056,00-0033132,c909532a-693e-4e8f-b853-fbf41037c100
3236,Maliek Collins,CLE,DT,Active,PUP,31,10,96,Nebraska,3040471,00-0033131,54f13aa1-4a2f-46a3-99ef-743c1d3ee234
3239,Bronson Kaufusi,GB,TE,Active,,30,6,45,BYU,2980444,00-0033117,dac819b2-245f-4845-a73e-b6f92fbe3abb
3240,Darian Thompson,DAL,DB,Active,,28,6,23,Boise State,2573317,00-0033083,3ec4f630-592c-4848-a76c-c30ecc090ecb
3241,Jonathan Bullard,DAL,DE,Active,Questionable,32,10,98,Florida,2980097,00-0033093,ccfcbd2c-6e35-49b9-b131-ba2143665260
3247,Joe Thuney,CHI,OL,Active,,33,10,62,North Carolina State,2577773,00-0032391,4ee0937c-1250-4456-93d4-2d6afa064d5a
3248,Isaac Seumalo,ARI,G,Active,,32,10,73,Oregon State,2978247,00-0032954,447db942-40e8-4bb3-9710-b12cfaaafb46
3256,Javon Hargrave,GB,DT,Active,,33,10,98,South Carolina State,2983055,00-0033109,3f8e4972-2361-4939-b5e3-c5f6c63b9f68
3257,Jacoby Brissett,ARI,QB,Active,,33,10,7,North Carolina State,2578570,00-0033119,ad2258ab-67f0-41c2-bcf3-f3ba145187dc
3258,Nick Vannett,SEA,TE,Active,,33,10,83,Ohio State,2576399,00-0032394,c731aa8a-778b-4ccd-a19f-517eb66f47b7
3268,Eric Murray,JAX,DB,Active,,32,10,29,Minnesota,2970716,00-0033038,16e4ffec-959d-4210-8702-36c0bf20dda5
3269,Chris Moore,BAL,WR,Active,,33,10,17,Cincinnati,2576581,00-0032398,0b504d67-639b-4ba8-979a-498a3086257b
3271,Tyler Higbee,LAR,TE,Active,,33,10,89,Western Kentucky,2573401,00-0033110,0df7912d-9e81-47ea-b4f7-d04986df4ee8
3272,Miles Killebrew,TB,DB,Active,,33,10,29,Southern Utah,2575164,00-0032399,4419b655-867f-436b-8233-6d45f4dfef77
3281,David Onyemata,NYJ,DT,Active,,33,10,93,Manitoba (CAN),4002046,00-0033051,08d27d1a-e039-4ccc-9ba7-65a22f6002fd
3286,Demarcus Robinson,SF,WR,Active,,31,10,5,Florida,3043116,00-0032775,46b16198-116f-4913-85db-2bc21462bd66
3294,Dak Prescott,DAL,QB,Active,,33,10,4,Mississippi State,2577417,00-0033077,86197778-8d4b-4eba-affe-08ef7be7c70b
3295,Dean Lowry,PIT,DE,Active,,32,10,98,Northwestern,2974348,00-0032412,0df44cfb-8dab-4fc1-8556-108505a4b428
3299,Ronald Blair,NYJ,DE,Active,,28,6,54,Appalachian State,2567711,00-0032413,e8fa43ed-ae19-4603-b69c-a555664bd368
3309,Wendell Smallwood,WAS,RB,Active,,27,6,38,West Virginia,3042429,00-0032782,c7d0a740-fcf2-4971-b1b6-43761d984bf9
3322,DJ Reader,NYG,DT,Active,,32,10,98,Clemson,2977670,00-0032424,42bb4895-bdfb-40e2-8119-f5b06611bf1b
3333,Temarrick Hemingway,WAS,TE,Active,,28,6,88,South Carolina State,2580330,00-0033112,02fc59d0-8a66-431f-97fc-21fdc096eb14
3356,Kyle Murphy,NO,OT,Active,,28,6,79,Stanford,2978275,00-0032433,cce52ea1-7e17-4992-8911-e6b07b7b3831
3357,Brandon Allen,NYG,QB,Active,,33,10,12,Arkansas,2574511,00-0032434,a8c3bcd7-69d0-4c5e-a876-6b33857942bc
3367,Kavon Frazier,LV,DB,Active,,27,6,43,Central Michigan,2972505,00-0033048,a6493c08-f70e-4aef-ab07-914625b9c047
3369,Elandon Roberts,PIT,LB,Active,,32,10,50,Houston,2987743,00-0032442,f6d7cf0f-72d2-473f-a44b-4a253587ca0f
3376,Ted Karras,CIN,OL,Active,,33,10,64,Illinois,2576188,00-0032445,7830196e-cdca-4b86-bee2-eae97de2ee26
3383,Riley Dixon,TB,P,Active,,32,10,9,Syracuse,2577619,00-0032943,f45835c5-aa9e-4e32-b545-20d1e322fe8f
3415,Jonathan Jones,PHI,DB,Active,Questionable,32,10,32,Auburn,2971027,00-0032580,537c88d4-c403-43f4-94a1-fdccea0ee24a
3439,Jake Brendel,SF,OL,Active,,33,10,64,UCLA,2577185,00-0032701,658f1215-e84a-4170-aaea-a6e8bacc8ff5
3451,Ka'imi Fairbairn,HOU,K,Active,,32,10,15,UCLA,2971573,00-0032726,203b60aa-cb94-499c-a4ca-d3c6b94dddc4
3474,Briean Boddy-Calhoun,TEN,CB,Active,,29,6,36,Minnesota,2970694,00-0032517,2967c556-a7b2-407a-8013-cee8d99b41cf
3526,Roy Robertson-Harris,NYG,DE,Inactive,IR,33,10,95,UTEP,2574891,00-0032667,36248cd5-f747-4960-b66a-a5d4f481e098
3527,Kevin Peterson,ARI,CB,Active,,28,6,27,Oklahoma State,2977742,00-0032848,30e539c3-74dd-4a9a-9ebb-4bdd0f0d39f8
3543,Spencer Pulley,MIA,C,Active,,28,6,0,Vanderbilt,2577792,00-0032911,1b7258f3-ea04-47ba-b315-cc709fef4bfd
3558,Chris Jones,KC,DT,Active,,32,10,95,Mississippi State,3044859,00-0032762,ef7b5ce8-a929-46be-b9f3-328752c6d125
3576,Reid Ferguson,BUF,LS,Active,,32,10,69,LSU,2976549,00-0032497,63ed7895-38bf-44ff-9b8a-8d5b0b5bd1eb
3589,Chris Milton,MIA,DB,Active,,29,6,35,Georgia Tech,2576895,00-0032353,3c7b7eef-6c99-4f88-8b1c-cdf93864f2f3
3590,Adam Redmond,BAL,C,Active,,28,6,53,Harvard,2566609,00-0032354,1b379101-6c8f-42d4-843c-9a3cc44993ff
3598,Luke Rhodes,IND,LS,Active,,33,10,46,William & Mary,2566045,00-0032753,8da0fe32-1758-44ed-9acf-21b3721cbd0d
3634,Kalif Raymond,CHI,WR,Active,,32,10,14,Holy Cross,2973405,00-0032464,e0a31d02-9d1c-4dab-adb4-a5d9bbee8b36
3637,Eddie Yarbrough,MIN,DE,Active,,28,6,66,Wyoming,2576040,00-0032480,fdc01035-18e4-4928-808f-26ee414948d4
3643,Doug Middleton,SF,DB,Active,,28,6,48,Appalachian State,2567725,00-0032697,0e41e388-6e5b-4a12-aa2f-45bf83ffadc5
3668,Joshua Perkins,NYJ,TE,Active,,28,6,89,Washington,2578377,00-0032599,9c18801d-bdaa-4036-9663-24280c763bcf
3669,Brian Poole,IND,CB,Active,,29,6,33,Florida,2980115,00-0032596,901c84c7-ef46-4c9f-9941-ac8becc02986
3678,Wil Lutz,DEN,K,Active,,32,10,3,Georgia State,2985659,00-0032569,c4cf84d0-6022-4ac1-a9ba-85587921c53f
3692,Alex Redmond,NE,OG,Inactive,,27,6,64,UCLA,3047571,00-0032549,133ff990-0b7b-467d-a949-1e1720f96bc9
3763,Woodrow Hamilton,NYG,DT,Active,,29,6,90,Ole Miss,2577392,00-0032578,b3beb95a-c1e7-4d03-b61a-097199528816
3808,Rolan Milligan,IND,DB,Active,,27,6,42,Toledo,3916678,00-0032830,bc6aa137-cef3-481e-a87a-e06dad32882c
3838,Antonio Hamilton,WAS,CB,Active,,33,10,34,South Carolina State,3056354,00-0032933,9bc107dc-1920-49db-b009-436d1a77955d
3849,Wynton McManis,MIA,LB,Active,,27,6,48,Memphis,2977884,,b0b9a957-389f-4a08-9a68-177fcb59c50c
3868,Jalen Richard,LV,RB,Active,,28,6,30,Southern Miss,2972091,00-0033025,c78c299b-7c73-40fc-9155-2ede7f9849c7
3882,Zach Wood,NO,LS,Active,,33,10,49,SMU,2575788,00-0033063,94510e36-d0ea-48c5-9c7e-b09b31c5c218
3888,Lucas Patrick,NYG,G,Active,Questionable,33,10,62,Duke,2576736,00-0033082,e9615c8c-3a7e-4b10-92f8-86f48edbe9a4
3973,Myles Garrett,LAR,DE,Active,Questionable,30,9,95,Texas A&M,3122132,00-0033868,a85a0ba9-674c-4f37-a944-474fc6cdf557
3976,Mitchell Trubisky,TEN,QB,Active,Questionable,32,9,10,North Carolina,3039707,00-0033869,7a1b8f1a-9024-4897-86b0-01c63e00305e
4017,Deshaun Watson,CLE,QB,Active,,30,9,4,Clemson,3122840,00-0033537,eec5265c-7731-4bb6-8af2-4f98a67f9ab7
4032,Jonathan Allen,CIN,DT,Active,,31,9,93,Alabama,3054840,00-0033523,5ba11bd2-e764-4dea-98e1-dad01a21cdd3
4033,David Njoku,LAC,TE,Active,,30,9,83,Miami (FL),3123076,00-0033885,8f86fcea-90e8-49ea-bc78-5c7659313e57
4034,Christian McCaffrey,SF,RB,Active,Questionable,30,9,23,Stanford,3117251,00-0033280,f96db0af-5e25-42d1-a07a-49b4e065b364
4035,Alvin Kamara,NO,RB,Active,Questionable,31,9,41,Tennessee,3054850,00-0033906,d9c857b2-97da-4fb8-a527-afbbb2a67413
4037,Chris Godwin,TB,WR,Active,,30,9,14,Penn State,3116165,00-0033921,baa61bb5-f8d0-4f90-bbe2-028576b8d33d
4039,Cooper Kupp,SEA,WR,Active,,33,9,10,Eastern Washington,2977187,00-0033908,2806e915-c46f-492f-8a29-71d3a85e5620
4046,Patrick Mahomes,KC,QB,Active,Questionable,30,9,15,Texas Tech,3139477,00-0033873,11cad59d-90dd-449c-a839-dddaba4fe16c
4053,Garett Bolles,DEN,OT,Active,,34,9,72,Utah,4035662,00-0033538,09fab9a8-b0af-4580-bf55-5c9167912f89
4054,Mo Alie-Cox,IND,TE,Active,,32,9,81,VCU,2998565,00-0033217,8809c0dd-786b-4255-a7d0-333c9498c19a
4058,Solomon Thomas,TEN,DT,Active,,30,9,90,Stanford,3117258,00-0033870,74473bcc-5bdb-4650-8549-8a8a12874cbf
4066,Evan Engram,DEN,TE,Active,,31,9,1,Ole Miss,3051876,00-0033881,e21365af-8d66-416e-b0a5-8816d18fcfd9
4070,T.J. Watt,PIT,LB,Active,,31,9,90,Wisconsin,3045282,00-0033886,f340201b-a1b1-43ba-a47a-484a44334553
4071,Marlon Humphrey,BAL,CB,Active,,30,9,44,Alabama,3126356,00-0033281,bf9749c6-6609-456e-a3eb-b8cab21dd76a
4074,Malik Hooker,DAL,DB,Active,,30,9,24,Ohio State,3121415,00-0033877,3cb26a5c-9c90-46ad-b539-e29ad6934e30
4077,Jamal Adams,MIN,SS,Inactive,IR,30,9,32,LSU,3115373,00-0033872,1a92b0ad-3eb2-4df3-bf02-04c4d9ffe10c
4080,Zay Jones,HOU,WR,Active,,31,9,17,East Carolina,3059722,00-0033891,a28f7368-0306-4d20-855f-285a1a09c09c
4081,Budda Baker,ARI,DB,Active,,30,9,3,Washington,3127287,00-0033890,5ce20f3e-0f02-4f53-a2ef-5b076361f2b1
4092,Dalvin Tomlinson,LAC,DT,Active,,32,9,94,Alabama,2979860,00-0033546,6371b42c-2783-49e8-8def-ce4d7dc91081
4102,Dion Dawkins,BUF,OT,Active,,32,9,73,Temple,3051324,00-0033904,522a97f7-8cf7-4c50-afe9-1beb6ffadcb2
4104,Taylor Moton,CAR,T,Active,PUP,32,9,72,Western Michigan,2973051,00-0033284,cbe71aae-2475-487f-a78d-c1d7f021c097
4107,Chidobe Awuzie,BAL,CB,Active,,31,9,3,Colorado,3052101,00-0033548,5e11c306-6387-46ed-8a6d-3ff7a8210ed5
4114,Tanoh Kpassagnon,TEN,DE,Active,,32,9,96,Villanova,2982313,00-0033902,cb43fb1e-9c65-4462-8c05-798d5885b845
4118,Alex Anzalone,TB,LB,Active,,31,9,34,Florida,3043107,00-0033914,8bb2d40a-6dd2-4108-9810-5def1b45f192
4121,Eddie Vanderdoes,SF,DT,Active,,27,5,63,UCLA,3047570,00-0033924,3618e094-0273-4e99-9641-65cc488128e5
4122,Dan Feeney,TB,OL,Active,,32,9,65,Indiana,2979482,00-0033910,92c2dfb2-6929-4192-94cb-9ae6845dd2f6
4123,Ethan Pocic,BAL,OL,Active,,31,9,77,LSU,3042738,00-0033901,736c12de-b7be-4c12-bed2-57856b7c8449
4126,Fabian Moreau,WAS,CB,Active,,32,9,30,UCLA,2971586,00-0033918,5ff63fe6-3b33-4f0d-bc51-d5e84d862b08
4129,Jourdan Lewis,JAX,CB,Active,,30,9,2,Michigan,3045207,00-0033928,7ff68f1d-204c-4d49-9179-ecb2514094dc
4135,Trey Hendrickson,BAL,DE,Active,,31,9,91,Florida Atlantic,3052743,00-0033935,41d217b9-ec7b-4d72-8a0a-5f0e3a16b693
4136,Rasul Douglas,WAS,CB,Active,,31,9,31,West Virginia,3943270,00-0033551,ff89ab1d-4c9c-4e8b-943d-6a9305c5793e
4137,James Conner,ARI,RB,Active,Questionable,31,9,6,Pittsburgh,3045147,00-0033553,28a084c0-14df-499f-bd1f-b975603626b7
4147,Samaje Perine,CIN,RB,Active,,30,9,34,Oklahoma,3116389,00-0033526,e601812f-ce24-4e99-bee0-e33c1e9014e4
4167,Zach Banner,PIT,T,Active,,28,5,72,USC,2971616,00-0033785,d088fb7a-694a-4286-a51d-4a13ec398088
4168,Grover Stewart,IND,DT,Active,,32,9,90,Albany State,4058825,00-0033952,fae57441-a198-4674-8a37-401b64d17961
4170,Samson Ebukam,ATL,DE,Active,,31,9,52,Eastern Washington,3045527,00-0033945,1d05c82f-81cd-4fad-84f5-8be990c5258d
4174,Deatrich Wise,WAS,DE,Active,PUP,32,9,91,Arkansas,2980080,00-0033947,2516f9e7-9927-409d-adbe-b32d680ae71d
4176,David Sharpe,BAL,T,Active,,30,9,62,Florida,3121656,00-0033946,94710841-1b2e-4309-82ff-d7a00b4293e8
4177,Mack Hollins,NE,WR,Active,,32,9,13,North Carolina,2991662,00-0033555,93cb5790-1012-4c42-bccb-5748c27ba7d6
4179,Joshua Dobbs,DET,QB,Active,,31,9,6,Tennessee,3044720,00-0033949,15bedebc-839e-450a-86f6-1f5ad1f4f820
4180,Rayshawn Jenkins,PIT,DB,Active,,32,9,31,Miami (FL),2969961,00-0033941,18f174c9-a956-4c14-bd23-9e799fef6dc7
4181,Tedric Thompson,CLE,DB,Active,,26,5,37,Colorado,3052125,00-0033554,5af719d9-4a47-4a93-a522-a5060fd0df79
4189,Eric Saubert,SEA,TE,Active,,32,9,81,Drake,2975863,00-0033576,582dc00e-e7ec-4ca7-bff0-f7b1d604017b
4190,Jermaine Eluemunor,NYG,OL,Active,,31,9,72,Texas A&M,3115303,00-0033290,df94ce97-af26-4f12-be2d-14779270e670
4195,Jake Elliott,PHI,K,Active,,31,9,4,Memphis,3050478,00-0033787,059e5bb7-1842-4558-9aaf-77c352a21216
4199,Aaron Jones,MIN,RB,Active,,31,9,33,UTEP,3042519,00-0033293,27dd5b6e-ea65-4622-a6b4-460fd144407c
4207,Davon Godchaux,NO,DT,Active,,31,9,92,LSU,3115383,00-0033860,6e6dcc9c-06f5-40fd-9134-d0afd0e349d8
421,Matthew Stafford,LAR,QB,Active,,38,17,9,Georgia,12483,00-0026498,ade43b1a-0601-4672-83b6-d246bc066a19
4217,George Kittle,SF,TE,Active,PUP,32,9,85,Iowa,3040151,00-0033288,2ada91b0-036e-454f-83c3-6d939ff584a9
4219,Jeremy McNichols,WAS,RB,Active,Questionable,30,9,26,Boise State,3127586,00-0033955,25cc3585-6194-4786-968a-2600db46b6c6
4224,Chuck Clark,DET,DB,Active,,31,9,36,Virginia Tech,3045463,00-0033294,1105ae60-a4b6-4246-a77e-0849179b07b2
4227,Harrison Butker,KC,K,Active,,31,9,7,Georgia Tech,3055899,00-0033303,4ceb866c-8eaf-49b5-9043-56228e43a2e5
4228,Jordan Evans,CIN,LB,Inactive,,27,5,50,Oklahoma,3052660,00-0033790,3fec685f-b7bb-45a3-ad9c-e27c3fbc9951
4234,Noah Brown,LV,WR,Active,,30,9,33,Ohio State,3121409,00-0033591,36f62824-1cdb-4e9e-8a11-55df97e562b9
4238,Xavier Woods,CHI,DB,Active,Questionable,31,9,23,Louisiana Tech,3040572,00-0033579,cd09c042-0bfc-4866-8d3f-a14ef4c3d7fc
4259,Al-Quadin Muhammad,TB,DE,Active,,31,9,97,Miami (FL),3051942,00-0033964,08875a0a-0a3c-4fc1-b5f7-41d510503628
4263,Elijah McGuire,KC,RB,Active,,27,5,24,Louisiana-Lafayette,3042494,00-0033295,13ade86a-20c7-48fe-9d18-b3bfc135f5e9
4270,Colin Holba,CIN,LS,Active,,27,5,88,Louisville,3040072, 00-0033531,d3b0e29f-d97c-4fc4-ae29-c5266686e39d
4274,David Moore,CAR,WR,Active,,31,9,83,East Central,4212909,00-0033589,aecc1809-4628-4c3a-8b2b-c8f2858d2492
4278,D.J. Jones,DEN,DT,Active,,31,9,93,Ole Miss,3894915,00-0033297,d2e2b313-6769-48c6-a217-d167f04068df
4282,Corey Levin,ATL,G,Active,,32,9,52,Chattanooga,2973637,00-0033793,e5266a8b-b610-4c5e-9bee-7269917ffd6f
4293,Daniel Brunskill,WAS,OL,Active,,32,9,64,San Diego State,2976117,00-0033221,8925f38d-5c75-42c7-aa52-e3bcca16a21c
4313,Jake Eldrenkamp,HOU,OL,Active,,28,5,60,Washington,2978298,00-0033245,db392145-7bee-4453-8762-ec946b3130b3
4314,Johnny Mundt,PHI,TE,Active,,31,9,83,Oregon,3052096,00-0033246,6414998b-5831-44aa-8bd8-39e42a323c2c
4325,Thomas Hennessy,NYJ,LS,Active,,32,9,42,Duke,2983155,00-0033260,04ae0bca-f5c5-483b-bf55-967f1423cb45
4331,Rigoberto Sanchez,IND,P,Active,,31,9,8,Hawai'i,3914922,00-0033269,8237c04f-a1c4-4c31-b5de-3afb3c81389f
4349,Taquan Mizzell,NYG,RB,Inactive,,28,5,25,Virginia,3048680,00-0033373,b8033c75-de94-46df-a645-284f419c4497
4351,Tim Patrick,NYJ,WR,Active,,32,9,17,Utah,3134353,00-0033375,2a443351-5e63-4a49-819e-912b51a745f2
4353,Patrick Ricard,NYG,FB,Active,,32,9,45,Maine,2975417,00-0033376,cb68b95f-ef6f-4e5e-b861-8bfe6cfeacf5
4371,Josh Tupou,NYG,DT,Active,,32,9,94,Colorado,2979632,00-0033347,1ad3e535-2b5c-48a8-82f0-c7a933d250f0
439,JJ Jansen,CAR,LS,Active,,40,18,44,Notre Dame,11759,00-0026027,e2ee3901-8de4-4585-a6ca-b7d77d271d9e
4413,Eric Wilson,MIN,LB,Active,,31,9,55,Cincinnati,3056916,00-0033336,bfe704fc-266d-4f6a-afbf-c903b5934e23
4415,Adam Butler,LV,DT,Active,,32,9,69,Vanderbilt,2972342,00-0033381,54814199-dd18-408f-9dc4-ce59a121431b
444,Malcolm Jenkins,NO,SS,Active,,34,13,27,Ohio State,12426,00-0026990,0a4c5237-08a4-41d5-873d-18f70c025149
4443,Pharaoh Brown,IND,TE,Active,,32,9,49,Oregon,2971281,00-0033439,6733b953-de77-44e5-acbf-c2d3a0940243
4454,Kendrick Bourne,ARI,WR,Active,,31,9,17,Eastern Washington,3045523,00-0033307,5aba3610-ab55-4922-ac46-806ded5eb8bf
4464,Nick Mullens,JAX,QB,Active,,31,9,14,Southern Miss,3059989,00-0033319,7738fea8-7ea2-4c4c-b589-bca90b070819
4490,Wyatt Houston,CAR,TE,Active,,23,1,85,Utah State,3053039,,
4574,Cooper Rush,ATL,QB,Active,,32,9,13,Central Michigan,2972515,00-0033662,4595c8ea-9d85-4504-8a34-2c8a02349105
4592,Elijah Wilkinson,ARI,OL,Active,,31,9,65,UMass,3059839,00-0033676,00fdaebe-c8f6-43fa-addb-6a57dc6c5969
4598,Storm Norton,ATL,T,Active,PUP,32,9,77,Toledo,2973014,00-0033752,3d169c3f-93fe-44b5-8495-681241f285bb
4602,Robert Tonyan,PIT,TE,Active,,32,9,83,Indiana State,2975674,00-0033757,7c9c7800-69d0-459b-812b-a07ac48e9f2a
4654,Cameron Johnston,PIT,P,Active,,34,9,19,Ohio State,3051397,00-0033729,d2f6de91-089a-4845-9b90-bfbc00487444
4683,Aaron Bailey,BAL,QB,Active,,,1,8,Northern Iowa,3042451,,
4693,Andrew Wylie,WAS,G,Active,,32,9,71,Eastern Michigan,3042702,00-0033831,725011ba-b505-4658-a2b1-5d41f941223e
4718,Dare Ogunbowale,LV,RB,Active,,32,9,32,Wisconsin,2983509,00-0033854,42b57148-fc06-4aee-b40b-bb941271b5b7
4744,Barrett Burns,BAL,TE,Active,,23,1,0,Appalachian State,,,
4771,Greg Van Roten,NE,OG,Active,,36,14,70,Pennsylvania,15718,00-0029685,6d7ca819-8c58-4c41-bba7-643ba9553eb8
4836,Ryan Langford,ARI,,Active,,24,,0,New Mexico,,,
4838,Austin Albrecht,TB,OL,Active,,24,0,72,Utah State,2971823,,
4848,Christian Kuntz,PIT,LS,Active,,32,9,46,Duquesne,2978524, 00-0034051,0c306d14-6fe6-4b4e-b87f-871c72441947
4866,Saquon Barkley,PHI,RB,Active,,29,8,26,Penn State,3929630,00-0034844,9811b753-347c-467a-b3cb-85937e71e2b9
4881,Lamar Jackson,BAL,QB,Active,,29,8,8,Louisville,3916387,00-0034796,e06a9c07-453a-4bb0-a7e9-2c3a64166dad
4892,Baker Mayfield,TB,QB,Active,,31,8,6,Oklahoma,3052587,00-0034855,30198d30-9769-4e10-ac86-b4c91d940802
4913,Aiulua Fanene,GB,DT,Active,,,1,62,Arizona,2516897,,
4915,Michael Coe,DAL,CB,Active,,34,1,20,Alabama State,,,
4922,Garrett Scantling,ATL,WR,Active,,,1,89,Georgia,,,
4924,Zach Terrell,BAL,QB,Active,,24,1,0,Western Michigan,,,
4925,Jordan Wade,OAK,G,Active,,,1,0,Oklahoma,,,
4926,Nick Schuessler,PIT,QB,Active,,,1,0,Clemson,,,
4930,Franko House,CHI,TE,Active,,23,1,0,Ball State,,,
4933,Anthony McMeans,LAR,G,Active,,,1,0,New Mexico State,,,
4935,Charles Walker,PHI,DT,Active,,,1,0,Oklahoma,,,
4936,Skyler Howard,SEA,QB,Active,,23,1,0,West Virginia,,,
4937,Al Riles,IND,WR,Active,,24,1,3,LA-Lafayette,2980808,,
4939,Roderick Henderson,TEN,DT,Active,,,1,76,Alabama State,,,
4943,Sam Darnold,SEA,QB,Active,,29,8,14,USC,3912547,00-0034869,13d826c5-9b22-4e0a-a877-02d8c84c546b
4948,Orlando Brown,CIN,T,Active,,30,8,75,Oklahoma,3116370,00-0034752,9d699fbc-ce11-4e42-a9b1-c94ecee8f613
4950,Christian Kirk,SF,WR,Active,Questionable,29,8,3,Texas A&M,3895856,00-0034775,ebcd87ce-218c-4144-810b-921c2f59d6e8
4959,Scott Daly,TB,LS,Active,,32,8,71,Notre Dame,2980138,00-0034067,6bbb8551-be80-4eae-a1a5-9f877f917a05
4960,Roquan Smith,BAL,LB,Active,,29,8,0,Georgia,3915189,00-0034874,3291c582-9377-4bc2-8ee5-61d887873797
4963,Minkah Fitzpatrick,NYJ,DB,Active,,29,8,29,Alabama,3925345,00-0034789,1aede0b9-557c-444d-9a2f-4cc690e1563c
4964,Denzel Ward,CLE,CB,Active,,29,8,21,Ohio State,3915535,00-0034856,aefdc3d3-0851-4782-b298-f06f137d42c9
4965,Marcus Davenport,CHI,DE,Active,,29,8,92,UTSA,3124058,00-0034344,9c2c9c29-516a-4e0f-8dcd-319291823370
4966,Mike McGlinchey,DEN,T,Active,,31,8,69,Notre Dame,3052885,00-0034847,c2b21a35-81fc-465f-9476-6e5cda608288
4967,Bradley Chubb,BUF,LB,Active,,30,8,9,North Carolina State,3116733,00-0034832,66313049-299d-4e58-beb9-8e051ab6548a
4968,Tremaine Edmunds,NYG,LB,Active,,28,8,49,Virginia Tech,3929950,00-0034673,88976fed-0ffd-40a8-98ea-0c6c55010000
4969,Vita Vea,TB,DT,Active,,31,8,50,Washington,3134362,00-0034773,503eb9a7-83ed-4b96-b0f2-7afe4920bde9
4970,Quenton Nelson,IND,OL,Active,,30,8,56,Notre Dame,3129308,00-0034342,d3fee51d-67f5-413b-a4b2-bde86b97babe
4971,Derwin James,LAC,DB,Active,,30,8,3,Florida State,3691739,00-0034790,01c52412-7257-4213-b8b3-effa7c5dd5c7
4972,Mason Rudolph,PIT,QB,Active,,31,8,2,Oklahoma State,3116407,00-0034771,be4ca0ad-f3d6-4b98-a37f-79d0cbc06390
4976,Daron Payne,WAS,DT,Active,,29,8,94,Alabama,3925354,00-0034333,0a1be8da-5839-4768-bfe5-9fec74908268
4981,Calvin Ridley,TEN,WR,Active,,31,8,0,Alabama,3925357,00-0034837,926e2674-52d6-4cec-9991-46ee85cc8cfd
4982,Mike Hughes,ATL,CB,Active,,29,8,21,UCF,3895841,00-0034843,1f181c47-ad84-4758-a295-4c4f5c56120f
4983,DJ Moore,BUF,WR,Active,,29,8,2,Maryland,3915416,00-0034827,d8202e6d-d03b-4cd1-a793-ff8fd39d9755
4984,Josh Allen,BUF,QB,Active,,30,8,17,Wyoming,3918298,00-0034857,3069db07-aa43-4503-ab11-2ae5c0002721
4986,Kolton Miller,LV,T,Active,,30,8,74,UCLA,3134312,00-0034759,e4085e9f-ab3b-4dd6-9cb0-bf6f2bd428fd
4989,Austin Corbett,BUF,OL,Active,,30,8,63,Nevada,3056608,00-0034261,9290324b-eb17-423b-8019-e5d26839fd45
4992,Dante Pettis,BUF,WR,Active,,30,8,87,Washington,3127306,00-0034860,20d16690-560b-4a01-af20-8870ef07ea70
4993,Mike Gesicki,CIN,TE,Active,,30,8,88,Penn State,3116164,00-0034829,1012cbe0-7eba-4169-bfca-183a0204e1a7
4995,Ian Thomas,LV,TE,Active,,30,8,80,Indiana,4045305,00-0034365,ed8a8fd2-df67-45e7-a34f-984afb82f6ea
4999,Josh Sweat,ARI,DE,Active,PUP,29,8,10,Florida State,3693166,00-0034381,66a67b5d-500d-46e8-90c6-e2f127d38190
5001,Dalton Schultz,HOU,TE,Active,,30,8,86,Stanford,3117256,00-0034383,8caec1b4-e0b6-4a84-b8c8-617d6e91ef6a
5002,Maurice Hurst,WAS,DT,Active,,31,8,77,Michigan,3045220,00-0034746,81b159d5-86ac-4130-a87d-dbd5e0b211b3
5004,Ito Smith,DAL,RB,Active,,26,4,43,Southern Miss,3123969,00-0034378,d033bdd4-2a32-4b08-a9a7-8365933816c3
5008,Durham Smythe,BAL,TE,Active,,31,8,80,Notre Dame,3052897,00-0034798,7e42a22a-c47b-4387-aeeb-2cc2e76dc1d8
5011,Michael Dickson,SEA,P,Active,,30,8,4,Texas,3929851,00-0034160,d1ae3222-8892-49bc-bb3e-0bcd7c74522e
5012,Mark Andrews,BAL,TE,Active,,30,8,89,Oklahoma,3116365,00-0034753,0618f387-9b72-4270-8b8f-dec4cccc9e4a
5017,Jessie Bates,ATL,DB,Active,,29,8,3,Wake Forest,3919512, 00-0034675,89c84a59-18ad-4aeb-8879-d4ba7dd1491e
5020,B.J. Hill,CIN,DT,Active,,31,8,92,North Carolina State,3116748,00-0034800,5c24d0c5-076c-4db5-9bd0-e67f7c42ad50
5022,Dallas Goedert,PHI,TE,Active,,31,8,88,South Dakota State,3121023,00-0034351,e8029983-87cf-49a2-bc04-04c8233a0630
5023,Chukwuma Okorafor,NYJ,OL,Active,,29,8,79,Western Michigan,3129473,00-0034768,a4e669b3-32f3-4762-8b01-df6ef8dd0e51
5025,Ronnie Harrison,MIA,DB,Active,,29,8,56,Alabama,3859006,00-0034779,9b96ef63-04bd-41ae-b59c-acc0f2561d19
5027,Geron Christian,JAX,OL,Active,,29,8,75,Louisville,3916414,00-0034817,ac8909fd-d860-4c28-884f-291ff7cd370e
5030,Harold Landry,NE,LB,Active,PUP,30,8,2,Boston College,3122793,00-0034828,60d5e71e-e127-463b-8e6b-26a7dac3db76
5031,Oren Burks,CIN,LB,Active,,31,8,42,Vanderbilt,3051746,00-0034754,ab9bd5b1-eaf9-4f2d-8acd-fbc143980b17
5035,Derrick Nnadi,IND,DT,Active,,30,8,92,Florida State,3122930,00-0034818,a1182eb3-26cb-4d34-b29a-df673973f08b
5036,Justin Reid,NO,DB,Active,,29,8,21,Stanford,3931399,00-0034361,bb9db665-7f9f-425d-9e4b-df78c65c8b97
5041,Fred Warner,SF,LB,Active,,29,8,54,BYU,3138826,00-0034815,75a74283-5ab6-49d4-bf2f-e6fcaf91ec36
5043,Nathan Shepherd,NO,DT,Active,,32,8,93,Fort Hays State,4076951,00-0034760,4be6de2f-0a6c-43fc-a91f-d01cdb5dca6c
5044,Isaiah Oliver,ARI,CB,Active,,29,8,34,Colorado,3915437,00-0034357,83d45661-2687-4ca9-ac45-91beac7b7082
5045,Courtland Sutton,DEN,WR,Active,,30,8,14,SMU,3128429,00-0034348,b55ae5ba-593f-4560-9cab-14e10698e01d
5047,Brian O'Neill,MIN,T,Active,,30,8,75,Pittsburgh,3123954,00-0034158,60ff28ab-0edc-43e3-8517-cd57c78f6347
5048,Isaac Yiadom,NO,CB,Active,,30,8,27,Boston College,3122797,00-0034780,5bde0a71-c7ec-465f-ad35-c195e1d10b29
5049,Harrison Phillips,NYJ,DT,Active,,30,8,97,Stanford,3117255,00-0034782,840b2183-02bc-4a2a-b415-c62ceecca1b2
5051,Donte Jackson,LAC,CB,Active,,30,8,26,LSU,3843769,00-0034356,9dc1308a-5cf2-45c1-b5ad-fc64fff3e94f
5054,Carlton Davis,NE,CB,Active,,29,8,7,Auburn,3916923,00-0034778,2df83b38-7b2b-4aea-91ee-bfc5974486a1
5055,M.J. Stewart,HOU,DB,Active,PUP,30,8,29,North Carolina,3116679,00-0034355,3d405d21-bfdd-4495-afe3-9e96d1972ee2
5060,Braden Smith,HOU,OL,Active,,30,8,71,Auburn,3121595,00-0034836,e550d0d9-2e56-4c71-8a9a-8a683daf32a3
5061,Uchenna Nwosu,SEA,LB,Active,,29,8,7,USC,3120358,00-0034350,40941261-cfd0-4e8d-b895-21fb7e20b407
5065,Brandon Parker,SF,T,Active,,30,8,60,North Carolina A&T,3072292,00-0034763,47e64968-acea-454d-a95f-107a90960aab
5067,Arden Key,IND,DE,Active,,30,8,98,LSU,3843843,00-0034825,acc85868-4848-4de3-8e6f-5427e93c8d80
5071,DeShon Elliott,PIT,DB,Active,,29,8,25,Texas,3929846,00-0034277,83128a20-392f-4ca7-878e-689c6e6dfbfc
5073,Sebastian Joseph-Day,PIT,DT,Active,,31,8,69,Rutgers,3047495,00-0034810,21c60b9f-98f3-4b6f-8911-89aba2622347
5075,Ogbo Okoronkwo,SF,LB,Active,,31,8,59,Oklahoma,3052667,00-0034807,eacc232b-701d-4a67-9ce5-61b9b931fd42
5084,Natrell Jamerson,LV,DB,Active,,26,4,0,Wisconsin,3121552,00-0034398,f2f71ec1-cc13-4215-aa5d-1948c42c6b28
5086,Marquez Valdes-Scantling,DAL,WR,Active,,31,8,11,South Florida,3051738,00-0034272,e7f0a505-8060-403e-a3b3-9d4e88dda1dc
5087,JK Scott,LAC,P,Active,,30,8,16,Alabama,3126368,00-0034162,5067e5ee-bae8-411e-bc05-011a88a3d954
5088,Duke Ejiofor,ATL,LB,Active,,26,4,0,Wake Forest,3039783,00-0034402,43aeb127-28e7-4fac-a611-39c38f3f7628
5090,Folorunso Fatukasi,LV,DT,Active,,31,8,63,UConn,3045172,00-0034275,acc3f3fc-12b7-40b6-b773-b73b2b10cf32
5096,Ray-Ray McCloud,CHI,WR,Active,,29,8,26,Clemson,3728262,00-0034407,f7ff7599-a175-4a0c-b887-3ae9e596fc64
5097,Wyatt Teller,HOU,G,Active,,31,8,75,Virginia Tech,3045474,00-0034399,2b6a749f-5e78-484f-8a87-92c6da991b19
5098,Siran Neal,SF,CB,Active,,32,8,33,Jacksonville State,3057524,00-0034391,82100457-f4ee-4f24-8ca2-584bfdc85749
5113,Cedrick Wilson,DET,WR,Active,,30,8,86,Boise State,4036335, 00-0034418,a964f59b-af2b-48e1-b64d-c376cc1d8c28
5119,Jason Sanders,NYJ,K,Active,,30,8,19,New Mexico,3124679,00-0034794,5ffb654f-0de5-424b-aa2f-ad511deb5b51
5121,Braxton Berrios,NYG,WR,Active,,30,8,87,Miami (FL),3123075,00-0034419,18f0bd30-1432-4fae-9cb4-c212bad6d0bb
5127,Kyle Allen,BUF,QB,Active,,30,8,11,Houston,3115293,00-0034577,d2023f5b-f73b-43ad-a816-f10dadfdfaed
5133,Tyler Conklin,DET,TE,Active,,31,8,83,Central Michigan,3122920,00-0034439,f0d17dfa-ebf3-416c-a8d2-c6bc30675103
5147,Emmanuel Ellerbee,ATL,LB,Inactive,,25,4,52,Rice,3123863,00-0034139,68c82358-44df-4884-9e5d-f5102435c32d
5154,Trent Sherfield,BUF,WR,Active,,30,8,81,Vanderbilt,3122168,00-0034487,18ccb826-5584-4f6a-8434-cf9a3b927b0f
5158,Dennis Gardeck,JAX,LB,Active,,32,8,47,Sioux Falls,4334300,00-0034473,48700b7b-210c-4ced-9c57-3e21162e7752
5189,Eddy Pineiro,SF,K,Active,,30,8,18,Florida,4034949,00-0034173,1c50997f-c56e-47f9-a750-33ab100ed28b
5222,Jalen Davis,CIN,CB,Active,,30,8,35,Utah State,3125356,00-0034446,57a21028-b3a1-494b-ade8-7e94c7108823
5223,Caleb Scott,TEN,WR,Active,,25,4,83,Vanderbilt,3122167,00-0034243,a3055591-6c57-4ff0-9a2f-5e2547c62820
5226,Poona Ford,LAR,DT,Active,,30,8,97,Texas,3125114,00-0034234,09b78e4f-e683-4c5d-b35e-35cc0dbbf7e5
525,Morgan Cox,TEN,LS,Active,,40,16,46,Tennessee,13848,00-0027557,513df09d-7d3a-44a8-873c-34f2fe46326b
5297,Zach Sieler,MIA,DT,Active,Questionable,30,8,92,Ferris State,3057956,00-0034285,c85c0efc-3391-4a8e-b8a4-370b32fd09ce
5314,Logan Cooke,JAX,P,Active,,31,8,9,Mississippi State,3115480,00-0034437,8301d82b-0ad1-4988-a978-2925e2ae9377
5325,Peter Kalambayi,GB,LB,Active,,26,4,43,Stanford,3043276,00-0034421,872967b4-d1ab-4b27-82e9-c40774fc995e
5328,Tremon Smith,HOU,DB,Active,,30,8,11,Central Arkansas,3134448,00-0034278,aecd8785-d22b-43b4-bbff-76b7e4319ed6
5330,Dorance Armstrong,WAS,DE,Active,Sus,29,8,92,Kansas,3928979,00-0034373,a28daf84-6354-49e6-a047-1bc549997f29
5332,Foyesade Oluokun,JAX,LB,Active,,31,8,23,Yale,3050073,00-0034413,0a415a08-ea30-40b2-aac9-42689e3e996a
5333,Jalyn Holmes,TEN,DE,Active,,30,8,97,Ohio State,3121414,00-0034264,9b8e379d-2362-415f-b51d-ec3b8bedda93
5341,Taron Johnson,LV,CB,Active,,30,8,3,Weber State,3121003,00-0034376,3443dde2-23bc-4dba-b499-069d501a59cf
5343,Quentin Poling,NO,LB,Inactive,,27,4,52,Ohio,3052996,00-0034793,2feb5241-ab81-4907-b660-ef8e92976224
5346,Zaire Franklin,GB,LB,Active,,30,8,44,Syracuse,3124005,00-0034431,b0ad00bc-3b30-41ce-8892-f8105e0943e2
5351,Da'Shawn Hand,ATL,DT,Active,,30,8,90,Alabama,3126352,00-0034371,e4114f9d-80da-4e39-bd12-cd9cf2c0d720
5361,Avonte Maddox,DET,CB,Active,,30,8,29,Pittsburgh,3123938,00-0034377,942b9da8-e0c6-4087-886b-370fe357f5f3
5362,Jordan Mailata,PHI,T,Active,,29,8,68,,4334215,00-0034429,4c01d331-f294-4836-bbfc-3369829d66c8
5363,Matt Pryor,ARI,T,Active,,31,8,76,TCU,3055886,00-0034417,782c4f21-74b8-4fb1-b9a9-f908e4de81b1
5366,Tim Settle,WAS,DT,Active,Questionable,29,8,97,Virginia Tech,3929956,00-0034397,8442c8f8-7fbb-4a0b-8407-355c2dfdf72c
5371,Kentavius Street,CHI,DT,Active,,30,8,93,North Carolina State,3116726,00-0034320,eb864600-7562-491a-b7a7-9eb3068dba06
5372,D.J. Reed,DET,CB,Active,Questionable,29,8,4,Kansas State,3139387,00-0034384,17664e93-8236-4eb0-9505-4e71f43b5a7d
5374,Justin Watson,HOU,WR,Active,,30,8,84,Pennsylvania,3118892,00-0034386,bdb77276-7191-4454-85c2-e1693a33d709
5378,Jacob Martin,TEN,DE,Active,,30,8,57,Temple,3138764,00-0034163,b7337487-017c-42f4-b500-6802a35efbfc
5405,Cole Boozer,WAS,OT,Inactive,,27,4,0,Temple,3051330,00-0034610,1fc0823d-73ff-4657-9c85-f4527abd6a12
5409,Tanner Hudson,CIN,TE,Active,,31,8,87,Southern Arkansas,3050481,00-0034613,2fa75e05-cac4-4b40-8924-dbc9ae0c959c
5423,Trent Scott,WAS,T,Active,,32,8,73,Grambling State,3123303,00-0034571,de3c68c3-9c11-4c0c-82ef-bc0d536820c2
5439,Austin Schlottmann,TEN,G,Active,,30,8,51,TCU,4038544,00-0034112,dbed6759-8ce2-4f1b-8757-aab4ec66dcc9
5452,J.T. Gray,PHI,DB,Active,,30,8,48,Mississippi State,3115481,00-0034116,e0248ecc-27b4-4368-bf97-47a73cb41ec2
5454,Coleman Shelton,LAR,OL,Active,,31,8,65,Washington,3052180,00-0034114,9e885643-3f46-49f4-94e9-714a3b1f586b
5461,Trent Sieg,DAL,LS,Active,,31,8,44,Colorado State,3052357,00-0034198,378df3b9-0a5c-4d68-a173-79bc0df07a66
5466,John Franklin-Myers,TEN,DT,Active,,29,8,91,Stephen F. Austin,3120464,00-0034805,e08d71dd-58d9-4295-bcf8-9a6faf59c333
548,Jon Weeks,SF,LS,Active,,40,16,46,Baylor,13729,00-0027224,b23e22bb-d478-4312-a085-e7642017ccfb
5493,Charvarius Ward,IND,CB,Active,Questionable,30,8,7,Middle Tennessee,4037361,00-0034573,04f6abef-834f-470e-9c15-8c0cc62fde4e
5514,Evan Perroni,TB,,Active,,,1,0,,,,
5519,Tavierre Thomas,MIN,DB,Active,,30,8,37,Ferris State,4334405,00-0034488,0a63f97d-9cc2-44d0-b65a-ac2e78db73f9
5520,Jonathan Owens,IND,DB,Active,,31,8,38,Missouri Western,4331768,00-0034485,411c2af8-64c9-4982-8d72-3ba4c683c0db
5534,Elijah Campbell,NYG,DB,Active,,30,8,28,Northern Iowa,3932901,00-0034248,98166be9-2705-496d-ae1c-3bbcc2fe60bb
5580,Frankie Luvu,WAS,LB,Active,,29,8,4,Washington State,3127273,00-0034302,717ebb17-f54f-4052-b9fb-af641a25ebe2
5610,Evan Brown,HOU,C,Active,,29,8,67,SMU,3128412,00-0034495,8fde3481-68c2-43c4-a9d4-de73f0a259e3
5615,Matt Dickerson,JAX,DE,Active,,30,8,93,UCLA,3134316,00-0034657,7bce07de-7179-459c-97a4-279fb53641a2
5638,Shaq Roland,CHI,WR,Active,,,1,6,West Georgia,2978744,,
5668,Aaron Stinnie,NYG,G,Active,,32,8,64,James Madison,3049339,00-0034668,5fd40b6b-d81a-4a4e-a394-53ed7e58511f
5691,Mike Ford,ATL,DB,Active,,31,8,28,Southeast Missouri State,3050916,00-0034639,965df459-3f21-4a93-9a99-15559eb977a4
5721,Corey Bojorquez,CLE,P,Active,,29,8,13,New Mexico,4039396,00-0034721,1073ac8d-d12f-4ad0-845d-5351503931bd
5726,Robert Spillane,NE,LB,Active,,30,8,14,Western Michigan,3129446,00-0034720,3b59e08c-0c3b-42c9-a4e2-9b79103ea715
5737,Drew Scott,KC,LS,Active,,26,4,0,Kansas State,3052422, 00-0034727,9e324b1e-b03b-44cc-83b5-1d483b4051e8
5744,Eldridge Massington,NO,WR,Active,,24,1,86,UCLA,3047578,,
5757,Josh Woods,ATL,LB,Active,,30,8,46,Maryland,3128303,00-0034801,abdf27dc-a54d-427c-a745-173f1c485292
5773,KhaDarel Hodge,SF,WR,Active,,31,8,0,Prairie View A&M,3047876,00-0034854,6f124753-5c6c-454b-97c7-0f9b4d14e7c2
5781,Malik Turner,SF,WR,Active,,30,8,81,Illinois,3115928,00-0034867,82a7e1ff-019a-4f4b-aeb6-c41420e44891
5792,Jeremy Reaves,WAS,DB,Active,,29,8,39,South Alabama,3125248,,186a4bda-d3b3-48c1-8ed7-cb4ad1014062
5816,Nick Bosa,SF,DE,Active,Questionable,28,7,97,Ohio State,4040605, 00-0035717,987c5e68-21d5-4bcb-a5f3-2e09cc512374
5839,Rashan Gary,DAL,LB,Active,,28,7,7,Michigan,4046523, 00-0034967,99847f76-5bf2-4cbe-8573-9a477f7fb472
5840,Josh Hines-Allen,JAX,DE,Active,,29,7,41,Kentucky,3915239, 00-0035642,dd7be5f3-c615-4621-92e1-2434519cb1f9
5841,Ed Oliver,BUF,DT,Active,,28,7,91,Houston,4039303, 00-0035230,adabdc56-278f-48b9-a003-1329b7f2f663
5842,Clelin Ferrell,MIA,DE,Active,Questionable,29,7,98,Clemson,3728258, 00-0035692,108759bf-8c78-41c6-a409-b87c63985c21
5843,Devin Bush,CHI,LB,Active,,28,7,12,Michigan,4036261, 00-0035525,ab5d4d72-fb1c-4aeb-887b-f6ca35f679bf
5844,T.J. Hockenson,MIN,TE,Active,,29,7,87,Iowa,4036133, 00-0035229,bd1120b6-38b3-4225-a4b0-20660a149d0d
5846,DK Metcalf,PIT,WR,Active,Questionable,28,7,4,Ole Miss,4047650, 00-0035640,754faf0f-40f7-45f0-b23b-6ce990ecaf26
5847,Dexter Lawrence,CIN,DT,Active,,28,7,97,Clemson,4035483, 00-0035683,31bd7a4c-8eaf-4ea3-871c-b44420c804f8
5848,Marquise Brown,PHI,WR,Active,,29,7,0,Oklahoma,4241372, 00-0035662,feeee40a-dd63-41a7-89cd-6c95b5456833
5849,Kyler Murray,MIN,QB,Active,,29,7,1,Oklahoma,3917315, 00-0035228,dd5a6b6e-ffae-45a5-b8e6-718a9251f374
5850,Josh Jacobs,GB,RB,Active,Questionable,28,7,8,Alabama,4047365, 00-0035700,61694ab9-b099-408e-b48d-6a643dd069ec
5854,Drew Lock,SEA,QB,Active,,29,7,2,Missouri,3924327, 00-0035704,94325301-e0ad-4a9f-a0e5-ffec0f529be3
5855,Garrett Bradbury,CHI,C,Active,,31,7,67,North Carolina State,3116729, 00-0035588,acdd0b8b-d840-44ac-9dfa-05fe8baabe09
5856,Cody Ford,CIN,OL,Active,,29,7,61,Oklahoma,3707061, 00-0035238,74a588d5-22b6-42da-8d59-c79d4f7634d2
5857,Noah Fant,NO,TE,Active,,28,7,87,Iowa,4036131, 00-0035644,cdc98acc-9eb6-4b44-81bb-61d7b8a3b55f
5859,A.J. Brown,NE,WR,Active,,29,7,1,Ole Miss,4047646, 00-0035676,a9e580f2-1fbe-46fb-887c-c84089b507e4
5861,L.J. Collier,ARI,DE,Active,,30,7,91,TCU,3116449, 00-0035636,9d546e3b-0eb3-4926-a5ef-eb5e48b9330e
5862,Brian Burns,NYG,DE,Active,,28,7,0,Florida State,4035631, 00-0035713,dbf199a9-542e-4279-8764-3341b9f80910
5864,Byron Murphy,MIN,CB,Active,,28,7,7,Washington,4038999, 00-0035236,c025b513-9431-4097-bc25-9777bf08f846
5865,Dre'Mont Jones,NE,DE,Active,,29,7,5,Ohio State,3915525, 00-0035678,92c8bc67-756d-4e3c-981c-3df010e15e2d
5867,Dalton Risner,CIN,G,Active,,31,7,66,Kansas State,3125082, 00-0035702,570c17a4-c14a-45a0-afda-93ef879b2604
5869,Michael Jordan,PHI,G,Active,,28,7,79,Ohio State,4040622, 00-0035266,3dec63e9-ad9d-4d1f-8ba2-102d9474df2c
5870,Daniel Jones,IND,QB,Active,,29,7,17,Duke,3917792, 00-0035710,0042266b-cb28-4012-bfd2-06650badad97
5871,Zach Allen,DEN,DE,Active,,29,7,99,Boston College,3915282, 00-0035248,f68685e7-9904-47bc-b39a-e1c813435385
5872,Deebo Samuel,SF,WR,Active,,30,7,19,South Carolina,3126486, 00-0035719,628a6a0a-4fde-4024-8d7c-28674953d5af
5875,Erik McCoy,NO,OL,Active,,28,7,78,Texas A&M,3917331, 00-0035242,b2fc64a2-3df5-4f65-92e7-922d41723bef
5876,Julian Love,SEA,DB,Active,,28,7,20,Notre Dame,4046675, 00-0034974,a1052a59-114e-4340-8936-bffb17431300
5877,Elgton Jenkins,CLE,G,Active,,30,7,74,Mississippi State,3115485, 00-0035526,b5d116d8-11d4-43b1-8f0b-9a3ba26648c9
5882,Taylor Rapp,DEN,DB,Active,,28,7,9,Washington,4039007, 00-0035663,1cccc54a-c168-4359-bfbc-30556db0ca73
5883,Lonnie Johnson,MIA,DB,Active,Questionable,30,7,32,Kentucky,4240780, 00-0035244,acbf5978-d7da-4d01-8f1d-22dd65d4484c
5886,Hakeem Butler,DEN,TE,Active,,30,7,30,Iowa State,3917940, 00-0035529,472945d8-0062-417b-9967-430d381c80ae
5888,Amani Oruwariye,BAL,CB,Active,,30,7,25,Penn State,3116175, 00-0035270,3e4c9bb7-6ff1-4bf8-bc25-cd6717ddf568
5892,David Montgomery,HOU,RB,Active,,29,7,32,Iowa State,4035538, 00-0035685,1c9e1cd5-8cb1-4a15-a2c8-3a0c0fd5423c
5893,C.J. Gardner-Johnson,BUF,DB,Active,,28,7,22,Florida,4034953, 00-0035253,5fb6e9f1-2efa-44c9-876f-4d635484be88
5895,Chris Lindstrom,ATL,G,Active,,29,7,63,Boston College,3672833, 00-0035630,e02c98ff-b5d8-4647-a4ed-bba595ae9e5a
5898,Michael Deiter,DEN,OL,Inactive,IR,29,7,60,Wisconsin,3121541, 00-0035686,6d96bf47-e8c7-4683-8291-74dc426a38cb
5901,Tytus Howard,CLE,OL,Active,,30,7,71,Alabama State,3131498, 00-0035234,8abf63a5-6f5d-46c2-8a3a-b9b03d0cab26
5904,David Edwards,NO,OL,Active,,29,7,76,Wisconsin,3917660, 00-0035668,b7a0f6d0-af4f-4134-8382-c59c4283576e
5906,Dawson Knox,BUF,TE,Active,,29,7,88,Ole Miss,3930086, 00-0035689,5fb525c5-4e70-4ede-8c49-94ad0cf66b7d
5908,Amani Hooker,TEN,DB,Active,,28,7,37,Iowa,4036134, 00-0035632,aac96096-362f-4254-952a-5b3b04472f19
5910,Ben Powers,DEN,G,Active,,29,7,74,Oklahoma,4037650, 00-0034978,cfcac921-0ac6-457c-9f37-82324327f3e3
5912,Carl Granderson,NO,DE,Active,,29,7,96,Wyoming,3918310, 00-0035402,d9cf7aa3-71b1-4ef2-98c5-3db5d44b6f1e
5913,Connor McGovern,BUF,G,Active,Questionable,28,7,66,Penn State,4033748, 00-0035679,0c827cf4-d8ac-4efc-b030-019baa3c7216
5917,Mecole Hardman,BUF,WR,Active,,28,7,1,Georgia,4035004, 00-0035140,fe6dc768-d576-476c-b150-53b85af2a1d1
5920,Will Harris,WAS,DB,Active,,30,7,3,Boston College,3915297, 00-0035655,cae34950-dcb7-4021-ad21-0a8ae7cf47f1
5927,Terry McLaurin,WAS,WR,Active,,30,7,17,Ohio State,3121422, 00-0035659,7e8c4641-2beb-4213-ba22-69fe0307005f
5934,Charles Omenihu,WAS,DE,Active,,29,7,90,Texas,3929865, 00-0035279,eff1c40e-715c-49c4-93d8-6155322c1205
5938,Lil'Jordan Humphrey,DEN,WR,Active,,28,7,5,Texas,4039057, 00-0035406,b7f930af-ddd2-4a48-9617-96bda81b0334
5946,Jamel Dean,PIT,CB,Active,,29,7,35,Auburn,3873935, 00-0035699,278a0811-98b8-42d2-96e9-160b7f364ae0
5947,Jakobi Meyers,JAX,WR,Active,,29,7,3,North Carolina State,3916433, 00-0034960,73e194d1-a4b7-4de4-b1c2-3c24ef502918
5957,Isaac Nauta,GB,TE,Inactive,,24,3,82,Georgia,4035014, 00-0035539,e0755328-7fe1-4df7-9dfb-93e9cf9ef5be
596,Bryan Bulaga,LAC,T,Inactive,,32,12,75,Iowa,13247,00-0027875,2f80e90d-dbff-4395-81c9-4e61c247d0f1
5960,T.J. Edwards,CHI,LB,Active,,30,7,53,Wisconsin,3121544, 00-0035386,a7b4b50a-9431-4551-89e1-6b8cb80536d7
5967,Tony Pollard,TEN,RB,Active,,29,7,20,Memphis,3916148, 00-0035261,33b0227d-4c21-4e71-b4cd-be35f7db9123
5968,Mark Fields,SF,CB,Active,,25,3,25,Clemson,3728261, 00-0035155,f60017c5-e44c-4256-831f-86c8d8626481
5969,Chuma Edoga,JAX,OT,Active,,29,7,55,USC,3701582, 00-0035698,668bbc04-3346-4ba5-b038-9b5485f79d1c
5970,Greg Dortch,DET,WR,Active,,28,7,8,Wake Forest,4037235, 00-0035500,4484c7d1-025a-4f26-8e9b-48503afb0c68
5973,Josh Oliver,MIN,TE,Active,,29,7,84,San Jose State,3921690, 00-0035249,dc83f7af-7b30-4c4a-9c93-f67bd8db954b
5981,Greg Gaines,BUF,DT,Active,,30,7,97,Washington,3127294, 00-0035667,724c3e97-bd2a-4d48-850e-352829e51708
5985,Foster Moreau,HOU,TE,Active,,29,7,87,LSU,3843945, 00-0034981,9c3a67fd-5c6e-4689-9e08-9ff6d4db6c9a
5991,Maxx Crosby,LV,DE,Active,,28,7,98,Eastern Michigan,3916655, 00-0034973,3ae55cda-ad32-46c5-bde7-470755f37f3a
5995,Justice Hill,BAL,RB,Active,,28,7,43,Oklahoma State,4038441, 00-0034975,528e71ec-8fb3-4928-ace5-fc5ffbf26eb3
6001,Drew Sample,CIN,TE,Active,,30,7,89,Washington,3127310, 00-0035631,15a4f552-ecaf-45bd-9006-aa5dda93bee6
6003,Anthony Nelson,TB,LB,Active,,29,7,98,Iowa,3894856, 00-0035254,8bc51884-c9db-4745-8731-20eff25f41b0
6004,Andre James,TEN,C,Active,,29,7,61,UCLA,3932244, 00-0035127,20a45a8e-a917-439d-ba28-33b84ab2401e
6006,Byron Cowart,WAS,DT,Active,,30,7,55,Maryland,3916922, 00-0035278,3fa97e08-13d9-47a8-b155-39f975964d47
6011,Gardner Minshew,ARI,QB,Active,,30,7,15,Washington State,4038524, 00-0035289,dabb52c0-455b-48fe-996b-abf758120623
6012,Travis Homer,PIT,RB,Active,,28,7,21,Miami (FL),4037457, 00-0035594,4afb77d8-4564-469b-be4c-5a8587df8046
6016,Dax Raymond,PIT,TE,Active,,27,3,49,Utah State,3932963, 00-0035058,9d95c076-0ceb-4ecc-9187-4f77354c2d1f
6024,Fred Johnson,PHI,T,Active,,29,7,74,Florida,3915106, 00-0034951,95cd7ce9-e92a-40d9-997f-c7b16d0efd83
6025,Mike Jackson,CAR,CB,Active,,29,7,2,Miami (FL),3917853, 00-0035277,63fd7882-5d20-426e-9834-e85c0ebb4d5b
6034,Donnie Lewis,DEN,CB,Inactive,,26,3,39,Tulane,3126245, 00-0034998,750877e5-ccdd-4072-9e1c-8d957e45b561
6037,Brett Rypien,HOU,QB,Active,,30,7,16,Boise State,3722362, 00-0034955,9ab44516-2a26-4049-b630-66539c7a5dfd
6039,Ty Johnson,BUF,RB,Active,Questionable,28,7,26,Maryland,3915411, 00-0035537,96e6687b-2b89-4dd9-98df-6e7507cd82cf
6056,Dre Greenlaw,SF,LB,Active,,29,7,57,Arkansas,3916903, 00-0034982,e6eb9d50-9231-44ff-89eb-7f7b996e042f
6060,Sean Murphy-Bunting,ARI,CB,Active,,29,7,23,Central Michigan,3932886, 00-0035239,f84bf885-d6ff-4fc8-8b6e-64bb3bceb17d
6065,Cody Barton,TEN,LB,Active,,29,7,50,Utah,3926229, 00-0035672,577dfac0-3f0b-45ee-afff-c851c6aebb1e
6083,Matt Gay,LV,K,Active,,32,7,14,Utah,4249087, 00-0035269,2b90e091-ef78-4753-93eb-0acf3632c206
6084,Hjalte Froholdt,ARI,G,Active,,30,7,72,Arkansas,3886633, 00-0035258,04ca77dd-b55f-439e-a593-37dfc8ea8320
6093,Jake Bailey,ATL,P,Active,,29,7,16,Stanford,3931395, 00-0035280,af1335c6-c262-4488-9352-86ba80754583
6094,Sam Mustipher,JAX,OL,Active,,30,7,69,Notre Dame,3129307, 00-0035062,20e8addc-8e4f-4c4e-937d-3788de9c1e6f
6105,Joe Giles-Harris,CIN,LB,Active,,29,7,43,Duke,3917797, 00-0035363,62976179-ae2c-495f-9e94-cb3e49933243
6109,Alec Ingold,LAC,FB,Active,,30,7,30,Wisconsin,3917668, 00-0035125,7ade135c-0760-4548-b7d9-cf1174e2be33
6111,Jake Browning,TB,QB,Active,,30,7,5,Washington,3886812, 00-0035100,f2f29019-7306-4b1c-a9d8-e9f802cb06e0
6118,Quinnen Williams,DAL,DT,Active,,28,7,92,Alabama,4040982, 00-0035718,b8e0fa49-1122-4e97-9fe2-d90f6b7cb444
6119,Devin White,DET,LB,Active,,28,7,45,LSU,4035434, 00-0035707,37849d01-7d7e-4a35-8840-e17cacd73d85
6121,Jawaan Taylor,ATL,OL,Active,,28,7,71,Florida,4034961, 00-0035237,8f07843a-6f68-409e-8cdf-1207f521b12a
6124,Montez Sweat,CHI,DE,Active,,29,7,98,Mississippi State,3134690, 00-0035647,e3601423-c3ac-4013-bbe9-3478e2b7e1dd
6125,Jeffery Simmons,TEN,DT,Active,,29,7,98,Mississippi State,4035369, 00-0035643,dcbe3642-aa52-43e6-8f4c-4b9809377c4d
6128,Rock Ya-Sin,DET,CB,Active,,30,7,23,Temple,3910229, 00-0035637,bbeb74ae-87d4-417d-ba57-670391baf8ca
6129,Jerry Tillery,IND,DT,Active,,29,7,94,Notre Dame,3863182, 00-0035674,9da6119d-b135-4b90-9f9d-7d08ab00b15d
6130,Devin Singletary,NYG,RB,Active,,28,7,26,Florida Atlantic,4040761, 00-0035250,a961b0d4-5d7c-438e-90f0-2e1fa09f6c89
6131,Mack Wilson,ARI,LB,Active,,28,7,1,Alabama,4040983, 00-0035144,0790a8d6-5316-4204-91a6-8508ca48973b
6136,Jarrett Stidham,DEN,QB,Active,,30,7,8,Auburn,3892775, 00-0035264,582fe465-135a-4901-beef-60aebce99067
6141,Drue Tranquill,KC,LB,Active,Questionable,31,7,23,Notre Dame,3129310, 00-0035262,d468dfe5-8ad2-4c8b-b7ba-0962316a2156
6144,Trayveon Williams,DET,RB,Active,,28,7,38,Texas A&M,4035222, 00-0035291,478fcd24-2617-41d5-a900-b272aa6ef515
6147,Clayton Thorson,NYG,QB,Active,,26,3,0,Northwestern,3116144, 00-0035283,3cbf12f3-11df-4ced-a321-4877b129420c
6149,Darius Slayton,NYG,WR,Active,,29,7,18,Auburn,3916945, 00-0035535,82ed30a5-54a8-4ed0-b040-99c3a78fb055
6150,Max Scharping,WAS,OL,Active,,30,7,64,Northern Illinois,3126035, 00-0035245,bb5156b6-adca-425c-b336-54507cdd0cf8
6154,David Sills,TB,WR,Active,,30,7,80,West Virginia,3871102, 00-0035359,97f6c20c-1110-4551-82c1-41d3247397a2
6158,Oli Udoh,ARI,G,Active,,29,7,68,Elon,3120502, 00-0034994,8afd3fea-20d7-4a2d-9ce4-e610f7961e3e
6167,Jordan Scarlett,MIA,RB,Inactive,,26,3,22,Florida,3915115, 00-0035275,38abfa4e-ad62-4392-89a0-ac2a012efd87
6173,Mitch Wishnowsky,BUF,P,Active,,34,7,19,Utah,4035685, 00-0034941,e8e8a5fe-00d1-4ffc-9401-9e5cb254afea
6175,Kerrith Whyte,GB,RB,Active,,25,3,34,Florida Atlantic,3919104, 00-0035596,0a040f48-4fa1-479d-ae9d-3ab1457539ee
6177,Khalen Saunders,TEN,DT,Active,,30,7,59,Western Illinois,3121634, 00-0035656,757c55e1-2f3a-41d2-a211-16bf577a1586
6179,Jahlani Tavai,JAX,LB,Active,,29,7,32,Hawai'i,3124587, 00-0035240,dfb05fbc-7329-4893-8dc1-3d30033e49d0
6183,Andrew Van Ginkel,MIN,LB,Active,,31,7,43,Wisconsin,3133487, 00-0035272,7b47d190-168b-44bc-bb91-a688fe28f768
6185,Easton Stick,IND,QB,Active,,30,7,4,North Dakota State,3120590, 00-0035282,af291d43-a51f-44ce-b8ac-430ec68c78c8
6197,Durval Queiroz Neto,MIA,G,Active,,29,3,69,,4421391, 00-0035727,890deaca-e542-4565-95f7-b0bacc9c46ba
6213,Trey Pipkins,LAC,T,Active,,29,7,79,Sioux Falls,4411189, 00-0035688,42931961-6deb-4e33-bbe9-bf8f77d29da0
6214,Quincy Williams,CLE,LB,Active,,29,7,5,Murray State,3110565, 00-0035680,8227621d-ad2e-4dea-aef5-64d4f154adb2
6216,Ugo Amadi,NYG,DB,Active,,29,7,29,Oregon,3886834, 00-0035142,9448aee3-538c-4ff3-8781-bc848b086bfc
6217,Blake Cashman,MIN,LB,Active,,30,7,51,Minnesota,3728281, 00-0035276,17dfbad4-f4fc-4a65-a085-6cdcefe36879
6218,E.J. Speed,HOU,LB,Active,PUP,31,7,45,Tarleton State,3071353, 00-0034987,e653effc-2bdc-4bfe-bf3d-272e783ae4c4
6220,Cole Holcomb,PIT,LB,Active,,30,7,55,North Carolina,3116689, 00-0035286,c727b9d9-9776-415d-953c-9ae046e10a05
6221,Justin Skule,TB,OT,Active,,29,7,77,Vanderbilt,3915777, 00-0034989,eb995f08-f023-4338-bc36-5def4a83f59e
6223,Juwann Winfree,HOU,WR,Active,,29,7,11,Colorado,3128317, 00-0035593,fa7bdbe5-23b9-4cba-9015-98c5e2d09c9e
6271,Olamide Zaccheaus,ATL,WR,Active,,29,7,14,Virginia,3917914, 00-0035208,d8281390-f081-41e5-b55e-75779536fe94
6273,P.J. Johnson,LV,DT,Active,,25,3,54,Arizona,3910660, 00-0035540,344f10b9-b272-4f2f-8d1e-468f38f59f5e
6283,Corey Ballentine,JAX,CB,Active,,30,7,38,Washburn,4411769, 00-0035633,e3a4104a-ceba-4df2-b265-70843ecf1fb0
6284,Marcus Epps,PHI,DB,Active,,30,7,29,Wyoming,3139368, 00-0034993,4dcf9e8a-fc5c-43a2-9b83-4ca295490a9b
6290,Scotty Miller,CHI,WR,Active,,29,7,35,Bowling Green,3914397, 00-0035298,85e18d5f-8a3f-4b6c-88fe-dfdaaed5554e
6292,Nick Allegretti,WAS,G,Active,Questionable,30,7,67,Illinois,3115922, 00-0035149,806f81d1-6d4b-465c-8a16-b1a767c30fb0
6296,Quinton Bell,SF,LB,Active,,30,7,58,Prairie View A&M,3933407, 00-0035000,c8d98dc8-ca11-40bc-bd72-7e2f4bd2ba3b
6301,Nick Scott,CAR,DB,Active,,31,7,21,Penn State,3116179, 00-0035669,4d383922-53ab-48f8-bb8a-29176ea3ffbc
6302,Kaden Elliss,NO,LB,Active,,31,7,55,Idaho,3124890, 00-0035316,7c51883f-8ea7-4f54-8c03-a562b4524858
6306,Patrick Mekari,JAX,OL,Active,Questionable,29,7,65,California,3863820, 00-0035112,d027528c-6fb1-41bb-9ede-4f45ec731fdd
6314,Cam Lewis,CHI,CB,Active,,29,7,21,Buffalo,3916577, 00-0035357,d5dee97b-aa96-4fa6-868f-b6dc1f66245c
6315,Tyrel Dodson,MIA,LB,Active,,28,7,25,Texas A&M,4035232, 00-0035352,1881d1a7-218b-4690-9065-497946d1ec1e
6323,Andrew Beck,NYJ,RB,Active,,30,7,47,Texas,3125107, 00-0034959,b556a98d-16aa-4a0d-9134-1b59c46cc640
6333,Keisean Nixon,GB,CB,Active,,29,7,25,South Carolina,4259493, 00-0035133,e94ac14d-0122-4dc8-ad20-b71226cb8cfe
6348,Del'Shawn Phillips,LAC,LB,Active,,29,7,53,Illinois,4240528, 00-0035202,a3d59d11-8d6a-4cfa-9c5d-3387d20de7f9
6353,Troy Reeder,DET,LB,Active,,31,7,51,Delaware,3116177, 00-0035617,d0412c6f-ac97-420c-a9e2-1ca587c480b2
6386,Alex Bachman,LAR,WR,Active,,30,7,5,Wake Forest,3919510, 00-0035602,427038d8-ff50-4d6e-a088-4fdb8bc2f0e3
6400,Ryan Bee,ARI,DE,Active,,26,3,96,Marshall,3139448, 00-0034939,fe9c0458-1a1a-4e88-b974-2de7426fa520
6405,Ken Webster,NYJ,CB,Inactive,,25,3,4,Ole Miss,3128743, 00-0035318,b4f07920-56e3-4e9d-b787-014b2f940b0e
6416,Andrew Wingard,ARI,DB,Active,,29,7,27,Wyoming,3918331, 00-0035378,65e778fa-4639-4973-bb82-c76efa2ff309
6417,William Sweet,LV,OL,Active,,24,3,74,North Carolina,3895830, 00-0035492,9240e2e7-b6dc-4498-9abd-eb79a1df5462
6419,P.J. Locke,DAL,DB,Active,,29,7,1,Texas,3929850, 00-0035227,155980c2-e289-48c4-a047-09c08d0ce7ae
6427,Ashton Dulin,IND,WR,Active,,29,7,16,Malone (OH),4061956, 00-0035021,f374262b-d642-4d05-9584-5955548ee4d1
6451,Stephen Carlson,CHI,TE,Active,,29,7,88,Princeton,3948283, 00-0035039,013477a2-0271-4441-a0af-9bc25924a2f6
6453,D.J. Montgomery,IND,WR,Active,,29,7,2,Austin Peay,4249030, 00-0035045,021f2c32-0876-4db3-9605-e829f7d449d7
6461,Matt Orzech,GB,LS,Active,PUP,31,7,42,Azusa Pacific,4422336, 00-0035118,56b26b71-8f1e-416c-a7e5-62cd67c98f4b
6465,Thomas Ives,CHI,WR,Inactive,,25,3,0,Colgate,3909300, 00-0035074,422f272f-ca71-4fd2-a37a-d1e323c2728b
6476,D'Angelo Ross,CLE,DB,Active,,29,7,20,New Mexico,3139389, 00-0034966,3f0926f7-103e-44d5-85f0-e53ec48fe452
6485,Azeez Al-Shaair,HOU,LB,Active,,29,7,0,Florida Atlantic,3919117, 00-0035166,e9348fc5-273d-4ac3-9760-462f37c025dc
650,Nick Folk,ATL,K,Active,,41,19,6,Arizona,10621,00-0025565,b37c621e-1125-4c35-bea0-fcabb1527060
6523,Jack Fox,DET,P,Active,,29,7,3,Rice,3916370, 00-0035156,7141ec7a-4f3d-44a4-979e-6644ab9e8f7b
6528,Joey Slye,TEN,K,Active,,30,7,6,Virginia Tech,3124084, 00-0035192,ef4998e0-c9ef-4afe-88ab-d09b48975a08
6529,Chris Myarick,LV,TE,Active,,30,7,41,Temple,3138744, 00-0035345,002adaa8-5dc2-4b4b-95bc-53a38dce3849
6540,DeAndre Thompkins,GB,WR,Inactive,,26,3,6,Penn State,3116182, 00-0035385,8b66001c-c41f-406a-9583-d8b6848ea6d2
6555,AJ Cole,LV,P,Active,,30,7,6,North Carolina State,3686689, 00-0035190,36f93677-a95b-4362-ac5f-6722f5c05b6d
6565,Cody Conway,DEN,OL,Active,,25,3,60,Syracuse,3916465, 00-0035515,c03a2bf7-49d3-48fc-9062-0a2937a17647
6566,Blake Hance,LAR,OG,Active,,30,7,72,Northwestern,3116135, 00-0035355,e3a0e17e-fb75-4284-b89c-ddbc758f3d20
6588,Tom Kennedy,DET,WR,Active,,30,7,85,Bryant,3126997, 00-0035544,dc51b38c-dc82-44ee-a88b-764d681ce58a
6594,Nick Moore,BAL,LS,Active,,33,7,46,Georgia,3915184, 00-0035408,32ad0298-bbc6-4b66-bd4d-e87a169ad27a
6598,Trenton Irwin,SF,WR,Active,,30,7,82,Stanford,3931391, 00-0035341,ee79ad2e-353a-40cd-9344-c9d84f7e4b63
6610,Demetrius Flannigan-Fowles,BUF,LB,Inactive,IR,29,7,50,Arizona,3931424, 00-0035020,c5175598-1392-4eaa-ae62-d99811a0c477
6612,Luke Gifford,SF,LB,Active,Questionable,30,7,51,Nebraska,3116097, 00-0035413,bc8260d5-231f-4337-9979-7c1c40bc6cd0
6627,Shy Tuttle,WAS,DT,Active,,30,7,79,Tennessee,3886601, 00-0035409,c8fb3887-c2bb-4038-af6f-f9b81aeee0ac
6650,Chase McLaughlin,TB,K,Active,,30,7,4,Illinois,3150744, 00-0035358,12d28404-63e1-432f-adde-c93631a5c39c
6656,Connor Strachan,HOU,LB,Active,,26,3,53,Boston College,3122794, 00-0035373,37aa17f7-890f-40ad-ad48-57d70f2708a9
6657,Freedom Akinmoladun,NYJ,DE,Active,,25,3,61,Nebraska,3116082, 00-0035600,594c3651-1a2f-453e-a39d-2c84a377f2b5
6659,Craig Reynolds,WAS,RB,Active,,30,7,24,Kutztown,4421446, 00-0035567,0deb1dc9-0945-470d-8352-220d26d03d7d
6682,Kareem Orr,LAR,DB,Active,,25,3,35,Chattanooga,3675805, 00-0035573,aee4f924-aaf5-4351-b503-9fce1ade59c5
6694,D'Ernest Johnson,TEN,RB,Active,,30,7,21,South Florida,3139602, 00-0035628,f46e812f-14c6-4af8-9316-01a880adebc5
6699,Gunner Olszewski,NYG,WR,Inactive,IR,29,7,80,Bemidji State,4424106, 00-0035645,625a1777-dd9a-48c6-b512-c450b0914450
6711,Jalen Thompson,DAL,DB,Active,,28,7,34,Washington State,4043089, 00-0035705,56992f39-70e7-4b6a-86da-0a4776504e7a
6714,Mazzi Wilkins,BAL,DB,Active,,26,3,39,South Florida,3139613, 00-0035714,cd6cfc03-9ffc-4a2d-8dd3-7dac5915e637
6724,C.J. Moore,DET,DB,Active,,28,5,38,Ole Miss,,,ab47d1ab-af14-4054-ace2-0cd2fc1def85
6740,Brett Toth,SF,OL,Active,Questionable,29,7,78,Army,3129116, 00-0035743,d0b809ac-b82a-4b66-98b1-9fcf613ace6c
6752,Derrick Kelly II,NO,,Active,,24,0,0,Florida State,,,
6768,Tua Tagovailoa,ATL,QB,Active,,28,6,1,Alabama,4241479,,26ad9c27-de38-495e-913c-6fb2428e76d3
6770,Joe Burrow,CIN,QB,Active,,29,6,9,LSU,3915511,,3023ac10-4e7f-425f-9fc5-2b8e6332c92e
6781,Isaiah Simmons,CAR,DB,Active,,28,6,27,Clemson,4035462,,b87d80b7-f129-4f3d-938a-1272f8122589
6782,Chase Young,NO,DE,Active,,27,6,99,Ohio State,4241986,,9947409c-4a34-45f5-99a1-aa6daa13c430
6783,Jerry Jeudy,CLE,WR,Active,,27,6,3,Alabama,4241463,,eaaa4a61-c2a7-4926-8e9b-3ec71be2f991
6784,Derrick Brown,CAR,DT,Active,Questionable,28,6,95,Auburn,4035495,,9c8292c7-b406-4a31-a781-7c72aac6b053
6786,CeeDee Lamb,DAL,WR,Active,,27,6,88,Oklahoma,4241389,,a72ea15b-5199-4101-a300-846e1c655add
6787,Jedrick Wills,CHI,OT,Active,,27,6,71,Alabama,4241482,,543deccb-0e8d-42ac-b213-dfd458fc0602
6788,Xavier McKinney,GB,DB,Active,,28,6,29,Alabama,4241470,,dbeff2ee-8d26-48f3-b345-3cd88c374c87
6790,D'Andre Swift,CHI,RB,Active,,27,6,4,Georgia,4259545,,cc4b5f58-a11c-4450-a1df-617ad88336e4
6791,C.J. Henderson,ATL,CB,Active,,27,6,26,Florida,4240596,,afbc5ac8-8e3f-4cb6-a96d-3b28b039bde9
6792,Javon Kinlaw,WAS,DT,Active,,28,6,99,South Carolina,4259491,,1a8eff7a-1057-47c9-aa82-3dbf3f47a76c
6793,Tristan Wirfs,TB,T,Active,,27,6,78,Iowa,4240589,,e39240b4-cac5-453f-b99f-6bbbdd1c9c82
6794,Justin Jefferson,MIN,WR,Active,,27,6,18,LSU,4262921,,4131d4ee-0318-4bb5-832a-4dec80668a4f
6797,Justin Herbert,LAC,QB,Active,,28,6,10,Oregon,4038941,,f0a8f8e3-b9e9-46ed-85e4-eec6452a8a44
6798,Jalen Reagor,MIA,WR,Active,,27,6,17,TCU,4241802,,06ff7f42-5fe7-4899-84a5-9ba5349d17e8
6799,Grant Delpit,CLE,DB,Active,,27,6,9,LSU,4242208,,1bbe7ce0-3707-4d4d-b8f6-7577008f1763
6800,K'Lavon Chaisson,WAS,LB,Active,Questionable,27,6,45,LSU,4242205,,74439c42-a6db-4a9a-be25-559f3e03ef59
6801,Tee Higgins,CIN,WR,Active,,27,6,5,Clemson,4239993,,7963b029-5de4-4541-b00a-44eefe4349af
6802,A.J. Epenesa,PHI,DE,Active,,27,6,57,Iowa,4240585,,3fa3a270-f8b2-4d53-a265-84bc928af5c5
6803,Brandon Aiyuk,SF,WR,Active,DNR,28,6,11,Arizona State,4360438,,c90471cc-fa60-4416-9388-5aebb5d877eb
6804,Jordan Love,GB,QB,Active,,27,6,10,Utah State,4036378,,e5094779-e94f-4052-8597-bdbee3719f6b
6806,J.K. Dobbins,DEN,RB,Active,,27,6,27,Ohio State,4241985,,a57b9914-4315-4295-98b4-9b348c52d6a1
6807,Patrick Queen,PIT,LB,Active,,27,6,6,LSU,4242207,,bc4c0c7d-a6f4-4cff-95ec-a4d0523c2232
6808,Josh Jones,SEA,OL,Active,,29,6,74,Houston,3914630,,476d6de7-0d10-4f9c-96c9-2bd289052dce
6809,Trevon Diggs,SEA,CB,Active,,27,6,16,Alabama,4040966,,02753dc9-52ac-4ed1-8086-7894d35a3bd1
6810,Andrew Thomas,NYG,T,Active,,27,6,78,Georgia,4259566,,b493daf9-e550-497c-b382-4ffda2e47260
6813,Jonathan Taylor,IND,RB,Active,,27,6,28,Wisconsin,4242335,,925195a4-06ba-4e37-ae7d-a3d6a5419139
6815,Zack Baun,PHI,LB,Active,,29,6,53,Wisconsin,3917657,,719a7e8e-8286-453e-8aee-d2487c45e53f
6816,Cesar Ruiz,NO,OL,Active,,27,6,51,Michigan,4258199,,e05e1927-1dd4-44a9-9b70-f552e6939a97
6817,Noah Igbinoghene,SEA,CB,Active,,26,6,17,Auburn,4242516,,b4b346b6-6175-407c-a6cd-103368a1609f
6818,Nnamdi Madubuike,BAL,DT,Active,,28,6,92,Texas A&M,4035245,,904f702b-e8b1-4fef-a4a0-278d18cc15e3
6819,Michael Pittman,PIT,WR,Active,Questionable,28,6,11,USC,4035687,,1aefd5e2-1f85-471a-91a5-4aad4cf6fe6d
6821,Austin Jackson,MIA,T,Active,,27,6,73,USC,4271632,,412be3f1-210a-44b9-828c-d35cc6a1119c
6825,Neville Gallimore,CHI,DT,Active,,29,6,90,Oklahoma,3892883,,fda10175-38e3-4678-a94c-ccd6008d40ec
6826,Cole Kmet,CHI,TE,Active,,27,6,85,Notre Dame,4258595,,036feeb6-9a22-43c5-a8e3-7ac611d8ff49
6828,AJ Dillon,CAR,RB,Active,,28,6,28,Boston College,4239934,,e10bfeb8-ea01-47bc-bfa8-45f6dcbf71b3
6829,Kristian Fulton,KC,CB,Active,,27,6,8,LSU,4035433,,c87aaf5b-e1e9-4d18-b0f1-f328b646031d
6833,Bryce Hall,HOU,CB,Active,,28,6,34,Virginia,,,e81fcb68-e579-455f-9278-1bc28d5d332b
6835,Tyler Biadasz,LAC,C,Active,Out,28,6,63,Wisconsin,4035788,,f5b61bef-6214-4d70-9a34-d58da29ce2d5
6836,A.J. Terrell,ATL,CB,Active,,27,6,24,Clemson,4239995,,1eae2610-be1d-4f53-82a2-28cf4a2db352
6838,Marlon Davidson,NYG,DE,Active,,28,6,67,Auburn,4035494,,73afc75b-68f0-4cb0-823d-5bfe33969766
6839,Jaylon Johnson,CHI,DB,Active,,27,6,1,Utah,4243253,,99b81b41-fb3b-4650-940b-9cb3770021ba
6841,Jordan Elliott,TEN,DT,Active,,28,6,95,Missouri,4039052,,445efcfc-1646-4823-89f7-8b6005266d13
6843,Albert Okwuegbunam,LV,TE,Active,,28,6,85,Missouri,4035115,,617aee8a-70be-4bdf-9a71-2e2b74e647e6
6847,Devin Duvernay,ARI,WR,Active,,28,6,81,Texas,4039050,,d93dbc83-e604-4823-a24e-d162cbd8d4d9
6848,Anfernee Jennings,NO,LB,Active,,28,6,54,Alabama,3925350,,56692800-dd44-4b82-a988-398314845fd9
6849,Denzel Mims,DAL,WR,Active,,28,6,84,Baylor,4035403,,adfc13b3-1eb6-49f3-9ba6-d4d87fd13685
6851,Julian Okwara,CLE,LB,Active,,28,6,99,Notre Dame,4046690,,e91734d9-8e7d-4e55-9027-e7c338cc809a
6853,Van Jefferson,WAS,WR,Active,,30,6,12,Florida,3930066,,8e1285f7-6e4c-41e4-aac9-92e09f9f32b2
6855,Ashtyn Davis,SF,DB,Active,,29,6,29,California,3858271,,7d491979-7d1b-4b55-9f3a-f68db22d8bb1
6858,James Lynch,CHI,DT,Active,,27,6,97,Baylor,4259181,,ce8b21f7-6f93-40e6-8068-0432e10d855f
6860,Akeem Davis-Gaither,IND,LB,Active,,28,6,51,Appalachian State,3917142,,d152b2d5-402d-47f4-a6d1-7870e5a32df5
6864,Khalid Kareem,NYG,DE,Active,,28,6,54,Notre Dame,4039029,,3f4fe254-f18f-4b56-83e0-c37cfc72c7f7
6865,Colby Parkinson,LAR,TE,Active,,27,6,84,Stanford,4242557,,1ea7affb-e5e7-491a-aaa3-55e200b2eb48
6866,KJ Hill,LAC,WR,Active,,24,2,84,Ohio State,3915522,,a42da2a1-42c0-4d45-85f0-ab5c9af37e6f
6867,Malik Harrison,PIT,LB,Active,,28,6,39,Ohio State,4040615,,32575119-3aca-47cb-aaaf-162c48b7d372
6868,DJ Wonnum,DET,DE,Active,,28,6,98,South Carolina,4038849,,68356887-b59e-4210-9726-828ea7f83928
6869,Adam Trautman,DEN,TE,Active,,29,6,82,Dayton,3911853,,4e14183b-f974-4745-9d7f-8f5eb2a92a7d
6872,Kyle Dugger,CIN,DB,Active,,30,6,29,Lenoir-Rhyne,4401811,,1d8d5c04-15e7-4346-9d1f-f128e4df3adb
6875,John Simpson,BAL,G,Active,,29,6,74,Clemson,4035479,,55fe8587-9190-4ad9-8517-fcb330341ed3
6876,A.J. Green,MIA,CB,Active,,28,6,24,Oklahoma State,4038437,,07dbf3ec-0d6b-42f1-a2e8-7dd437339417
6881,Matt Hennessy,DAL,OL,Inactive,IR,28,6,72,Temple,4044138,,c498bd15-f54b-4371-ab38-549b1c6d9201
6882,Darnay Holmes,ATL,CB,Active,,28,6,30,UCLA,4242973,,8e19d167-cee8-4048-8f28-d476b11ec330
6887,Larrell Murchison,LAR,DT,Active,,29,6,52,North Carolina State,4240123,,ff0950aa-357f-47b4-b4dd-d4374413ffc1
6888,Antoine Winfield,TB,DB,Active,,28,6,31,Minnesota,4034790,,27732f2b-2009-4954-a0a0-d29f5ce1abdf
6889,Colton McKivitz,SF,OL,Active,,30,6,68,West Virginia,3916075,,1a7caa50-2fa5-4651-85d6-05cda9d9b3b3
6893,Robert Windsor,IND,DT,Active,,25,2,93,Penn State,3929658,,e26bb68a-8987-40b6-a2d1-af013a13306a
6896,Amik Robertson,WAS,CB,Active,,28,6,2,Louisiana Tech,4239694,,23525664-b547-413b-9221-b09091b90edf
6899,Terence Steele,DAL,T,Active,,29,6,78,Texas Tech,3915834,,9b1a3246-4f3b-47f7-9bf8-a33d6e454723
6900,Jonathan Greenard,PHI,DE,Active,PUP,29,6,52,Florida,3916409,,bc69c92c-58ff-44b2-a18b-07a08ee78dc6
6901,Joshua Metellus,MIN,DB,Active,,28,6,44,Michigan,4046537,,e135eaa4-1688-487a-a924-4d83b16977df
6903,Lloyd Cushenberry,BUF,C,Active,,28,6,53,LSU,4035448,,8753f2f2-16df-41c8-b25d-c93ada64d78c
6904,Jalen Hurts,PHI,QB,Active,,28,6,1,Oklahoma,4040715,,64bd0f02-6a5d-407e-98f1-fd02048ea21d
6905,Matt Peart,DEN,T,Active,,29,6,79,UConn,3921936,,ba5805bd-c67e-47d8-8d47-c8440a268cd4
6911,Brandon Jones,DEN,DB,Active,,28,6,22,Texas,4039059,,f0c60c6e-513b-40df-9794-d555ed59202f
6918,Salvon Ahmed,CHI,RB,Active,,27,6,36,Washington,4243315,,0dbbd211-0372-4751-9751-e4df4ab1f8eb
6920,Isaiah Hodgins,NYG,WR,Active,,27,6,89,Oregon State,4242540,,1d1c217b-6407-40d7-aebb-ba95fa05d127
6921,Josh Uche,MIA,LB,Active,,27,6,9,Michigan,4046528,,8738c2cc-4ac6-4288-922d-ce4590d9af42
6922,Ezra Cleveland,JAX,G,Active,,28,6,76,Boise State,4048231,,c410eacd-2692-41cd-97c4-4d7a0eaf1dd5
6923,Geno Stone,BUF,DB,Active,,27,6,25,Iowa,4240575,,95f3b8ac-e10f-4f0d-8650-b464b37ded86
6927,Quez Watkins,PHI,WR,Active,,28,6,86,Southern Miss,4050373,,ca85137c-205c-458e-8b77-8457849f614c
6928,Kindle Vildor,NE,DB,Active,,28,6,28,Georgia Southern,4036651,,e1072f9a-86f7-4d01-89a6-33fe0186f232
6931,DeeJay Dallas,JAX,RB,Active,,27,6,20,Miami (FL),4240631,,48ef5bfa-7b91-4ed1-ad12-e94c0bc101c2
6934,Ben Bredeson,TB,G,Active,,28,6,68,Michigan,4046551,,ab3ce81f-6625-45d3-aa6d-79f95ae4f503
6941,Troy Dye,LAC,LB,Active,,29,6,43,Oregon,4038946,,f070d4ef-1904-47f2-87d3-b9e2788789ed
6942,Jack Driscoll,PIT,T,Active,,29,6,68,Auburn,3932668,,83657965-d1b5-4317-84bf-f9e471629993
6946,Myles Bryant,CLE,DB,Active,,28,6,27,Washington,4039010,,7a51270b-cbdf-451e-a9e7-0f0b23435dd0
6947,K'Von Wallace,BAL,DB,Active,,29,6,26,Clemson,4035463,,789af1aa-253e-4fda-a93b-cef346bd91b3
6948,Leki Fotu,NYG,DT,Active,,27,6,98,Utah,4035666,,2040899a-0b04-4de7-900b-f9e6861c6150
6949,Jordyn Brooks,MIA,LB,Active,Questionable,28,6,20,Texas Tech,4043130,,ef422c88-b74f-4720-a831-947010c44ebe
6950,Braden Mann,PHI,P,Active,,28,6,10,Texas A&M,4035239,,85eaaf9f-59cf-4150-943c-c1abdaa78eb1
6952,Jonah Jackson,CHI,G,Active,,29,6,73,Ohio State,3930040,,cc1cc1ef-551b-444e-be5b-1eeb5c3a4177
6958,Mike Danna,BUF,DE,Active,,28,6,51,Michigan,3915487,,9e9d2934-a273-4e39-a413-d991d083297b
6960,Tyler Johnson,DAL,WR,Active,,27,6,15,Minnesota,2310331,,93c17735-5275-45cf-b3ef-620351c62313
6963,Patrick Taylor,SF,RB,Inactive,IR,28,6,32,Memphis,4039358,,ef87e355-8e0c-40ed-a85d-bca4896d4f1e
6964,Sean McKeon,IND,TE,Inactive,Questionable,28,6,49,Michigan,4036275,,0f369885-8ecd-4ca0-a3dc-df8530a0db6e
6965,Jonathan Garvin,CHI,LB,Inactive,IR,27,6,57,Miami (FL),4240655,,586bc34d-f368-4d82-96b1-816d08fa2837
6972,DaVon Hamilton,JAX,DT,Active,,29,6,52,Ohio State,3915520,,a94f0507-44b0-4fb5-9e8c-fd21157ec1a6
6977,Justin Strnad,DEN,LB,Active,,30,6,40,Wake Forest,3919548,,f8f0760e-8f04-45bf-9371-fa33c945bc1c
6980,Jon Runyan,NYG,G,Active,,29,6,76,Michigan,3929936,,13bbc7df-2a25-44db-a79a-89ba6c1ac009
6992,Michael Warren,DET,RB,Inactive,,23,2,0,Cincinnati,4239083,,4a096c4e-7738-43b3-984c-7ea604a96742
6996,JaMycal Hasty,NE,RB,Active,,29,6,39,Baylor,3928925,,c6c50d09-f14f-41c2-9eb3-87514f0121f6
7002,Juwan Johnson,NO,TE,Active,,29,6,83,Oregon,3929645,,0226b03b-f91d-4223-9813-9fcd2e9c3acc
7003,Damien Lewis,CAR,G,Active,,29,6,68,LSU,4362647,,475aa381-25d7-4d6e-a6ce-bc7601f4b034
7010,Calvin Throckmorton,DEN,OL,Active,,30,6,76,Oregon,3915147,,4bc2be9f-9001-4395-a097-d3c89140a83b
7012,Mykal Walker,NYJ,LB,Active,,28,6,43,Fresno State,4243009,,86d7dd69-9957-4853-b069-5ad7e35edc64
7014,Joe Bachie,DET,LB,Active,,28,6,35,Michigan State,4036507,,c44bdac4-0732-4f94-8bae-df47ecec5656
7016,Jeremy Chinn,LV,DB,Active,,28,6,11,Southern Illinois,4043169,,5f623fbc-415e-4035-b423-7850cf1153b4
7018,Malcolm Roach,DEN,DT,Active,,28,6,97,Texas,4039064,,bb01a04e-0d54-4fc6-98c8-2b8614d07afe
7021,Rico Dowdle,PIT,RB,Active,,28,6,13,South Carolina,4038815,,bba755a2-63b6-4ac1-b806-0609816135de
7023,Willie Gay,MIA,LB,Active,,28,6,40,Mississippi State,4259804,,9b2d5497-738b-47bc-bd96-2c550b4649ee
7036,Terrell Burgess,NO,DB,Active,,27,6,26,Utah,4035663,,b222de39-0a5e-4bbe-b239-083a500194bb
7039,Cody White,SEA,WR,Active,,27,6,82,Michigan State,4241983,,d25a19a7-7de6-4476-b42a-833c8c3cb208
7041,Robert Hunt,CAR,OL,Active,,29,6,50,Louisiana,3917592,,c7ebe543-7fec-4123-bc6e-b0d509af22a2
7042,Tyler Bass,BUF,K,Active,,29,6,16,Georgia Southern,3917232,,bfccbff4-bc01-41ed-aa11-be976160504c
7044,Julian Blackmon,NO,DB,Active,,27,6,23,Utah,4035661,,c2ec4712-147c-49b1-b6ec-fdb298913080
7048,Benny LeMay,CLE,RB,Active,,24,2,16,Charlotte,4045702,,46cf23c5-7096-4f18-a3d8-59f0befc95ff
7049,Jauan Jennings,MIN,WR,Active,,29,6,14,Tennessee,3886598,,3ae9f0fa-c711-4663-80cf-4707856c07aa
7050,Josiah Deguara,SF,TE,Active,,29,6,47,Cincinnati,3914151,,7874d188-0fcd-4af9-9289-27c27e2bbd16
7053,Daniel Thomas,CLE,DB,Active,,28,6,24,Auburn,4035505,,15a6249f-f4cf-47c2-8251-8a3a802b3db0
7058,Jaylinn Hawkins,BAL,SS,Active,,28,6,21,California,3858276,,c588e277-fc9e-4187-9358-2b9e1a2b0cd9
7060,Ben Bartch,DET,OL,Active,,28,6,78,St. John's (MN),4611506,,53b64223-ded9-41c1-9d2b-a8c2de8963d0
7061,Cameron Clark,NYJ,OT,Inactive,,24,2,72,Charlotte,3914277,,ca98164e-f504-48f7-8a55-48444dfb4df5
7066,K.J. Osborn,TEN,WR,Active,,29,6,85,Miami (FL),3916566,,3bf5c049-9daa-43ba-9758-c6c895a9d462
7069,Alohi Gilman,KC,DB,Active,,28,6,17,Notre Dame,4039413,,f3a7ab39-ead2-4dbf-b760-d652b8a26853
7075,Charlie Woerner,ATL,TE,Active,,28,6,89,Georgia,4035020,,527dfee0-a242-4dc7-830a-ab7028308259
7083,Tyler Huntley,BAL,QB,Active,,28,6,5,Utah,4035671,,7c226f73-a59f-4db6-ad98-2766d05d4d5a
7087,Jonathan Ward,BAL,RB,Active,,28,6,30,Central Michigan,4039274,,1dc6b133-355f-451e-856f-d02839681578
7090,Darnell Mooney,NYG,WR,Active,,28,6,17,Tulane,4040655,,bafe8df1-66b5-4200-8fb3-ff188c25a4e2
7093,Adrian Killins,DEN,RB,Inactive,,24,2,17,UCF,4042112,,2af6db68-3ad7-4699-8f86-0140fffce577
7103,Tavien Feaster,ARI,RB,Active,,24,2,30,South Carolina,4035470,,0d77e008-ec6d-4816-a186-329c0ecdb6be
7106,Lawrence Cager,WAS,TE,Active,,29,6,89,Georgia,3917849,,2f2181f8-cb0a-42e4-9468-17f5f5a219cc
7112,Tyre Phillips,CLE,G,Active,,29,6,69,Mississippi State,4242247,,b4908ca3-f723-4d41-ab98-58acf0aa4a94
7113,Alex Highsmith,PIT,LB,Active,,29,6,56,Charlotte,4037333,,3f4025d1-5782-43e4-9f42-8eee2da66a95
7115,Charlie Heck,MIA,T,Active,,29,6,67,North Carolina,3895840,,608ebe54-1b57-4775-808f-ab2e02637a75
7116,Kevin Dotson,LAR,OL,Active,,29,6,69,Louisiana,3917599,,fb301e65-4c65-4b60-a8ca-d149fcdbcd97
7117,L'Jarius Sneed,KC,CB,Active,Questionable,29,6,38,Louisiana Tech,4040432,,92b059b3-6b1b-4db4-a535-ceba629176d1
7118,Danny Pinter,BAL,G,Active,Doubtful,30,6,63,Ball State,3915470,,22febe45-170a-4f01-b144-3b35b44c7da4
7120,Trevis Gipson,CAR,LB,Active,,29,6,52,Tulsa,3917016,,2814f1e7-dca6-4bd9-80a9-9af480d10546
7122,Broderick Washington,BAL,DT,Active,,29,6,96,Texas Tech,3915837,,6f695364-f31f-420d-8baa-434539e2b12d
7123,Mike Onwenu,NE,OL,Active,,28,6,71,Michigan,4046545,,3ee844af-9408-42d7-ba42-aaa2d5ccc673
7129,Blake Brandel,MIN,T,Active,,29,6,64,Oregon State,3930270,,44dd8731-122b-4f26-a599-10c5aa37acbc
7133,Isaiah Rodgers,MIN,CB,Active,,28,6,2,UMass,4044540,,72100db3-2daa-4c17-aaa8-6c2c52bea5f3
7136,Kam Curl,LAR,DB,Active,,27,6,3,Arkansas,4242154,,eff8e3ec-98e4-49c8-b865-436e3abb0870
7149,Tommy Stevens,NYG,TE,Active,,25,2,0,Mississippi State,3791110,,93a1f2fd-fd5e-4b06-8086-476028d83eed
7153,Kyle Hinton,ATL,G,Active,,28,6,68,Washburn,4682831,,a78d3d14-3cc9-4adf-96fe-dc7660cb4c2d
7187,Rojesterman Farris,DEN,DB,Active,,24,2,39,Hawaii,,,03773859-cfd5-44f0-be0a-8ff82b6055fd
7188,Tyler Hall,CLE,DB,Active,,27,6,29,Wyoming,4048718,,74761bca-f09c-4a06-8dd4-5f3cf2a2b897
7197,Kristian Welch,GB,LB,Active,,28,6,54,Iowa,4036153,,0782b3a2-9693-40f6-aff2-a21bc8fa4c5d
7200,Khalil Dorsey,DET,CB,Active,,28,6,30,Northern Arizona,4027919,,e8b1322a-6162-4535-b6af-4ca60ce8b09c
7204,Reggie Gilliam,NE,RB,Active,,29,6,44,Toledo,4039505,,4475bb8a-b5a6-4527-bfc7-8e7e03900984
7206,Brandon Walton,ATL,OT,Active,,28,6,67,Florida Atlantic,4040778,,ef490eec-3c43-47f3-b4a2-ae41c95108b6
7215,Corliss Waitman,SF,P,Active,,31,6,7,South Alabama,3125280,,32b2d6f6-a636-4d73-927c-361c1aa809f5
7222,Myles Adams,DET,DT,Active,,28,6,96,Rice,4039164,,e6d6138f-1081-457b-9d89-dc9cd0ab9598
7224,Sam Franklin,BUF,DB,Active,,30,6,28,Temple,4044133,,3b1bb0da-607a-4502-8855-8ab5095334da
7231,LaCale London,ATL,DT,Active,,29,6,94,Western Illinois,4376288,,f3adad78-ada5-4ded-bb47-cbf8518f7bba
7261,Arryn Siposs,PHI,P,Active,,30,3,10,Auburn,4371989,,fbae56c0-6400-4d46-9e76-621fc0d5fdd7
7262,Jalen Morton,IND,QB,Active,,24,2,6,Prairie View,,,bcf6e7cb-0fc7-4301-93fd-6a9aa4806cfa
7268,Krys Barnes,WAS,LB,Active,,28,6,47,UCLA,4035817,,fc081a72-124d-4648-86a4-45aebb95a5ba
7283,Chris Williams,ATL,DT,Active,,28,6,93,Wagner,4034530,,a1be5d02-d5c4-42f6-8749-7ac2ff2a6f09
7285,Donald Rutledge,ARI,LB,Active,,24,2,43,Georgia Southern,3928847,,b4a1df84-9467-48b0-bf65-053744916892
7294,Amari Henderson,MIN,CB,Active,,24,2,36,Wake Forest,3919541,,6a43da23-5843-4490-8927-bd6196fe2576
7295,Ross Matiscik,JAX,LS,Active,,29,6,46,Baylor,3928931,,fb18e325-eab9-459f-a559-b482894eb0f5
7301,Tershawn Wharton,CAR,DT,Active,PUP,28,6,98,Missouri S&T,4058925,,632a8382-27d6-45ae-b3d2-a37157e09ab7
7307,Tommy Townsend,TEN,P,Active,,29,6,3,Florida,3915398,,edfc712a-54f7-4c34-a838-c50c14dbf7dc
7313,Liam McCullough,ATL,LS,Active,,29,6,49,Ohio State,3915528,,313aafe1-9b5a-4565-a713-2f2b230f95be
7329,Cole Christiansen,KC,LB,Active,,29,6,48,Army,4036959,,ae372a9d-6f85-4e37-a910-47fd77483ebc
734,Trent Williams,SF,T,Active,,38,16,71,Oklahoma,13241,00-0027857,b070601c-7985-4a1c-b71a-9f72bb5dbc59
7342,Michael Hoecht,BUF,DT,Active,Questionable,28,6,55,Brown,,,073d1bf8-7a0e-4c2f-b890-dbbd47978737
7344,Jonah Williams,ARI,DE,Active,,31,6,92,Weber State,4032481,,d92a275a-a102-4768-965b-60fffe155288
7346,Christian Rozeboom,TB,LB,Active,,29,6,52,South Dakota State,3909013,,49abd11f-fe2b-4d15-99ed-f316d2ec67e1
7348,Dayan Lake,LAR,DB,Active,,24,2,49,Brigham Young,3932348,,65a08ef1-9b9e-4863-bfa0-38d70472ba4b
7357,Dan Chisena,CAR,WR,Inactive,IR,29,6,88,Penn State,3929637,,92529995-41e9-48db-b429-c96540ad357b
7369,Bill Murray,LAR,DT,Active,,29,6,66,William & Mary,3912189,,a28e18bd-eb1c-48cb-b1ad-b2de212313e2
7377,Kyle Murphy,NYG,OL,Active,,23,2,60,Rhode Island,4032758,,ae320fbe-15cb-4877-b05e-c626bbaba820
7402,Julian Good-Jones,WAS,G,Active,,29,6,61,Iowa State,3917949,,1203d3a1-126f-445a-9184-08fa5814e797
7409,Isaac Alarcon,SF,OT,Active,,28,6,67,,4686629,,5478c682-15ff-4932-97f3-6725c413c2c1
7419,James Pierre,MIN,CB,Active,,29,6,23,Florida Atlantic,4259252,,6e0bbdc7-fa74-41d2-b3de-4eaa8e670f87
7436,Mason Kinsey,TEN,WR,Active,,27,6,12,Berry College,4057082,,4d14a6cd-273f-4cf4-aac0-7fe041b6c650
7440,Aaron Brewer,MIA,OL,Active,,28,6,55,Texas State,4040537,,2a41d03d-aec1-4821-a241-6fbe1878d3fd
7443,Teair Tart,LAC,DT,Active,,29,6,93,Florida International,4374269,,a78206af-6d78-4b4c-90e3-dc4bd62ac80b
7448,Nick Leverett,DAL,G,Active,,29,6,51,Rice,3920591,,ca8fe3b0-337f-4354-9010-3951127786a6
7451,Cam Gill,CAR,LB,Active,,28,6,49,Wagner,4034496,,112b95ea-d080-4aa7-bedc-5755c6c6b80c
7467,Blake Gillikin,ARI,P,Active,,28,6,12,Penn State,4045180,,53213f81-77ad-48d0-9d42-00e3633b0e90
7469,Austen Pleasants,SF,OL,Active,Questionable,28,6,62,Ohio,3920814,,cedc5875-2b9f-4fc7-8e86-6895732bafa7
7496,Nick Westbrook-Ikhine,IND,WR,Active,,29,6,12,Indiana,3929785,,5e63e674-adf3-4f4e-929e-4a0ff2cfb1df
7498,Rex Sunahara,CLE,LS,Active,,29,6,50,West Virginia,,,1f3d0803-dad7-42dd-b149-da0c65f5a87e
7516,Hunter Niswander,DAL,P,Active,,27,2,7,Northwestern,,,48efc038-96b7-4c63-a33c-41f6abe6d3de
7521,Chris Blair,ATL,WR,Active,,28,5,19,Alcorn State,,,9281d541-8bcb-4785-a02e-76150910898e
7523,Trevor Lawrence,JAX,QB,Active,,26,5,16,Clemson,,,aaa8b42c-4d87-45f6-bfd2-e31cfed9a736
7525,DeVonta Smith,PHI,WR,Active,Questionable,27,5,6,Alabama,,,3555d07e-57ae-43de-97d5-b1b5bf055f17
7526,Jaylen Waddle,DEN,WR,Active,,27,5,17,Alabama,,,0ff9a975-669d-4851-a95d-ab28d9fc29c4
7527,Mac Jones,SF,QB,Active,,27,5,10,Alabama,,,1fd00ec3-b758-46d2-a2c1-cca521ea8a54
7528,Najee Harris,NYG,RB,Active,,28,5,22,Alabama,,,48ec58c3-ec26-4434-b005-8d34035e6667
7529,Gary Brightwell,CIN,RB,Active,,28,5,32,Arizona,,,94bde2c7-7229-4bf0-a545-5950cf3c7927
7531,Feleipe Franks,CAR,TE,Active,,28,5,81,Arkansas,,,79a849be-0552-4da9-89ff-11d20a7a764a
7535,Hunter Long,JAX,TE,Active,,28,5,84,Boston College,,,ebc576d0-a98b-4f82-aaf9-901a3911487d
7536,Quintin Morris,JAX,TE,Active,,27,5,80,Bowling Green,,,eab74cbc-ed11-46b3-bd16-1d4c997adc22
7537,Jaret Patterson,LAC,RB,Active,,26,5,32,Buffalo,,,82996e3b-b72d-41ca-8eb1-91e462ceff85
7538,Zach Wilson,NO,QB,Active,,27,5,4,BYU,,,17bb63b1-1b0e-48e1-baf7-55cd314d0e62
7541,Cornell Powell,PIT,WR,Active,,28,5,85,Clemson,,,bc25629f-1501-4f58-ae46-c6cf502a4b13
7543,Travis Etienne,NO,RB,Active,,27,5,3,Clemson,,,970693f0-0af4-4627-ac0c-bf519f7433ee
7547,Amon-Ra St. Brown,DET,WR,Active,,26,5,14,USC,,,26ef0447-29b8-4dd1-9831-dcbf8132bb74
7553,Kyle Pitts,ATL,TE,Active,,25,5,8,Florida,,,1f3deb24-9ff8-4769-8f42-825eff7742f6
7554,Tre' McKitty,WAS,TE,Active,,27,5,46,Georgia,,,2ac90a86-c585-4c12-894d-a805a0c94cc3
7559,Ihmir Smith-Marsette,ARI,WR,Active,,26,5,9,Iowa,,,39156891-0d05-470b-8b64-751602820bb1
7562,Tutu Atwell,MIA,WR,Active,,26,5,4,Louisville,,,7dc49535-f9dd-44b0-94f2-08ac6470130b
7564,Ja'Marr Chase,CIN,WR,Active,,26,5,1,LSU,,,fa99e984-d63b-4ef4-a164-407f68a7eeaf
7565,Terrace Marshall,MIA,WR,Active,,26,5,86,LSU,,,69388223-d1e7-46c3-9106-e10edb7073e9
7567,Kenny Gainwell,TB,RB,Active,,27,5,1,Memphis,,,e2a5882a-dcc1-4800-889f-3b957b21834f
7568,Brevin Jordan,HOU,TE,Active,Questionable,26,5,9,Miami (FL),,,8ffb5c07-4aa1-4796-b1ab-30c1ab0ccc4c
7569,Nico Collins,HOU,WR,Active,,27,5,12,Michigan,,,bd56a50c-5fae-4ee2-8363-f74ae07b6887
7571,Rashod Bateman,BAL,WR,Active,,26,5,7,Minnesota,,,d9f8b92b-69d4-4d83-9bf2-106ee523efed
7583,Sam Ehlinger,DEN,QB,Active,,27,5,4,Texas,,,59f4acd0-971a-4470-ab8d-17900a4b128a
7585,Davis Mills,HOU,QB,Active,,27,5,10,Stanford,,,7d51fab7-2d52-4d19-a021-19a123af0d10
7587,Dyami Brown,WAS,WR,Active,,26,5,6,North Carolina,,,0fb60ada-bdd3-4d74-8c98-058303a1649a
7588,Javonte Williams,DAL,RB,Active,,26,5,33,North Carolina,,,889dcdc5-3d88-45df-9677-5ad7ff87c011
7591,Justin Fields,KC,QB,Active,,27,5,6,Ohio State,,,cf15be8f-9117-4531-a517-2b9c7cb3e9e1
7593,Trey Sermon,ATL,RB,Inactive,IR,27,5,44,Ohio State,,,b7146193-fcd1-4b02-a6da-625fe467f60e
7594,Chuba Hubbard,CAR,RB,Active,Questionable,27,5,30,Oklahoma State,,,32205e74-b23f-420a-b312-465b29260745
7595,Tylan Wallace,CLE,WR,Active,,27,5,16,Oklahoma State,,,29269863-13cf-4c66-ac3c-5d9a47e2040a
7596,Elijah Moore,PHI,WR,Active,Questionable,26,5,19,Ole Miss,,,b1935e20-6bd6-4863-8d7e-702ec403491f
7599,Jermar Jefferson,MIN,RB,Active,,26,5,17,Oregon State,,,de456390-b27b-4146-87b9-0267f1ea8db4
7600,Pat Freiermuth,PIT,TE,Active,,27,5,88,Penn State,,,04f0fefe-9d9d-44f5-94ea-6df2a42df3c6
7602,Kylen Granson,TEN,TE,Active,,28,5,86,SMU,,,bcc0167c-05fd-4b23-981e-60b8784ceb33
7605,Kyle Trask,CAR,QB,Active,,28,5,14,Florida,,,13038760-a019-4e2a-9aea-f13d7dce5bda
7607,Michael Carter,TEN,RB,Active,,27,5,35,North Carolina,,,7f119181-4c9f-4a9f-bccc-357277b64a8d
7608,Khalil Herbert,SF,RB,Active,,28,5,40,Virginia Tech,,,02af99e0-3c84-4d4e-937a-a9f29a02323b
7610,Trey Lance,LAC,QB,Active,,26,5,5,North Dakota State,,,676a508c-c65f-404a-a2b0-f861a4bfd072
7611,Rhamondre Stevenson,NE,RB,Active,,28,5,38,Oklahoma,,,6260e78a-64e2-4f7e-9bf8-39948a17a370
7618,Micah Simon,CAR,WR,Active,,,1,81,Brigham Young,,,3714df7a-a59f-4f0b-8689-0ba0a5ada62a
7621,J.T. Ibe,CAR,DB,Active,,25,1,37,South Carolina,,,47d3d8b8-b0c4-4c4b-84a6-4a6b48975feb
7626,Odafe Oweh,WAS,LB,Active,Questionable,27,5,98,Penn State,,,232b1ab6-7a50-48a3-b213-681e782d6daa
7627,Greg Rousseau,BUF,DE,Active,,26,5,15,Miami (FL),,,c47a2147-d70d-4874-91b3-8548b26fb3ec
7628,Eric Stokes,LV,CB,Active,,27,5,5,Georgia,,,35e016e2-c6cd-49c5-b1b5-73f03b81ff4d
7629,Payton Turner,DET,DE,Active,Questionable,27,5,92,Houston,,,91e004b5-8a40-45cc-8246-a34faca1ee64
7630,Greg Newsome,NYG,CB,Active,Questionable,26,5,20,Northwestern,,,2303e1eb-fa31-4cfe-b93d-7c2e1b683baa
7631,Christian Darrisaw,MIN,T,Active,,27,5,71,Virginia Tech,,,584c0cd5-fe93-40e1-8155-9abcf06d79b0
7633,Kwity Paye,LV,DE,Active,,27,5,95,Michigan,,,4c52a12f-6745-468e-86d9-977ffa512c4b
7634,Jamin Davis,PIT,LB,Active,,27,5,57,Kentucky,,,6484ba1b-2145-46fb-83f7-c38baa3080c0
7635,Jaelan Phillips,CAR,LB,Active,Questionable,27,5,5,Miami (FL),,,2e0122de-812b-44fa-8bf9-084695be95e3
7637,Zaven Collins,ARI,LB,Active,,27,5,25,Tulsa,,,61fda7fc-a8d7-435f-9397-5657662cd6b2
7638,Alijah Vera-Tucker,NE,OL,Active,,27,5,75,USC,,,c76beac1-4908-42a9-8f1b-052aabe1eb61
7639,Rashawn Slater,LAC,T,Active,Questionable,27,5,70,Northwestern,,,72c54860-db73-4fe1-bbf7-8fe1413c0952
7640,Micah Parsons,GB,LB,Active,PUP,27,5,1,Penn State,,,b4eab0bf-9e1f-43f8-912f-d33ac517bc46
7641,Pat Surtain,DEN,CB,Active,,26,5,2,Alabama,,,5c753156-6ba2-4e25-9fbd-492c69e06ff0
7642,Jaycee Horn,CAR,CB,Active,,26,5,8,South Carolina,,,90b71985-5235-4d5a-b95a-405129be496f
7643,Penei Sewell,DET,T,Active,,25,5,58,Oregon,,,ad15f429-2d3a-4fad-b378-2ae972a474c6
7644,Creed Humphrey,KC,OL,Active,,27,5,52,Oklahoma,,,a5a9fe33-3879-485e-8d9a-212d295133bd
7645,Josh Myers,NYJ,OL,Active,,28,5,71,Ohio State,,,1e5595fd-5488-4762-9987-f568eeadecc9
7647,Pete Werner,NO,LB,Active,Questionable,27,5,20,Ohio State,,,09bdc469-0d82-4bce-8d49-810a44a550da
7648,Nick Bolton,KC,LB,Active,,26,5,32,Missouri,,,83ad043c-d1e6-45b3-9e06-3f148538db46
7649,Dayo Odeyingbo,CHI,DE,Active,,26,5,55,Vanderbilt,,,994f3d7b-1f01-45fe-ba66-4d853d4b09fb
7650,Dillon Radunz,NO,OL,Inactive,IR,28,5,77,North Dakota State,,,88c9dc8c-2952-4e7c-8677-f29e30d15309
7651,Jeremiah Owusu-Koramoah,CLE,LB,Active,PUP,26,5,6,Notre Dame,,,513aad03-6d8b-45cd-96ed-ad0d56e942f4
7652,Sam Cosmi,WAS,OL,Active,,27,5,76,Texas,,,6ffeb3fd-dd6f-4b03-95a9-da9908005415
7653,Azeez Ojulari,ATL,LB,Active,,26,5,51,Georgia,,,78af6ab8-1003-423d-b29b-111d8f4d45ad
7654,Aaron Banks,GB,OL,Active,,28,5,65,Notre Dame,,,848e4531-e43d-4ae1-a2d8-e0d258fb2c93
7655,Asante Samuel,PIT,CB,Active,,26,5,22,Florida State,,,02b08a8b-a3bd-44d1-8930-e6f51b029a22
7657,Walker Little,JAX,T,Active,,27,5,72,Stanford,,,590c9b25-25d4-447e-afa2-1284c95e17a9
7659,Tre'von Moehrig,CAR,DB,Active,,27,5,7,TCU,,,c8f74b89-065c-4857-be4e-4fcf897a5bc0
7661,Levi Onwuzurike,DET,DE,Active,,28,5,95,Washington,,,0670801f-0ef3-46b6-ad6b-62475db6b787
7663,Teven Jenkins,CLE,OL,Active,,28,5,78,Oklahoma State,,,2f995e2b-1e30-4cff-809d-68c0366dda3a
7664,Christian Barmore,NE,DT,Active,,27,5,90,Alabama,,,39017237-0575-4984-b784-954a79c2bba2
7665,Landon Dickerson,PHI,OL,Active,,27,5,69,Alabama,,,6a904c64-5425-4f6d-b35a-1b72eaa256c6
7666,Jevon Holland,NYG,DB,Active,,26,5,8,Oregon,,,30915dd4-f19f-48cd-8425-f2cf29246b66
7667,Tyson Campbell,CLE,CB,Active,,26,5,7,Georgia,,,a887ad59-0e4b-4a9a-a7e4-cfd9f42fe7fb
7669,Paulson Adebo,NYG,CB,Active,Questionable,27,5,21,Stanford,,,054cf859-2cf7-4621-a98e-b440e66508a5
7670,Joshua Palmer,BUF,WR,Active,,26,5,5,Tennessee,,,857fcc59-10e8-4194-bd7d-41bc5f72a47f
7671,Benjamin St-Juste,GB,DB,Active,,28,5,21,Minnesota,,,19dd3c47-6da2-4baa-8f4d-c44c152924f2
7672,Ernest Jones,SEA,LB,Active,,26,5,13,South Carolina,,,42c12021-abf6-40fa-b989-7ea52d0e7070
7673,Chazz Surratt,SEA,LB,Active,,29,5,44,North Carolina,,,0c9102ea-9fe8-4900-9d33-8eab299cf9ce
7674,Patrick Jones,CAR,DE,Active,,27,5,91,Pittsburgh,,,74013f08-f920-4de7-9740-cc461d84beec
7676,Malcolm Koonce,LV,DE,Active,,28,5,51,Buffalo,,,83436be9-f646-4cb6-94e0-99a939298e3f
7677,Divine Deablo,ATL,LB,Active,,28,5,0,Virginia Tech,,,f50ae8f1-aebd-4e3d-bbf9-f92921044e72
7678,Joseph Ossai,NYJ,DE,Active,,26,5,46,Texas,,,f46bc3a8-dbcc-4d96-8d6e-50034429de29
7679,Alim McNeill,DET,NT,Active,,26,5,54,North Carolina State,,,865d4bf9-5d13-42a6-a8f9-a4e9a93c7375
7680,Ifeatu Melifonwu,TB,CB,Active,,27,5,35,Syracuse,,,8c348caf-34d8-44a8-a781-fee8064ae258
7681,Baron Browning,ARI,LB,Active,,27,5,5,Ohio State,,,faf72326-5e36-4bdd-9843-5d2a6b4ee6b4
7682,Elijah Molden,LAC,CB,Active,,27,5,2,Washington,,,0224c851-7e91-4e93-9bf8-89a8d72c55ef
7683,Monty Rice,LAR,LB,Active,,27,5,8,Georgia,,,587fc996-b54f-48ce-8261-adb50b872ec7
7685,Brandon Stephens,NYJ,DB,Active,,28,5,21,SMU,,,c30da9e4-f0d5-472f-9c20-45f2bc7eaa54
7686,Ambry Thomas,PHI,CB,Active,,26,5,38,Michigan,,,7da672ef-7d6f-4162-b3ee-7faa37b0ed95
7687,Nahshon Wright,NYJ,CB,Active,Questionable,27,5,26,Oregon State,,,884b6094-1ebd-4b72-b957-ad33a3ab984f
7689,Robert Hainsey,JAX,OL,Active,,28,5,73,Notre Dame,,,5d109065-9f5c-4f09-b2b5-87d99920aaaf
7691,Spencer Brown,BUF,OT,Active,,28,5,79,Northern Iowa,,,f0deb589-ddc6-4feb-91b6-8922ad26e259
7692,Kendrick Green,CLE,C,Inactive,IR,27,5,53,Illinois,,,68fd7ef5-2237-456f-925c-68000917edea
7693,Chauncey Golston,NYG,DE,Active,,28,5,57,Iowa,,,b7f8bf4e-a1e5-443e-8deb-3916c817a1a8
7694,Tommy Tremble,CAR,TE,Active,,26,5,82,Notre Dame,,,cbee2fd3-e5f2-4316-bffd-531f1873f032
7695,Osa Odighizuwa,SF,DT,Active,,28,5,92,UCLA,,,5bc24739-494e-4d0c-beae-e15231743bcf
7696,Milton Williams,NE,DT,Active,,27,5,97,Louisiana Tech,,,ebabfa18-7713-4002-8ac4-cf30cd4566fc
7697,Brady Christensen,CAR,T,Active,,29,5,70,BYU,,,3eba23df-f60c-41da-9094-74c146b017cf
7698,Andre Cisco,NYJ,DB,Active,,26,5,8,Syracuse,,,250da6c8-2222-4438-9800-60d7bbb449d7
7699,Quinn Meinerz,DEN,OL,Active,,27,5,77,Wisconsin-Whitewater,,,8bd08ef6-5d55-4fd0-b7db-1489d88c6ebd
7704,Buddy Johnson,LV,LB,Active,Questionable,27,5,59,Texas A&M,,,11e6adfb-8144-4990-adc2-bfcfe905889b
7707,Tre Brown,NYJ,CB,Active,,28,5,30,Oklahoma,,,0589b224-bfc7-47a5-b89d-ff58ef2dcf21
7708,Marco Wilson,MIA,CB,Active,,27,5,21,Florida,,,409f6cf2-cfd2-4712-80a2-9a62e0ad75c4
7711,Tommy Togiai,HOU,DT,Active,,26,5,72,Ohio State,,,4a4f2ec4-b750-417c-8fa3-f1ec6386f032
7712,Robert Rochell,CAR,DB,Active,,28,5,33,Central Arkansas,,,170d9d12-0595-4636-9b42-822ff93a6d94
7714,Dan Moore,TEN,OT,Active,,27,5,75,Texas A&M,,,6864e643-1085-41bc-99f0-66184fab5487
7715,Cam Bynum,IND,DB,Active,,28,5,0,California,,,450f301e-e19b-4111-a6be-4bb20fbf7f2a
7716,John Bates,WAS,TE,Active,Questionable,28,5,87,Boise State,,,3208880b-949f-4926-85eb-1940770550ea
7717,Zech McPhearson,LAR,CB,Active,,28,5,41,Texas Tech,,,34786359-962b-44e4-8882-d387d1a8ed42
7720,Kene Nwangwu,NYJ,RB,Active,,28,5,3,Iowa State,,,482c1032-765a-48d3-b46e-b47a809dbee4
7721,Chris Rumph,NO,LB,Active,Questionable,27,5,58,Duke,,,dcbf373f-7336-457f-888f-02596a391d89
7722,Bobby Brown,CAR,DT,Active,,26,5,97,Texas A&M,,,17bb3390-5232-402b-b229-c478b22dd200
7726,Derrick Barnes,DET,LB,Active,,27,5,55,Purdue,,,16c53e66-de15-43da-931c-bf3a3e056505
7727,Cameron Sample,ATL,DE,Active,,26,5,69,Tulane,,,2f1b4df5-a65b-4b13-8a86-81c03259e822
7728,James Hudson,NE,OT,Active,,27,5,51,Cincinnati,,,9a147206-ba5e-49b9-801c-a7f6832be2c5
7730,Darren Hall,ATL,CB,Active,,26,5,41,San Diego State,,,e2aa4576-83a6-4b81-ab95-49126a0cf1d4
7732,Justin Hilliard,KC,LB,Active,,25,1,42,Ohio State,,,77b90860-a321-42ce-b505-32216dc40276
7746,Austin Trammell,JAX,WR,Active,,28,5,81,Rice,,,c1d52f55-4c65-4b37-8457-f0dc028c85bc
7748,Dwayne Johnson,NYG,DB,Inactive,,24,1,28,San Diego State,,,ddbe4da5-1393-4b1f-8708-92f66412d6a9
7750,Grant Stuard,LAR,LB,Active,,27,5,44,Houston,,,f9dbd390-b1c7-41a2-9e96-6f5de2848efc
7756,Khyiris Tonga,KC,DT,Active,,30,5,92,BYU,,,253afa4e-a404-41e5-82bc-4c41508498f5
7757,Ben Skowronek,PIT,WR,Active,,29,5,15,Notre Dame,,,5521ba64-e615-4d50-b9bf-490498571ac7
7758,Will Fries,MIN,G,Active,,28,5,76,Penn State,,,78e57787-7682-44bf-9cb0-60afd0e9ea66
7765,Jonathon Cooper,DEN,DL,Active,,28,5,0,Ohio State,,,74ee9029-96c6-4a9b-bd20-1b2ba18c14b5
7770,Patrick Johnson,LV,LB,Active,,28,5,93,Tulane,,,1693934a-76eb-4cf9-a5cf-e0bb6df92ace
7774,Jimmy Morrissey,IND,OL,Active,,28,5,65,Pittsburgh,,,e190fe08-2f57-49fe-858d-9762dfe1ee7b
7776,Israel Mukuamu,PIT,DB,Active,Questionable,26,5,30,South Carolina,,,7111b5cc-d74b-416b-9c93-c2fdf7ad193e
7777,Trey Smith,KC,OL,Active,Questionable,27,5,65,Tennessee,,,382bf27a-8afb-4ffe-b7b8-9a960b98049a
7782,Isaiah McDuffie,GB,LB,Active,,27,5,58,Boston College,,,92e24ebb-25e5-413a-95d4-26936bdb6a70
7785,Cole Van Lanen,JAX,OL,Active,,28,5,70,Wisconsin,,,d525b4a5-5207-4c1c-8647-7560a151e602
7787,Damar Hamlin,BUF,DB,Active,,28,5,3,Pittsburgh,,,3a6b8eac-9a76-47e0-b791-b6ee245ae924
7788,Victor Dimukeje,SF,LB,Active,,26,5,52,Duke,,,0e6f6610-0276-4229-9cf1-66f0d011c1a9
7790,Stone Forsythe,CAR,T,Active,,28,5,73,Florida,,,2157404c-7cd3-4758-b620-872ad7724d04
7792,Landon Young,NYJ,T,Active,,29,5,67,Kentucky,,,6dc7a6f8-f84a-4d55-a76f-66377ad038fe
7796,Brandin Echols,PIT,CB,Active,Questionable,28,5,26,Kentucky,,,7c023589-734d-489f-ac09-577d48f772f3
7798,William Sherman,NO,T,Active,,27,5,66,Colorado,,,e94705dd-635c-45f0-b243-88bdd92b4adf
7799,Roy Lopez,ARI,DT,Active,,29,5,51,Arizona,,,23a30b80-1549-4ae8-afac-0fa99636c71e
7802,Tarron Jackson,PHI,DE,Active,,28,5,77,Coastal Carolina,,,e7e7dbae-02ea-4295-8e14-136c65fdd591
7803,Trey Hill,WAS,C,Active,,26,5,60,Georgia,,,8ffe9816-bbce-463e-a860-937253af6497
7804,Marlon Tuipulotu,ATL,DT,Active,,27,5,95,USC,,,ca5028b1-d96f-4444-9855-46e1661b9d62
7807,Nick Niemann,GB,LB,Active,,28,5,31,Iowa,,,30bfd566-e867-4ee7-bf19-d36794ed39f1
7811,Talanoa Hufanga,DEN,DB,Active,,26,5,9,USC,,,a1a2f797-77ac-4f13-8456-50a10a7fd61a
7812,Simi Fehoko,ARI,WR,Active,,28,5,80,Stanford,,,3860693c-99a2-4484-99db-1d43e3ff7fd4
7813,Shemar Jean-Charles,SEA,CB,Inactive,IR,28,5,34,Appalachian State,,,dc9d65a1-f955-4ef4-9b36-807c3ec73821
7814,Cameron McGrone,LV,LB,Active,,26,5,57,Michigan,,,b498432e-01a4-49ef-8f4d-cda153c7cdd5
7815,K.J. Britt,NE,LB,Active,,27,5,35,Auburn,,,2784acd6-85b1-4411-a00a-094a5fc01930
7816,Jason Pinnock,NYG,CB,Active,,27,5,25,Pittsburgh,,,8ca53dc6-9a7f-41a6-9b69-d199a6784013
7817,Earnest Brown,TEN,DE,Active,,27,5,99,Northwestern,,,58643249-5d94-48a2-8ea2-13cab4ca2a89
7818,T.J. Slaton,CIN,DT,Active,,28,5,98,Florida,,,855efef2-4393-4959-9712-3fd144a03110
7819,Deommodore Lenoir,SF,DB,Active,,26,5,2,Oregon,,,d24bbe70-baba-4337-822e-c166a156f92e
7821,Garret Wallow,SF,LB,Active,,27,5,49,TCU,,,f50c9bb7-2782-4390-a84f-b47e71d6018f
7823,Nate Hobbs,SF,CB,Active,Questionable,27,5,22,Illinois,,,b34aa9fb-3f93-481b-8f68-7330c39e6e20
7827,Darrick Forrest,SF,DB,Inactive,IR,27,5,29,Cincinnati,,,6c582650-e297-470b-bb43-f9a1cee68417
7828,Noah Gray,KC,TE,Active,,27,5,83,Duke,,,c97dfcb6-b999-476f-8487-f3848e92df17
7830,Shaun Wade,PHI,CB,Active,Questionable,27,5,30,Ohio State,,,6dbc1c10-83ed-40ba-b747-365ef1c0623a
7831,Brenden Jaimes,NYG,OL,Active,,27,5,61,Nebraska,,,c30928f5-eef3-4aa8-be16-fa5d960b955b
7833,Isaiahh Loudermilk,MIN,DE,Active,,28,5,69,Wisconsin,,,ff28a5cc-3780-4f94-8c40-d713ff75cd0d
7834,Jaylon Moore,KC,OL,Active,,28,5,77,Western Michigan,,,370a8ac8-f6f4-44ef-91b3-a65ab79ec314
7835,Michael Carter,PHI,CB,Active,,27,5,35,Duke,,,117d2769-60b3-47f0-be7f-f47fe36e0ac9
7836,Tony Fields,CHI,LB,Active,,27,5,43,West Virginia,,,d40b2cf6-59e1-4af6-a91c-f2206303564c
7838,Larry Borom,DET,OL,Active,,27,5,79,Missouri,,,b99b9548-ad04-4361-b145-0c1942fdd89d
7839,Evan McPherson,CIN,K,Active,,27,5,2,Florida,,,acc143ed-53b2-49c9-81bc-16e6c98ffcae
7841,Jamien Sherwood,NYJ,LB,Active,,26,5,44,Auburn,,,0e9ea316-700d-4368-86c1-d1181fc64f52
7842,Luke Farrell,SF,TE,Active,,28,5,89,Ohio State,,,8a1f0e8e-6521-4a94-9934-ad4f76a25fd9
7844,Sam Kamara,CLE,LB,Active,,28,5,92,Stony Brook,,,7b2e9dfa-96c6-4bbf-80c4-094f9683b217
7853,Naquan Jones,HOU,DT,Active,,28,5,91,Michigan State,,,728571c3-6651-4534-ad27-d86d72dc7d16
7865,Brandon Smith,PIT,WR,Active,Questionable,27,5,87,Iowa,,,c9ef678b-959b-445b-b32a-81c767c8ad65
7868,Mason Stokke,CAR,FB,Active,,,1,40,Wisconsin,,,21722003-1366-4e06-8d8a-41a01e712c5d
7872,Alaric Jackson,LAR,OL,Active,Questionable,28,5,77,Iowa,,,13c216ca-a01a-46a8-98fa-4fd1d70cbf00
7873,Jordan Meredith,LV,OL,Active,,28,5,61,Western Kentucky,,,24c73eb0-7260-46cb-820d-7a64c71e499a
7878,Milo Eifler,TEN,LB,Active,,28,5,47,Illinois,,,c75717d2-be1d-4305-9bae-5a18d9cedca6
7879,Tristen Hoge,DEN,G,Active,,24,1,69,BYU,,,e731bbc1-09b2-4cf3-8aa2-00d00f9b2d29
7880,Jack Heflin,NYJ,DT,Active,,28,5,96,Iowa,,,00ba8fa0-93ee-4e40-823a-d03a2639fce1
7887,D'Angelo Amos,DET,DB,Active,,,1,43,Virginia,,,2786ef4a-83aa-4408-ac82-cee3e5c86e71
7891,Brock Wright,DET,TE,Active,,27,5,89,Notre Dame,,,8f182089-7730-499e-8f2e-87bda32debfb
7921,Christian Elliss,NE,LB,Active,,27,5,53,Idaho,,,c3ef92f7-29f7-43db-bbef-4e9875d756e9
7922,Riley Patterson,MIA,K,Active,,26,5,47,Memphis,,,deac735c-af0a-4f01-ada8-379ef66917ba
7923,Robert Jones,SF,G,Active,,27,5,65,Middle Tennessee,,,0dc9b1b4-8974-47f8-9faa-006f7cc72de2
7933,Alex Kessman,CAR,K,Active,,24,1,19,Pittsburgh,,,3f677102-c26e-49e3-9b59-48bbf0603e81
7936,Amen Ogbongbemiga,DET,LB,Active,,27,5,45,Oklahoma State,,,c0ef478c-d387-40ac-b35d-4bc034f24a12
7946,Jack Stoll,CLE,TE,Inactive,IR,28,5,89,Nebraska,,,0560d134-d316-4cda-9d48-34d32267af68
7947,Kayode Awosika,LAC,OL,Active,,27,5,74,Buffalo,,,4034f43e-26fb-443a-9ea7-35cee7a1d250
7953,Bryan Mills,MIN,CB,Active,,22,1,21,North Carolina Central,,,0a7535b0-e2ba-43ca-b739-ca51fa04805e
7957,Jon Rhattigan,CHI,LB,Active,,27,5,46,Army,,,5e21c974-4168-4d6d-9b6c-97c16a96fb01
7959,Augie Contressa,TB,DB,Active,,,1,37,Stony Brook,,,01e8d2da-0d00-4016-aa36-0a9f9415b224
7970,Ar'Darius Washington,NYG,DB,Active,,26,5,24,TCU,,,76647249-62a0-4038-a597-8d0aad1ef3b5
7973,Foster Sarell,WAS,T,Active,,27,5,79,Stanford,,,cb3ce7d5-ab02-4a97-b165-1c62ad497727
7974,Nick McCloud,MIA,CB,Active,,28,5,45,Notre Dame,,,09dc5222-9669-4aba-9b67-dc87dfcf01fc
7979,Ryan Neuzil,ATL,OL,Active,,29,5,64,Appalachian State,,,10f9c2c7-d03d-45b4-979f-0fd9b6938aa7
8000,Zayne Anderson,MIA,DB,Active,,29,5,23,BYU,,,6fd330e6-8cab-4351-b9e8-bc6ffb125b1c
8001,Malik Herring,TEN,DE,Active,,28,5,93,Georgia,,,96d1c6e6-a450-476e-987b-c1e469c43f1b
8002,Shane Buechele,BUF,QB,Active,,28,5,6,SMU,,,d7c63db7-dfe8-4cd6-a684-90342d12fa26
8004,Devon Key,DEN,DB,Active,,28,5,26,Western Kentucky,,,83b719f1-e6ac-4611-8235-c2f6bd198fa3
8005,Tarik Black,DET,WR,Active,,28,5,12,Texas,,,89de9ce0-3b8e-424a-b9b5-d747692ea5f7
8009,Dylan Moses,JAX,LB,Active,,23,1,57,Alabama,,,1cc3eb84-9087-4d8d-9136-2f84712bddf8
8011,DJ Daniel,NE,CB,Active,,23,1,35,Georgia,,,94b28362-5dba-40f9-8378-8bc1e5cdbdff
8013,Tim Jones,JAX,WR,Active,,28,5,13,Southern Miss,,,b4dadef6-a938-4b34-b83c-b64d4a297e02
8014,Ryan McCollum,PIT,C,Active,,28,5,62,Texas A&M,,,a8233d9b-6384-4220-9cf3-25158e942d70
8020,Curtis Robinson,DAL,LB,Active,,28,5,42,Stanford,,,4c1b3190-50e2-4918-8e3b-7bb012f8b304
8025,Adam Prentice,DEN,FB,Active,,29,5,46,South Carolina,,,e5870f5e-f9b2-48a3-97ec-8d12fbc91f3f
8041,Shane Zylstra,BUF,TE,Active,,29,5,48,Minnesota State,,,0cafaac9-20fb-4e5a-9362-158d8a4e7904
8046,Brendon White,NYJ,LB,Active,,,1,51,Rutgers,,,b665d9b6-3079-4588-b7dd-5088a1e91c3b
8071,Mitchell Fraboni,DEN,LS,Active,,29,4,48,Arizona State,,,417f4ddc-b1a4-432d-bbcf-e95236c10efc
8073,Tyrone Wheatley,ATL,OL,Active,Questionable,29,5,74,Stony Brook,,,9eaecf8f-eb0a-49ea-a8f5-3f31c08e0fa6
8076,Michael Bandy,DEN,WR,Active,,28,5,83,San Diego,,,ec7af934-a7f3-40f5-9fc0-210022dd6180
8081,Jake Curhan,CAR,T,Active,,28,5,71,California,,,2ffa0607-bab5-4d29-b662-c054690080d3
8088,Kalif Jackson,MIA,TE,Active,,,1,60,Grambling State,,,144b61dd-de7c-4433-a3dc-606dbaa8e897
8091,J.T. Jones,PIT,DE,Active,,28,5,40,"Miami, O.",,,61306d7b-7a04-4509-b954-d43a4e288ccf
8104,Dee Alford,BUF,DB,Active,,28,5,23,Tusculum,,,8584c710-7259-11ec-80bb-7f28873a7ba2
8107,Nikola Kalinic,CHI,TE,Inactive,IR,29,4,86,York (CAN),,,6aed0540-7ec8-11ec-8905-19cf1c3e187f
8110,Jake Ferguson,DAL,TE,Active,,27,4,87,Wisconsin,,,f46eab3d-d7dd-4420-b3f9-6da9ac1308ab
8111,Cade Otton,TB,TE,Active,Questionable,27,4,88,Washington,,,f23517bd-ae85-484a-8ecb-1f7a2d851e48
8112,Drake London,ATL,WR,Active,,25,4,5,USC,,,5053f9ae-15d9-4730-833d-484886b6f890
8114,Erik Ezukanma,PHI,WR,Active,,26,4,49,Texas Tech,,,7934c2db-a5f1-404c-a313-74a8aacd5946
8116,Pierre Strong,GB,RB,Active,,27,4,22,South Dakota State,,,8a9a3c7f-57a1-4064-9bda-2c7fad7b5c01
8117,Jalen Tolbert,MIA,WR,Active,,27,4,1,South Alabama,,,c6fb9f3a-f8ff-4224-a5f6-4d2d09501c9c
8119,Jahan Dotson,ATL,WR,Active,,26,4,4,Penn State,,,d4a7917d-f327-431b-9b87-83af341c3e21
812,Lee Smith,ATL,TE,Active,,34,11,85,Marshall,14215,00-0028097,cf23126f-055b-4617-819b-bb4bcb84541a
8121,Romeo Doubs,NE,WR,Active,,26,4,87,Nevada,,,5f559fde-3a5f-4df6-99a2-cd1a4b103c68
8122,Zonovan Knight,ARI,RB,Active,,25,4,20,North Carolina State,,,53df5e30-d3bd-11ec-96a0-c3471a31202c
8123,Hassan Haskins,NE,RB,Active,,26,4,26,Michigan,,,f3a50b5d-0197-4ae8-b5a5-bb54484b8941
8125,Calvin Austin,NYG,WR,Active,,27,4,82,Memphis,,,a95271f7-6dae-4b43-94fd-3ff04b15d4c4
8126,Wan'Dale Robinson,TEN,WR,Active,,25,4,4,Kentucky,,,582dfe0e-98f3-48a5-8a2d-a52baa926b05
8127,Charlie Kolar,LAC,TE,Active,,27,4,88,Iowa State,,,3c048ac9-2c0f-4bf0-9ddc-ce99c9387ac8
8129,Dameon Pierce,PHI,RB,Active,Questionable,26,4,39,Florida,,,5d4ef6da-a6b5-4d9c-adc0-28dfdbe9315e
8130,Trey McBride,ARI,TE,Active,,26,4,85,Colorado State,,,734d54cc-c869-4e2f-a60f-c59c493f5110
8131,Isaiah Likely,NYG,TE,Active,,26,4,9,Coastal Carolina,,,f9279edb-cfa7-4f7d-91df-b81cbf3e133e
8132,Tyler Allgeier,ARI,RB,Active,,26,4,22,BYU,,,f4529909-1a02-4f4b-a1f3-315cad100683
8134,Khalil Shakir,BUF,WR,Active,Questionable,26,4,10,Boise State,,,0ce9ddce-bdf6-469c-8a32-9cf0ed3714a4
8135,Treylon Burks,WAS,WR,Active,,26,4,13,Arkansas,,,45763342-0208-46ab-a5d2-6c6e4ff66b66
8136,Rachaad White,WAS,RB,Active,Questionable,27,4,1,Arizona State,,,4d3f2f57-215c-4cb4-bf75-a7ecdcdded70
8137,George Pickens,DAL,WR,Active,,25,4,3,Georgia,,,018e8f25-54e5-44f1-967a-7ff237f1c52f
8138,James Cook,BUF,RB,Active,,26,4,4,Georgia,,,ce5de0e5-9f76-42ee-b93a-3ef88af9b0a7
8139,Zamir White,SF,RB,Active,,26,4,30,Georgia,,,440d7750-672e-4293-8eb0-89b241a498eb
8142,Alec Pierce,IND,WR,Active,PUP,26,4,14,Cincinnati,,,a67ee8f8-e9de-4fb9-90b6-edca2f83f6d8
8143,Jerome Ford,WAS,RB,Inactive,IR,26,4,34,Cincinnati,,,cdc61676-6592-43f9-a4a6-d29ce52ac8f4
8144,Chris Olave,NO,WR,Active,,26,4,12,Ohio State,,,2375d572-a36c-4365-bb3f-87e156526e2f
8145,Jeremy Ruckert,NYJ,TE,Active,,26,4,89,Ohio State,,,28f3732b-0910-4d09-9fd4-e43b821dc5bb
8146,Garrett Wilson,NYJ,WR,Active,,26,4,5,Ohio State,,,68d72fe0-79b2-4fdb-afd5-6c79676e77f3
8147,John Metchie,CAR,WR,Active,,26,4,13,Alabama,,,2995df34-ee81-4320-be1e-1c497b83c927
8148,Jameson Williams,DET,WR,Active,,25,4,1,Alabama,,,590adb00-5598-47ad-b6d4-16a6c5519847
8150,Kyren Williams,LAR,RB,Active,,25,4,23,Notre Dame,,,19d44771-8f1d-4127-9b7d-230da137f15d
8151,Kenneth Walker,KC,RB,Active,,25,4,9,Michigan State,,,22ee9bac-a64c-4d44-94fc-51d775465b3b
8154,Brian Robinson,ATL,RB,Active,,27,4,15,Alabama,,,795f636e-6f7f-4bc7-a346-2862272abead
8155,Breece Hall,NYJ,RB,Active,Questionable,25,4,20,Iowa State,,,db1053d7-3343-43a3-9aab-8353f10f1221
8157,Bailey Zappe,NYJ,QB,Active,,27,4,11,Western Kentucky,,,14926860-abef-45a9-b8f6-e66103ca6029
8160,Kenny Pickett,CAR,QB,Active,,28,4,12,Pittsburgh,,,ef7ae1f1-4ebe-4759-bbb3-32bd177ace08
8161,Malik Willis,MIA,QB,Active,,27,4,2,Liberty,,,55aefcf9-4dfb-4994-883f-4d537a6f1ddb
8162,Sam Howell,DAL,QB,Active,,25,4,16,North Carolina,,,7d85e9c2-f464-4654-9200-acfcffd7dfaf
8167,Christian Watson,GB,WR,Active,,27,4,9,North Dakota State,,,47d97f44-b4aa-46d2-816c-5b5a1fe48d46
8168,Skyy Moore,GB,WR,Active,,25,4,23,Western Michigan,,,1c8a4510-786c-4bc2-a9e9-e491b688206f
8170,James Mitchell,CAR,TE,Active,,27,4,85,Virginia Tech,,,f461da0c-f764-414c-9e0d-2f02e22a68d8
8172,Greg Dulcich,MIA,TE,Active,,26,4,85,UCLA,,,b9e4a022-d15c-4cef-9879-170277f17207
8176,Danny Gray,PHI,WR,Active,Questionable,27,4,82,SMU,,,7ec60efe-5dd3-43c3-b76f-f0d00589fdc3
8177,Grant Calcaterra,PHI,TE,Active,Questionable,27,4,81,SMU,,,f6988cfa-2dcf-490b-ac80-9af8e4292efa
8180,Jalen Nailor,LV,WR,Active,,27,4,9,Michigan State,,,3f9e3634-54d7-46a4-bf26-67274500c907
8181,Connor Heyward,LV,TE,Active,,27,4,34,Michigan State,,,62e96d7c-e4dd-4a90-8c3a-8017eb69120d
8183,Brock Purdy,SF,QB,Active,,26,4,13,Iowa State,,,d5aef708-ad61-4ab8-a637-62ff96e92040
8188,Tyquan Thornton,KC,WR,Active,,26,4,2,Baylor,,,74cda487-2026-42e0-ae32-77f3502cfb11
8194,Jashaun Corbin,DAL,RB,Active,,26,4,30,Florida State,,,f75439c0-d3bb-11ec-96a0-c3471a31202c
8195,Ronnie Rivers,LAR,RB,Active,,27,4,20,Fresno State,,,246db560-cb4e-11ec-a667-6354702e3fca
8200,Kevin Austin,NO,WR,Active,,26,4,81,Notre Dame,,,3173c5c0-cbb6-11ec-88c8-199e5defa0d2
8202,Michael Woods,DEN,WR,Inactive,Questionable,26,4,30,Oklahoma,,,70c462de-b1b5-4c07-8ba2-eb33f3075893
8204,Bo Melton,GB,WR,Active,,27,4,16,Rutgers,,,36953df8-fbc3-4505-b5b3-dec8433620dc
8205,Isiah Pacheco,DET,RB,Active,Questionable,27,4,10,Rutgers,,,3a25c037-fa30-4740-b742-ec8e4f1a2a25
8206,Skylar Thompson,BAL,QB,Inactive,IR,29,4,11,Kansas State,,,5ba2c367-a293-4d83-9268-a0e392ebca1a
8207,Tyler Goodson,ATL,RB,Active,,25,4,25,Iowa,,,3fec8370-ca72-11ec-a83a-8732d3d5a7e3
8208,Tyler Badie,DEN,RB,Active,,26,4,28,Missouri,,,e62678b9-9816-420f-bf86-398e7fea7063
8210,Chig Okonkwo,WAS,TE,Active,,26,4,85,Maryland,,,14e11f9b-58c8-437f-abc0-a4e4df9a7c47
8214,Cole Turner,MIA,TE,Active,,26,4,87,Nevada,,,fc78ba73-7ef3-4dda-9a06-b5101f7ff7b1
8219,Jelani Woods,NYJ,TE,Active,,27,4,86,Virginia,,,321af8f8-b4de-4ed2-a86f-7f97a85a13d4
8220,Sincere McCormick,SF,RB,Active,,25,4,35,UTSA,,,2e808f70-d3a3-11ec-96a0-c3471a31202c
8223,Velus Jones,SEA,WR,Active,,29,4,33,Tennessee,,,318b263d-8910-4e46-afe3-5860092ab260
8225,Daniel Bellinger,TEN,TE,Active,,25,4,82,San Diego State,,,42a1c03e-790e-46ba-b0d5-d304e44c02c7
8227,Teagan Quitoriano,ARI,TE,Active,,26,4,47,Oregon State,,,06cb6aff-c81e-4553-95ba-467187f408d4
8228,Jaylen Warren,PIT,RB,Active,,27,4,30,Oklahoma State,,,7e397190-ca24-11ec-9f1c-b7114d38a85b
8230,Ty Chandler,NO,RB,Active,,28,4,32,North Carolina,,,a0833a94-60ce-4a3a-a32a-d067fe7b253d
8235,Samori Toure,PHI,WR,Active,,28,4,46,Nebraska,,,02c808d8-6074-43db-b0d9-f69fab78f6d9
8249,Lucas Krull,DEN,TE,Active,,28,4,85,Pittsburgh,,,767b4820-cc9f-11ec-952e-a10f2c98fc4d
8250,Tay Martin,DET,WR,Active,,28,4,17,Oklahoma State,,,8d74f600-ca80-11ec-97ae-e1573849d1a6
8253,Deven Thompkins,LV,WR,Active,,26,4,83,Utah State,,,4c6f79d0-d3dd-11ec-8afa-57d9afd0ecba
8254,Julius Chestnut,TEN,RB,Active,,25,4,36,Sacred Heart,,,873860f0-cca2-11ec-9e80-cff885fdbae7
8255,Raheem Blackshear,DET,RB,Active,,28,4,42,Virginia Tech,,,f64a23e0-d457-11ec-9026-65785f74dc2a
8258,Cade York,NYJ,K,Active,,25,4,36,LSU,,,ddb98961-3c13-4f6b-9e9f-3bea91a080e8
8259,Cameron Dicker,LAC,K,Active,,26,4,11,Texas,,,ac5dd0b0-d060-11ec-b677-29e0f2526162
8261,Jack Jones,SF,DB,Active,,28,4,24,Arizona State,,,c816f5e3-7abe-4fc5-b6e0-4151017210b0
8265,Travon Walker,JAX,LB,Active,,25,4,44,Georgia,,,23664980-63a6-4a63-b662-807fcd886f6f
8266,Quay Walker,LV,LB,Active,,26,4,7,Georgia,,,f05149f9-c13f-4af8-858f-ad1e380961cd
8267,Nakobe Dean,LV,LB,Active,,25,4,17,Georgia,,,119e79fa-0453-4253-9b3d-9a8ef03a48ec
8269,Jordan Davis,PHI,DL,Active,,26,4,90,Georgia,,,6528c7dc-2a02-4577-9246-b590be05eeeb
827,Tyrod Taylor,GB,QB,Active,,37,15,6,Virginia Tech,14163,00-0028118,7f3ef024-eb34-46af-8b9e-544cdf09378f
8270,Devonte Wyatt,GB,DL,Active,,28,4,95,Georgia,,,5250f409-d4d7-48ac-adf4-35c3561ffad1
8271,Derion Kendrick,DAL,DB,Active,,25,4,15,Georgia,,,874ab5e6-c943-4620-8c73-b11e6592bc69
8272,Channing Tindall,ATL,LB,Active,,26,4,55,Georgia,,,ba1414b9-f50f-4dac-b721-010a28f7c1a2
8273,Phidarian Mathis,BUF,DL,Active,Sus,28,4,72,Alabama,,,a1aa3c7c-7043-41a3-a522-a34a8ae3f085
8275,Josh Jobe,SEA,DB,Active,,28,4,29,Alabama,,,56d7af50-ce1a-11ec-bebb-4fec1e38b0e5
8278,Christian Harris,ATL,LB,Active,,25,4,45,Alabama,,,54bd7952-4bec-4b5a-beb0-d65421408293
8280,Nik Bonitto,DEN,LB,Active,,26,4,15,Oklahoma,,,784f8433-0379-46bc-b9ed-6c5a1783513d
8285,Josh Ross,MIN,LB,Active,,26,4,52,Michigan,,,82546a90-c980-11ec-a1a0-57a82b503f37
8286,Dax Hill,CIN,DB,Active,Questionable,25,4,23,Michigan,,,46b69ef9-920c-4645-abf7-139738e3fd9c
8287,David Ojabo,MIA,DL,Active,,26,4,50,Michigan,,,6f19e499-48e5-495d-b889-523fbba45608
8289,Aidan Hutchinson,DET,DL,Active,,26,4,97,Michigan,,,f2083e8e-df1e-4365-a5d1-235887841f42
829,Andy Dalton,PHI,QB,Active,,38,15,14,TCU,14012,00-0027973,d2a0e5af-3850-4f16-8e40-a0b1d15c2ce1
8290,Sauce Gardner,IND,DB,Active,Questionable,24,4,1,Cincinnati,,,9c32f8cb-807a-4864-bc0b-b846d279606d
8293,Coby Bryant,CHI,DB,Active,Out,27,4,2,Cincinnati,,,e3de03f1-d749-4232-bf98-5ab9ba36df65
8294,Bryan Cook,CIN,DB,Active,Questionable,26,4,6,Cincinnati,,,21a56bce-7c06-44d7-b641-99f499111739
8295,Zach Carter,ARI,DL,Active,Questionable,27,4,90,Florida,,,78c3e7d0-594e-4bf0-8c17-d6cc2d3e0bf2
8296,Kaiir Elam,KC,DB,Active,,25,4,24,Florida,,,17820ab6-c787-4c44-942e-6952c7a3ca4a
8297,Jeremiah Moon,CAR,LB,Active,,28,4,56,Florida,,,32a47bc0-c980-11ec-a1a0-57a82b503f37
8298,Mario Goodrich,TEN,DB,Active,,26,4,35,Clemson,,,2fdc48c0-ce1a-11ec-bebb-4fec1e38b0e5
8299,Baylon Spector,JAX,LB,Active,,27,4,54,Clemson,,,bde43579-bb08-4711-8f59-3a7d52e525fd
8303,Roger McCreary,DET,DB,Active,,26,4,21,Auburn,,,3ce6c2b1-9b17-4ff2-9787-a248119bc1e0
8305,Montaric Brown,JAX,DB,Active,,26,4,1,Arkansas,,,ce4e14db-c509-4a67-9898-ecf64b5ef795
8306,John Ridgeway,NO,DL,Active,Questionable,27,4,95,Arkansas,,,e79ac942-5ee3-467e-bb5a-534726a2bdaa
8308,Derek Stingley,HOU,DB,Active,,25,4,24,LSU,,,825de16d-4843-4c6d-80c2-da7c3191c542
8309,Damone Clark,DET,LB,Active,,26,4,11,LSU,,,9976d1c8-b52f-4eba-8f95-7ee288c7b730
8310,Cor'Dale Flott,TEN,DB,Active,,24,4,18,LSU,,,3adb2e85-ff63-4644-8ca9-a10651e53c04
8311,Terrel Bernard,BUF,LB,Active,,27,4,8,Baylor,,,5978e634-af6b-4317-bcc3-1ad024421d13
8313,JT Woods,NYG,DB,Active,,26,4,35,Baylor,,,a72657e3-2330-4a2d-932d-be37ec504f1a
8314,Jalen Pitre,HOU,DB,Active,,27,4,5,Baylor,,,7ec32a97-e677-487c-a000-74a26de95931
8316,Micheal Clemons,IND,DL,Active,,29,4,72,Texas A&M,,,5c1f81ec-ddb5-4a75-9451-a2933ed5055d
8321,Tariq Castro-Fields,PHI,DB,Inactive,IR,27,4,41,Penn State,,,2eb34969-3de2-454f-a822-bf1908dabcaa
8322,Jesse Luketa,NE,LB,Active,,27,4,42,Penn State,,,0def3077-a774-45d7-aa2d-2a6d42f5a54b
8323,Jaquan Brisker,PIT,DB,Active,Questionable,27,4,3,Penn State,,,965096f8-96e9-4998-9681-133174582621
8325,Arnold Ebiketie,PHI,DL,Active,,27,4,17,Penn State,,,e8eb7f50-9331-49d8-a992-4d2804caf4fd
8328,Nephi Sewell,CHI,LB,Active,Questionable,27,4,45,Utah,,,3f84c3c0-cc9d-11ec-952e-a10f2c98fc4d
8329,Devin Lloyd,CAR,LB,Active,,27,4,55,Utah,,,95490459-68e2-4c72-bb60-eae1aab0ecb3
8330,Quentin Lake,LAR,DB,Active,,27,4,37,UCLA,,,c2c112f0-13bd-44a8-a447-f3429c4f3e65
8331,Otito Ogbonnia,DAL,DL,Active,,25,4,91,UCLA,,,a99f605d-e128-4d9f-96b7-1e7c6d222303
8332,Matthew Butler,MIA,DL,Active,,27,4,91,Tennessee,,,c63b9843-a11b-4b5f-8d7e-5a67bf55aa5c
8333,Alontae Taylor,TEN,DB,Active,,27,4,24,Tennessee,,,faea26ab-f1a4-4463-adf8-1399aeb1c6b8
8334,Malcolm Rodriguez,DET,LB,Active,Questionable,27,4,44,Oklahoma State,,,654b6b85-44e3-4a6e-a7ff-ebcdaa49fe51
8336,Tyreke Smith,KC,DL,Active,,26,4,57,Ohio State,,,a7bc7c40-dd11-4aaf-bfdb-664b245eb415
8339,Kyle Hamilton,BAL,DB,Active,,25,4,14,Notre Dame,,,c4172123-905a-4f80-8418-1469b9b10a4f
8341,Cam Taylor-Britt,IND,DB,Active,Sus,26,4,26,Nebraska,,,91239ce4-36fc-4d69-9b9d-3ceec94caaa9
8342,Esezi Otomewo,PIT,DL,Active,,27,4,93,Minnesota,,,e1e303e9-062e-429c-a52b-23f88d9dc725
8343,Boye Mafe,CIN,DL,Active,,27,4,53,Minnesota,,,6f62968f-4241-439f-b5c6-6723920ca5b2
8344,Jonathan Ford,GB,DL,Active,,27,4,64,Miami (FL),,,fcb29e07-4978-4271-8ce0-53f4fcbd9517
8347,Eyioma Uwazurike,DEN,DL,Active,,28,4,96,Iowa State,,,77af642a-82f9-439c-8413-9221df3ccba6
8348,Kerby Joseph,DET,DB,Active,PUP,25,4,31,Illinois,,,2e49dfd3-44e3-4554-a81c-de2f53460cc7
8349,Jake Hansen,HOU,LB,Active,Questionable,28,4,35,Illinois,,,4d83cae0-c967-11ec-89b7-476565ea032f
8351,Drake Jackson,WAS,DL,Active,,25,4,93,USC,,,a134b125-37fb-4192-9ee2-f8a6f4da48bb
8355,Kayvon Thibodeaux,NYG,DL,Active,,25,4,5,Oregon,,,47b9a4ca-aad6-41a0-a1b1-d6b2091f0296
8359,Marcus Jones,NE,DB,Active,,27,4,25,Houston,,,aec385c3-426d-41ff-927e-450ef2b23f04
8360,Logan Hall,HOU,DL,Active,,26,4,96,Houston,,,ec558188-4bc5-4e5a-9035-dca1b46a49d4
8361,Damarion Williams,TB,DB,Active,,28,4,28,Houston,,,0fbbe897-2980-4c6e-b8a4-59b43f81f605
8362,Leo Chenal,WAS,LB,Active,,25,4,54,Wisconsin,,,c7929fb3-5437-42cc-a3c2-10b73ebb1fa0
8363,Jack Sanborn,CHI,LB,Active,,26,4,57,Wisconsin,,,506e9f50-ce08-11ec-9598-03840dd5f387
8364,Trent McDuffie,LAR,DB,Active,,25,4,22,Washington,,,358bda61-ccb6-443a-a51c-3b14b3cadf22
8365,Kyler Gordon,CHI,DB,Active,PUP,26,4,6,Washington,,,85ce588a-b747-4307-84ee-f987f3abf456
8367,D'Marco Jackson,CHI,LB,Active,,28,4,48,Appalachian State,,,64326335-69b6-4dff-9e02-42b8e2a5bd8d
8368,Sam Williams,DAL,DL,Active,,27,4,54,Ole Miss,,,49ee26a1-4c2a-4980-ad86-b9553ef220bd
8369,Chance Campbell,PHI,LB,Active,Questionable,26,4,59,Ole Miss,,,abcd55e3-48da-4d45-8252-2131153e2906
8370,Jordan Jackson,DEN,DL,Active,,28,4,94,Air Force,,,bf53f47f-0ee5-4391-9087-bfcae6014bde
8371,Chad Muma,NE,LB,Active,,27,4,49,Wyoming,,,9cf316c7-3850-4dc6-b094-2ed11737ebdb
8372,DeAngelo Malone,ATL,DL,Active,PUP,27,4,50,Western Kentucky,,,18f1a22d-08c6-441e-8a7b-e8d02a047b81
8373,Jaylen Watson,LAR,DB,Active,,27,4,35,Washington State,,,938beb66-29b3-4bf5-ac8e-1b36d21fdcde
8374,Riq Woolen,PHI,DB,Active,,27,4,2,UTSA,,,d31bfd09-b348-4b2b-ae39-7307f2c12ef8
8375,Kalia Davis,CLE,DL,Active,,27,4,93,UCF,,,d6b2b573-e7da-42ad-950a-cb0f21710e0d
8376,Alex Wright,CLE,DL,Active,Questionable,25,4,91,UAB,,,1e3d482b-e619-4245-bc4e-b347b47dfeba
8377,Tycen Anderson,DEN,DB,Active,,27,4,6,Toledo,,,662f5408-2213-40d8-92d7-0b8eede2d35f
8380,Thomas Booker,LV,DL,Active,,26,4,99,Stanford,,,5605cc4e-a0ed-4525-9dc1-5d439544793a
8381,Cobie Durant,DAL,DB,Active,,28,4,2,South Carolina State,,,26ec1dc1-dece-43bd-b588-db61f046b88c
8382,Kingsley Enagbare,NYJ,DL,Active,,26,4,52,South Carolina,,,6a4c3e31-0fcc-47c6-9022-bdc26b083009
8383,Cameron Thomas,ATL,DL,Active,,26,4,99,San Diego State,,,5e7e828d-d375-4608-bf63-3726c492fc44
8384,Zyon McCollum,TB,DB,Active,,27,4,27,Sam Houston,,,76d1f310-5877-42d1-99b2-b9ab4b8d826b
8385,George Karlaftis,KC,DL,Active,,25,4,56,Purdue,,,afb1f463-400e-4bdb-9028-717a563ba6f4
8386,Damarri Mathis,CLE,DB,Inactive,IR,27,4,37,Pittsburgh,,,10ea3415-e11a-4d5a-8dea-ed10856f015e
8389,Akayleb Evans,CAR,DB,Active,,27,4,29,Missouri,,,a320f05a-2635-4170-95e8-1f91cde6e875
8390,Martin Emerson,NO,DB,Active,,25,4,22,Mississippi State,,,a1173ed5-eca1-4c81-beaf-3460d22f6cf1
8391,Dominique Robinson,HOU,DL,Active,Questionable,28,4,97,Miami (OH),,,0642a1f6-70cc-4540-8fb4-d45d85513b33
8392,Nick Cross,WAS,DB,Active,,24,4,25,Maryland,,,2804d41d-19c7-41ff-a1ea-a208fc0fad35
8394,Percy Butler,WAS,DB,Active,,26,4,35,Louisiana,,,5f70ae1d-2014-4f95-b0f5-26c9d4920ccc
8395,Dane Belton,NYJ,DB,Active,,25,4,6,Iowa,,,08696187-da1c-41d4-b156-9a9f844e4167
8396,Micah McFadden,NYG,LB,Active,,26,4,41,Indiana,,,7642bafd-0974-46f5-9516-fe0c46fedb97
8397,Juanyeh Thomas,IND,DB,Active,,26,4,33,Georgia Tech,,,8a8dfad0-d314-11ec-8b77-45b1765fd110
8398,Jermaine Johnson,TEN,LB,Active,,27,4,11,Florida State,,,ca361691-b2ce-410f-9d96-2d18b8b48b4b
8399,Markquese Bell,DAL,DB,Active,,27,4,14,Florida A&M,,,546a44e0-d314-11ec-8b77-45b1765fd110
8400,Travis Jones,BAL,DL,Active,,26,4,98,UConn,,,5ef5ab81-46ed-4092-9434-b7011f772bc4
8406,Reed Blankenship,HOU,DB,Active,,27,4,6,Middle Tennessee,,,f67efd90-ce17-11ec-bebb-4fec1e38b0e5
8408,Jordan Mason,MIN,RB,Active,,27,4,27,Georgia Tech,,,af9f7390-ca80-11ec-97ae-e1573849d1a6
8412,Roy Mbaeteka,IND,OL,Active,,26,4,78,,,,c23cade0-b786-11ec-95d0-29b0f7bc1827
8413,Chris Oladokun,KC,QB,Active,,28,4,19,South Dakota State,,,7078cdfc-032b-4f85-8b4b-720f926ba1cb
8414,Britain Covey,PHI,WR,Active,Questionable,29,4,18,Utah,,,75774350-ce18-11ec-bebb-4fec1e38b0e5
8423,Brittain Brown,CHI,RB,Active,,28,4,38,UCLA,,,387c8819-5892-4528-ac33-0ec72b24cc2f
843,Cameron Heyward,PIT,DT,Active,,37,15,97,Ohio State,13977,00-0027969,9779acc7-ed88-4a16-b78d-230ace9ec3eb
8443,Evan Neal,NYG,OL,Active,,25,4,73,Alabama,,,62ac4570-abad-47b2-9d0d-8cb2e9d9c9e3
8444,Trevor Penning,LAC,T,Active,,27,4,75,Northern Iowa,,,94db0fe8-228c-4650-abd2-38886687f960
8445,Zion Johnson,CLE,G,Active,,26,4,77,Boston College,,,01d3f14f-2115-478e-943b-4de2d1bf91a9
8446,Charles Cross,SEA,OL,Active,,25,4,67,Mississippi State,,,b95a1464-5824-4816-8829-0a9f52644166
8448,Cole Strange,LAC,OL,Active,,28,4,69,Chattanooga,,,8e176f01-5542-4b25-8e06-ce57042911d2
8449,Tyler Smith,DAL,OL,Active,,25,4,73,Tulsa,,,23390ab5-2b55-4d8e-851c-01f9cf338ede
8450,Tyler Linderbaum,LV,OL,Active,,26,4,65,Iowa,,,b342192d-644a-48cc-9d86-94030ecceea4
8451,Ikem Ekwonu,CAR,T,Active,PUP,25,4,79,North Carolina State,,,b40712b5-9c7e-4b9c-b7a6-a85bad63c8b0
8452,Ed Ingram,HOU,G,Active,,27,4,69,LSU,,,97a0088b-3239-4bff-96f6-99274754212b
8453,Cam Jurgens,PHI,OL,Active,,27,4,51,Nebraska,,,a4d061b3-d212-4534-88de-c996f64e5754
8454,Luke Goedeke,TB,OL,Active,,27,4,67,Central Michigan,,,f09f755a-be35-4910-b9b0-5fd44d1c80f1
8455,Joshua Ezeudu,NYG,OL,Active,,26,4,75,North Carolina,,,949380c5-009e-4e7c-944d-3148af2dce58
8457,Abraham Lucas,SEA,OL,Active,,27,4,72,Washington State,,,0efe54f5-003e-49fa-b6de-1b37383c07f4
8458,Dylan Parham,NYJ,OL,Active,,26,4,64,Memphis,,,6d374e1c-cb16-41b1-bab5-d6e203e884dd
8459,Bernhard Raimann,IND,OL,Active,,28,4,79,Central Michigan,,,b1c31fc7-dd3f-4541-bbaa-df052c7563b0
8460,Sean Rhyan,GB,OL,Active,,25,4,75,UCLA,,,b809737f-48a1-4051-9263-2f060d48c602
8461,Nicholas Petit-Frere,WAS,T,Active,,26,4,76,Ohio State,,,c7613038-e3cc-4c6b-9903-fe7660fa79dd
8462,Luke Fortner,CAR,G,Active,,28,4,77,Kentucky,,,03be50ca-2498-4190-b772-7c47e351c4ab
8463,Zach Bako-Bewele,GB,OL,Active,,27,4,50,Wake Forest,,,a2b7d4e4-9385-4c49-8ef9-a6a2c83839f6
8464,Cordell Volson,TEN,T,Active,,28,4,73,North Dakota State,,,a99cd1fe-0b47-4395-8ab5-15d6e3a71351
8465,Spencer Burford,LV,OL,Active,,26,4,70,UTSA,,,129815b7-f914-4155-b8e3-e93021670dd7
8467,Jordan Stout,NYG,P,Active,,28,4,15,Penn State,,,6b2416e4-510b-4ecb-b1eb-0037863fc315
8468,Max Mitchell,NYJ,T,Active,,26,4,61,Louisiana,,,0c0b4831-15c3-4724-bb26-928a9784a179
8469,Daniel Faalele,JAX,T,Active,,26,4,68,Minnesota,,,4ad6410f-014f-4f7c-9e34-823b68906b21
8470,Joshua Williams,TEN,CB,Active,,26,4,25,Fayetteville State,,,be77723f-3d5a-47aa-9949-433993879a6f
8472,Darian Kinnard,GB,T,Active,Questionable,26,4,70,Kentucky,,,650c8ab6-958d-47b6-bdc0-62fe852a4f10
8473,Eric Johnson,ATL,DT,Active,,28,4,93,Missouri State,,,9282c55b-7075-4ad1-b6a6-50b45f787382
8474,Luke Wattenberg,DEN,OL,Active,Questionable,28,4,60,Washington,,,50b60c54-3f6b-49dd-b1e0-2f8c6193b606
8476,DaRon Bland,DAL,DB,Active,,27,4,26,Fresno State,,,5c2a334e-5fe6-4434-ac23-6b252356c48b
8477,Matt Waletzko,KC,OL,Inactive,IR,26,4,73,North Dakota,,,e0e0e9b9-5c2a-4328-b46c-66bb9bd206ff
8478,Samuel Womack,NYJ,CB,Active,,27,4,22,Toledo,,,75c1ed8d-4f05-43c1-b398-f212984b6b8b
8479,Braxton Jones,CHI,OL,Active,,27,4,70,Southern Utah,,,19e8a5ff-c975-4f93-a27e-ff9b4a13d2a7
8480,Jamaree Salyer,MIA,OL,Inactive,IR,26,4,69,Georgia,,,abb77dbf-9ee3-4631-8afb-6f118a98adcc
8481,Ja'Sir Taylor,CIN,DB,Active,,27,4,26,Wake Forest,,,e446d2e4-2ef3-42f9-88a8-ac17dd745c2d
8482,Vederian Lowe,SF,OT,Active,Questionable,27,4,76,Illinois,,,5937f6b6-707c-4ec8-8829-8fffde62092e
8484,Ko Kieft,TB,TE,Active,,28,4,41,Minnesota,,,f96b8338-4ffb-4612-8c29-58dc3b12db69
8485,Luke Tenuta,IND,OL,Active,,26,4,67,Virginia Tech,,,22fc4bca-8b02-4ac2-a749-78ed4b77651a
8486,Matt Araiza,KC,P,Active,,26,4,14,San Diego State,,,55c491d6-7721-45b4-968c-284448bf8c12
8487,Christian Benford,BUF,DB,Active,,25,4,47,Villanova,,,7c1aa6c9-6548-4192-b8aa-3749cab84b84
8488,Zachary Thomas,TEN,OL,Active,,28,4,72,San Diego State,,,406bf2c6-87af-4a33-a6d5-eae9f8be758a
8489,Drew Ogletree,IND,TE,Active,,28,4,85,Youngstown State,,,59f460a8-b5af-40e6-840c-429762b278b3
8491,Austin Deculus,TEN,T,Active,,27,4,76,LSU,,,c40c4be4-e0e0-42d6-8fff-bef868945597
8494,James Houston,DAL,LB,Active,,27,4,41,Jackson State,,,6f9be289-1bfa-46b8-b246-57adb586c641
8495,Matt Henningsen,DEN,DE,Inactive,IR,27,4,91,Wisconsin,,,38d9a47a-c3e3-4355-9995-c12782832728
8496,Theo Jackson,MIN,DB,Active,,27,4,26,Tennessee,,,8dd6946e-a36c-4b5e-9182-2fb1726ab554
8497,Lecitus Smith,DEN,OL,Active,,28,4,61,Virginia Tech,,,9c77c0a2-ce84-4b16-a68a-fe28a8af5c79
8501,Nick Zakelj,SF,OL,Active,,27,4,63,Fordham,,,64316351-72d7-45fa-9391-1c9dbcccd560
8502,Cade Mays,DET,OL,Active,Out,27,4,64,Tennessee,,,e478d39d-29b1-4ede-afd8-a0a3f987a7ca
8504,Doug Kramer,SF,OL,Active,,28,4,58,Illinois,,,a219134d-2fd5-4335-9b3e-281f2ba8f536
8505,AJ Arcuri,LAR,OT,Active,,29,4,61,Michigan State,,,bc46a1be-5ac8-4f79-85ba-dec00a488c73
8506,Nazeeh Johnson,TEN,DB,Inactive,Sus,28,4,36,Marshall,,,f30d7fdd-9d14-4cee-aae7-6ad6ee02935b
8507,Marquis Hayes,NYJ,OL,Active,,27,4,77,Oklahoma,,,faa35362-90d3-41a2-a871-21df36acb7a5
8509,Elijah Hicks,CHI,DB,Active,PUP,26,4,22,California,,,85ad179c-3812-4070-a6eb-28f33b9b2d0d
8510,Russ Yeast,CIN,DB,Active,,27,4,39,Kansas State,,,76ba8d1b-2bf2-4fa0-82aa-29a2a488cbae
8511,Rasheed Walker,CAR,OL,Active,,26,4,63,Penn State,,,5fccd65c-cc7c-4e59-97fd-1078d4c868a8
8514,Andrew Stueber,ATL,OL,Active,,27,4,62,Michigan,,,286712c4-d8b6-45ff-a603-8f96fb2a8e83
8517,Rodney Thomas,SEA,LB,Active,,28,4,24,Yale,,,f3bceab4-444c-44aa-ba89-3df6bbc78eba
8519,Deane Leonard,LAC,DB,Active,,26,4,33,Ole Miss,,,8df3606f-0c82-41e1-818f-1761b7bee65a
8520,Daniel Hardy,CHI,LB,Active,,27,4,92,Montana State,,,a4ff5690-ba65-4edf-b97b-b001667e1bc5
8522,Chris Paul,WAS,OL,Active,,27,4,75,Tulsa,,,4ff1fb6f-25b8-4d62-96d9-eb8a9f5f323e
8523,Nick Muse,ATL,TE,Active,,27,4,87,South Carolina,,,6b5dd4bc-9959-4e0f-94f6-74e2577a022a
8524,Ja'Tyre Carter,CAR,OL,Active,,27,4,65,Southern University,,,66f326e1-8188-4fc7-94d2-e98ef07d26be
8526,Cameron Goode,MIA,LB,Active,,28,4,53,California,,,505c57f9-9912-467f-8572-4266536ef680
8527,Dareke Young,LV,WR,Active,,27,4,81,Lenoir-Rhyne,,,2da144c9-7845-4199-bcc1-48405c14d436
8528,Ryan Wright,NO,P,Active,,26,4,17,Tulane,,,4800e2e0-c95a-11ec-b1d2-d334745b4f4f
8532,Mike Brown,NE,DB,Active,,27,4,33,Miami (OH),,,d64354b0-c956-11ec-b1d2-d334745b4f4f
8540,Sam Okuayinonu,SF,DE,Active,,28,4,91,Maryland,,,59271dc0-c95d-11ec-b1d2-d334745b4f4f
8542,Tristin McCollum,LV,DB,Active,,27,4,27,Sam Houston,,,151a3910-c966-11ec-9af6-61153bad5574
8569,Arron Mosby,GB,LB,Active,,27,4,53,Fresno State,,,573375f0-ca1f-11ec-aeb5-1b91b32ddede
8578,Raheem Layne,NYG,DB,Active,,27,4,43,Indiana,,,71325ae0-ca2c-11ec-a896-a541b322f383
8583,Stone Smartt,PHI,TE,Active,,27,4,85,Old Dominion,,,6ee105f0-ca2e-11ec-be96-e90abdfa0fef
8584,Skyler Thomas,CHI,DB,Active,,22,1,38,Oregon State,,,a49160a0-ca2e-11ec-be96-e90abdfa0fef
8612,Qwuantrezz Knight,WAS,CB,Active,,28,4,32,UCLA,,,078aff90-ca7f-11ec-97ae-e1573849d1a6
8618,Marcelino McCrary-Ball,NYJ,LB,Active,,27,4,41,Indiana,,,40b40970-ca83-11ec-97ae-e1573849d1a6
8620,Segun Olubi,LV,LB,Active,,26,4,50,San Diego State,,,77586110-ca83-11ec-97ae-e1573849d1a6
8654,Timmy Horne,TEN,DT,Active,,28,4,94,Kansas State,,,16b730e0-cc7f-11ec-8d55-87af3a9174bd
8659,Nate Landman,LAR,LB,Active,,27,4,53,Colorado,,,7fe2ddd0-cc7f-11ec-8d55-87af3a9174bd
8666,Darrell Baker,MIA,CB,Active,PUP,28,4,22,Georgia Southern,,,e92e4840-cb41-11ec-a667-6354702e3fca
8674,Daniel Whelan,GB,P,Active,,27,4,19,UC Davis,,,cd141ff0-cc9e-11ec-952e-a10f2c98fc4d
8676,Rashid Shaheed,SEA,WR,Active,,27,4,22,Weber State,,,e1ecc660-cc9f-11ec-952e-a10f2c98fc4d
8680,Jack Gibbens,ARI,LB,Active,,27,4,50,Minnesota,,,aa030100-cca0-11ec-80d0-652593cc1bb6
8683,Joey Blount,ARI,DB,Inactive,IR,27,4,32,Virginia,,,6604be40-cd99-11ec-b94f-57e6927758e6
8698,Jake Tonges,SF,TE,Active,,27,4,88,California,,,8d9236c0-ce09-11ec-9598-03840dd5f387
8702,Jaylon Jones,CHI,CB,Active,,28,4,33,Ole Miss,,,d2e097f0-ce07-11ec-9598-03840dd5f387
8709,Mike Caliendo,KC,G,Active,,28,4,66,Western Michigan,,,5e40ece0-ce0e-11ec-8f7c-f5226825ea6a
871,Von Miller,DAL,LB,Active,,37,15,40,Texas A&M,13976,00-0027940,cc9528c4-3a18-4d3f-8d8f-cfef4dcd2d38
8710,Jack Cochrane,KC,LB,Active,,27,4,43,South Dakota,,,6971dfd0-ce0d-11ec-8f7c-f5226825ea6a
8713,Josh Sills,IND,OL,Active,,28,4,66,Oklahoma State,,,af7eb130-ce1a-11ec-bebb-4fec1e38b0e5
8714,Josh Blackwell,CHI,CB,Active,,27,4,39,Duke,,,c218af10-ce17-11ec-bebb-4fec1e38b0e5
8726,Brenden Schooler,NE,DB,Active,PUP,29,4,41,Texas,,,711a03f0-cfea-11ec-8762-8dfa2bbad12c
8729,Chris Glaser,DAL,G,Active,,26,4,68,Virginia,,,8fe5d8d0-d07c-11ec-baf4-2bea5426a448
8733,Jake Hummel,HOU,LB,Active,,27,4,33,Iowa State,,,0c7ceb00-d207-11ec-ab20-b37737d70cc4
8736,Elijah Garcia,CAR,DT,Active,,28,4,96,Rice,,,32e18540-d206-11ec-ab20-b37737d70cc4
8739,Keir Thomas,LAR,DE,Active,,28,4,11,Florida State,,,60ffacb0-d209-11ec-ab20-b37737d70cc4
8745,Lance McCutcheon,TEN,WR,Active,,27,4,89,Montana State,,,fb2a4c20-d207-11ec-ab20-b37737d70cc4
8746,Benton Whitley,CLE,DE,Active,,27,4,61,Holy Cross,,,08aa57d0-d20a-11ec-ab20-b37737d70cc4
8750,Michael Niese,DET,G,Active,,28,4,62,Temple,,,2c426f80-d254-11ec-b16e-cf7159baf83d
8752,Ja'Quan McMillian,DEN,CB,Active,,26,4,29,East Carolina,,,62fb07e0-d253-11ec-b16e-cf7159baf83d
8754,Sebastian Gutierrez,DAL,T,Active,,28,4,61,Minot State,,,9a7a5d90-d250-11ec-b16e-cf7159baf83d
8755,Kaden Davis,CHI,WR,Active,,27,4,27,Northwest Missouri State,,,acb316b0-d24f-11ec-b16e-cf7159baf83d
8756,Brandon Johnson,LV,WR,Active,,28,4,82,UCF,,,d90f8660-d251-11ec-b16e-cf7159baf83d
8774,Alec Anderson,BUF,OL,Active,,26,4,70,UCLA,,,dea85730-d2e9-11ec-96a0-c3471a31202c
8776,Kingsley Jonathan,NYJ,DT,Inactive,IR,28,4,57,Syracuse,,,09db6210-d2ec-11ec-96a0-c3471a31202c
8783,Kendric Pryor,CIN,WR,Active,,28,4,19,Wisconsin,,,73f7ecc0-d2ee-11ec-96a0-c3471a31202c
8784,Devin Cochran,DET,OL,Active,,28,4,77,Georgia Tech,,,819dec70-d2ef-11ec-96a0-c3471a31202c
8785,Cal Adomitis,GB,LS,Active,,28,4,43,Pittsburgh,,,9e9694f0-d2f2-11ec-96a0-c3471a31202c
8787,Ben Brown,NE,OG,Active,Questionable,28,4,77,Ole Miss,,,c3806b80-d2f0-11ec-96a0-c3471a31202c
8790,Brock Hoffman,PIT,C,Active,,27,4,67,Virginia Tech,,,2fcfb2b0-d309-11ec-8b77-45b1765fd110
8795,D'Anthony Bell,SEA,DB,Active,,29,4,23,West Florida,,,8b181df0-d30a-11ec-8b77-45b1765fd110
8799,Zaire Mitchell-Paden,NO,TE,Active,,27,4,84,Florida Atlantic,,,faaf7f80-d307-11ec-8b77-45b1765fd110
8800,Malik Davis,DAL,RB,Active,,27,4,20,Florida,,,7caf1f90-d30d-11ec-8b77-45b1765fd110
8801,Dennis Houston,TB,WR,Active,,27,4,89,Western Illinois,,,2fb00370-d30e-11ec-8b77-45b1765fd110
8821,Adedayo Odeleye,DAL,DE,Active,,28,4,96,,,,fe19d3d0-d32c-11ec-a99e-3305165b8d4a
8822,Ryan Van Demark,MIN,OL,Active,,28,4,72,UConn,,,0f538980-d39a-11ec-96a0-c3471a31202c
8830,Wesley French,CHI,OL,Active,,29,4,68,Western Michigan,,,dc70b140-d39a-11ec-96a0-c3471a31202c
8833,Dallis Flowers,CHI,CB,Inactive,IR,29,4,37,Pittsburg State,,,3a886c50-d3a0-11ec-96a0-c3471a31202c
8838,Isaiah Pola-Mao,LV,DB,Active,,27,4,20,USC,,,03dc3660-d3a9-11ec-96a0-c3471a31202c
8847,Kellen Diesch,KC,OL,Active,,26,4,74,Arizona State,,,1a993e20-d3b3-11ec-96a0-c3471a31202c
8849,Tanner Conner,NYG,TE,Active,,28,4,48,Idaho State,,,4f2ecf70-d3b2-11ec-96a0-c3471a31202c
8850,Ben Stille,DET,DT,Active,,28,4,72,Nebraska,,,7a46ff50-d3b4-11ec-96a0-c3471a31202c
8854,Tomon Fox,LAR,LB,Active,,28,4,51,North Carolina,,,9880c110-d3bc-11ec-96a0-c3471a31202c
8857,Kader Kohou,KC,CB,Active,Questionable,27,4,26,East Texas A&M,,,97debc10-d3b9-11ec-96a0-c3471a31202c
8860,Tony Adams,TEN,DB,Active,,27,4,38,Illinois,,,8774aba0-d3be-11ec-96a0-c3471a31202c
8861,Irv Charles,SEA,WR,Active,,29,4,85,Indiana (PA),,,f8578e10-d3bd-11ec-96a0-c3471a31202c
8865,Dylan Cook,PIT,T,Active,,28,4,60,Montana,,,57adb660-d3e0-11ec-8afa-57d9afd0ecba
8901,Ja'Marcus Ingram,HOU,CB,Active,Questionable,28,4,20,Buffalo,,,dac14b40-d555-11ec-addb-6dd6dcd40f21
8914,Jeremiah Pharms,NE,DT,Active,,29,4,98,Friends,,,bf39d6f0-078f-11ed-963b-2b593f9846d8
8917,KaVontae Turpin,DAL,WR,Active,,30,4,9,TCU,,,2dfd63d0-0e8a-11ed-a8f4-191ad3c6932a
8921,Maurice Alexander,CHI,WR,Active,,29,4,13,Florida International,,,8261c380-132b-11ed-86b5-f9dfd114f830
8925,Tre Avery,CLE,CB,Active,,29,4,11,Rutgers,,,bb6a7db0-133b-11ed-9919-531ded80fd4f
8926,Xavier Newman,NYJ,OL,Active,,27,4,65,Baylor,,,e8310130-133a-11ed-b19a-5369730dd1a9
8933,Tucker Addington,MIA,LS,Active,,29,4,46,Sam Houston,,,934ec3f0-4418-11ed-a384-4356501847df
9220,Evan Hull,ARI,RB,Active,,25,3,43,Northwestern,,,20d82a85-0128-499a-9330-2906af3cbb09
9221,Jahmyr Gibbs,DET,RB,Active,,24,3,0,Alabama,,,fef9457e-6497-47de-9bf2-cc3b95929375
9224,Chase Brown,CIN,RB,Active,,26,3,30,Illinois,,,d74ff06d-905d-4fed-8f98-b5f6d4549333
9225,Tank Bigsby,PHI,RB,Active,,23,3,8,Auburn,,,2034916c-8062-46e3-8d0c-d0dec694e2d1
9226,De'Von Achane,MIA,RB,Active,,24,3,28,Texas A&M,,,a4ef921b-8767-4b4f-a651-7675c00f9af0
9227,Israel Abanikanda,DAL,RB,Active,,23,3,30,Pittsburgh,,,07802728-2d68-4aac-8e1f-ee306977495d
9228,Bryce Young,CAR,QB,Active,,25,3,9,Alabama,,,38475bfa-9773-4c3b-9157-a0dbd576fa22
9229,Anthony Richardson,IND,QB,Active,,24,3,5,Florida,,,5fc5b4a6-a583-4345-a810-4f982204ea5e
9230,Tanner McKee,PHI,QB,Active,,26,3,16,Stanford,,,93147c90-09c8-471d-a6b2-0b9d19739ba1
9479,Darnell Washington,PIT,TE,Active,,25,3,80,Georgia,,,1984b8b5-d206-4d6a-8204-c5dd0160e9f5
9480,Brenton Strange,JAX,TE,Active,,25,3,85,Penn State,,,94f135f7-9d54-4cbd-b560-fcaf83d414b0
9481,Luke Musgrave,GB,TE,Active,PUP,25,3,88,Oregon State,,,77a4fb49-3c6c-4aa1-8a21-20956e2d2240
9482,Michael Mayer,LV,TE,Active,,25,3,87,Notre Dame,,,31f4645a-7ccb-4633-8580-2fca361beb4f
9483,Zack Kuntz,DAL,TE,Active,,27,3,47,Old Dominion,,,66394a78-5537-4a12-a876-4a887f780aba
9484,Tucker Kraft,GB,TE,Active,Questionable,25,3,85,South Dakota State,,,3a084c5f-6b9f-4703-a0c7-1566bc4b1129
9486,Dontayvion Wicks,PHI,WR,Active,,25,3,13,Virginia,,,ea3d1393-8c3b-4e81-a519-f636d28d692e
9487,Parker Washington,JAX,WR,Active,Questionable,24,3,11,Penn State,,,c05863ec-3414-4ae6-a8d2-830aed99b6d3
9488,Jaxon Smith-Njigba,SEA,WR,Active,,24,3,11,Ohio State,,,6215db71-1e13-4c62-8f14-2005d33dee47
9489,Justin Shorter,LV,WR,Inactive,IR,26,3,88,Florida,,,0e4f0529-f178-463e-8aa6-0b8cfa3e916f
9490,Tyler Scott,LAR,WR,Active,,24,3,82,Cincinnati,,,6833ad69-9f24-4780-989c-83bdb090ec5e
9492,Trey Palmer,NO,WR,Active,,25,3,10,Nebraska,,,9a011241-f4b3-403a-af70-c9cdfd177054
9493,Puka Nacua,LAR,WR,Active,Questionable,25,3,12,BYU,,,111be44d-7bc2-4cad-934d-c9e946293b2f
9494,Marvin Mims,DEN,WR,Active,Questionable,24,3,19,Oklahoma,,,fcd780e6-6d43-4c2e-b740-59ae09911345
9497,Jalin Hyatt,NYG,WR,Active,Questionable,24,3,13,Tennessee,,,e5f9d339-a89f-4e47-9a84-b89f14550c05
9500,Josh Downs,IND,WR,Active,,25,3,2,North Carolina,,,dd227f4a-0785-482d-a28b-f231c7f3b73f
9501,DeMario Douglas,NE,WR,Active,,25,3,3,Liberty,,,962496d4-9ffa-471b-8dd2-fc5e60fee84b
9502,Tank Dell,HOU,WR,Active,Questionable,26,3,1,Houston,,,25e7b423-f716-4d1a-9623-cee3e7d822ab
9504,Kayshon Boutte,NE,WR,Active,,24,3,9,LSU,,,9c054866-5e6c-460b-9af3-ebf91e7d0a3e
9506,Sean Tucker,TB,RB,Active,,24,3,44,Syracuse,,,6d616c10-f35e-11ed-b721-9b68b08a2e09
9508,Tyjae Spears,TEN,RB,Active,,25,3,2,Tulane,,,af71f149-7758-40b7-973a-9fe6320cf4f5
9509,Bijan Robinson,ATL,RB,Active,,24,3,7,Texas,,,f78d68c2-f9da-48e7-b954-26b69efd828d
9510,Lew Nichols,PIT,RB,Active,,25,3,35,Central Michigan,,,72e4032d-8d7b-484f-95a2-a73fbb2c67f4
9511,Keaton Mitchell,LAC,RB,Active,,24,3,34,East Carolina,,,16341d80-f01f-11ed-97df-a94b89ac5704
957,Cameron Jordan,NO,DE,Active,Questionable,37,15,94,California,13971,00-0027962,543e5e1e-50e5-482d-a6ad-498d7fab497e
96,Aaron Rodgers,PIT,QB,Active,,42,21,8,California,8439,00-0023459,0ce48193-e2fa-466e-a986-33f751add206
9753,Zach Charbonnet,SEA,RB,Active,PUP,25,3,26,UCLA,,,7d7f1628-85a7-4633-9ffe-d82fc2761b00
9754,Quentin Johnston,LAC,WR,Active,Questionable,24,3,1,TCU,,,e648bc98-bc81-44d0-8d4b-b9223c497ff4
9756,Jordan Addison,MIN,WR,Active,,24,3,3,USC,,,63fdd64e-1a23-4b77-9536-b1609f3a708c
9757,Kendre Miller,NO,RB,Active,,24,3,5,TCU,,,66627686-34fe-4599-84ac-e436fd7d798a
9758,C.J. Stroud,HOU,QB,Active,,24,3,7,Ohio State,,,7e91086f-9ca4-4bd9-a099-b88b2f37e6c6
9997,Zay Flowers,BAL,WR,Active,,25,3,4,Boston College,,,2b6d74b7-10fb-4f17-99c8-9bb557fb475b
9998,Hendon Hooker,TEN,QB,Active,,28,3,16,Tennessee,,,25b10007-802d-4ebb-8314-3eb7b24ddc37
9999,Will Levis,TEN,QB,Active,,27,3,8,Kentucky,,,4c8a2f7e-f982-4eca-9d52-cf53df6985a4
ARI,,ARI,DEF,,,,,,,,,
ATL,,ATL,DEF,,,,,,,,,
BAL,,BAL,DEF,,,,,,,,,
BUF,,BUF,DEF,,,,,,,,,
CAR,,CAR,DEF,,,,,,,,,
CHI,,CHI,DEF,,,,,,,,,
CIN,,CIN,DEF,,,,,,,,,
CLE,,CLE,DEF,,,,,,,,,
DAL,,DAL,DEF,,,,,,,,,
DEN,,DEN,DEF,,,,,,,,,
DET,,DET,DEF,,,,,,,,,
GB,,GB,DEF,,,,,,,,,
HOU,,HOU,DEF,,,,,,,,,
IND,,IND,DEF,,,,,,,,,
JAX,,JAX,DEF,,,,,,,,,
KC,,KC,DEF,,,,,,,,,
LAC,,LAC,DEF,,,,,,,,,
LAR,,LAR,DEF,,,,,,,,,
LV,,LV,DEF,,,,,,,,,
MIA,,MIA,DEF,,,,,,,,,
MIN,,MIN,DEF,,,,,,,,,
NE,,NE,DEF,,,,,,,,,
NO,,NO,DEF,,,,,,,,,
NYG,,NYG,DEF,,,,,,,,,
NYJ,,NYJ,DEF,,,,,,,,,
PHI,,PHI,DEF,,,,,,,,,
PIT,,PIT,DEF,,,,,,,,,
SEA,,SEA,DEF,,,,,,,,,
SF,,SF,DEF,,,,,,,,,
TB,,TB,DEF,,,,,,,,,
TEN,,TEN,DEF,,,,,,,,,
WAS,,WAS,DEF,,,,,,,,,
