id,sport,value,team
5420,baseball,Justin Verlander,DET
5831,baseball,Rich Hill,KC
6153,baseball,Edward Mujica,STL
6441,baseball,Wilkin Castillo,MIA
6505,baseball,Ryan Hanigan,CLE
6696,baseball,Andrew McCutchen,TEX
6704,baseball,Jesse Chavez,ATL
6729,baseball,Matt Tuiasosopo,ATL
6739,baseball,Brandon Morrow,LAD
6781,baseball,Reid Brignac,WAS
6804,baseball,Alexi Ogando,CLE
6816,baseball,Alejandro De-Aza,WAS
6837,baseball,Max Scherzer,TOR
6840,baseball,Kyle Kendrick,BOS
6858,baseball,David Price,LAD
6889,baseball,Jason Motte,STL
6892,baseball,Ernesto Frieri,MLW
6916,baseball,Lucas Harrell,TOR
6918,baseball,Charlie Morton,ATL
6922,baseball,Chris Carter,LAA
6966,baseball,Pedro Strop,CHC
6968,baseball,Johnny Cueto,LAA
6999,baseball,Lorenzo Cain,MLW
7037,baseball,Adam Ottavino,NYY
7039,baseball,Emmanuel Burriss,LAA
7063,baseball,Chad Huffman,DET
7093,baseball,Matt Dominguez,BOS
7096,baseball,Ruben Tejada,TOR
7112,baseball,Jason Heyward,SD
7137,baseball,Daniel Bard,COL
7150,baseball,Clayton Kershaw,LAD
7183,baseball,Carlos Carrasco,ATL
7197,baseball,Cedric Hunter,PHI
7199,baseball,Chris Marrero,BOS
7286,baseball,Chris Johnson,BAL
7336,baseball,Antonio Bastardo,ARZ
7381,baseball,Chris Smith,TOR
7384,baseball,David Robertson,PHI
7404,baseball,Julio Teheran,NYM
7406,baseball,Clayton Richard,CWS
7414,baseball,Jon Niese,TEX
7422,baseball,Pablo Sandoval,CLE
7424,baseball,Brian Matusz,ARZ
7435,baseball,Luis Valbuena,LAA
7458,baseball,Michael McKenry,TB
7499,baseball,David Hernandez,CLE
7514,baseball,Carlos Santana,ARZ
7520,baseball,Adam Moore,KC
7535,baseball,Aaron Hicks,LAA
7536,baseball,Jemile Weeks,CHC
7538,baseball,Wilmer Flores,SF
7543,baseball,Nick Noonan,ATH
7544,baseball,Jaff Decker,ATL
7553,baseball,Charlie Blackmon,COL
7567,baseball,Derek Norris,DET
7617,baseball,Fernando Rodriguez,BOS
7622,baseball,Vance Worley,CIN
7623,baseball,Marc Rzepczynski,TOR
7627,baseball,Daniel Hudson,LAD
7634,baseball,Richard Bleier,BOS
7637,baseball,Scott Van-Slyke,MIA
7667,baseball,Tony Sanchez,CIN
7673,baseball,Jacob Turner,DET
7675,baseball,Tyler Matzek,NYY
7677,baseball,Grant Green,MIA
7681,baseball,AJ Pollock,SF
7683,baseball,Shelby Miller,CHC
7689,baseball,Mike Trout,LAA
7709,baseball,Aroldis Chapman,BOS
7717,baseball,Bud Norris,PHI
7729,baseball,Josh Thole,NYY
7736,baseball,Starling Marte,KC
7742,baseball,Justin Turner,CHC
7753,baseball,Chris Heisey,MIN
7760,baseball,Craig Kimbrel,KC
7762,baseball,Jay Jackson,MIN
7766,baseball,Lance Lynn,STL
7789,baseball,Giancarlo Stanton,NYY
7791,baseball,Martin Perez,ATL
7793,baseball,Freddie Freeman,LAD
7795,baseball,David Lough,CLE
7837,baseball,Mike Montgomery,NYY
7838,baseball,Jordan Walden,ATL
7839,baseball,Ben Revere,CIN
7844,baseball,James Russell,DET
7850,baseball,Tyson Ross,TEX
7867,baseball,Jose Iglesias,SD
7885,baseball,Bryce Harper,PHI
7886,baseball,Jameson Taillon,TOR
7887,baseball,Chris Sale,ATL
7891,baseball,Manny Machado,SD
7892,baseball,Delino DeShields,CIN
7903,baseball,Christian Yelich,MLW
7909,baseball,Alex Wimmers,MIA
7916,baseball,Justin O'Conner,TB
7918,baseball,Daniel Nava,PIT
7924,baseball,Brian Schlitter,ATH
7931,baseball,Kenley Jansen,DET
7932,baseball,Fernando Abad,COL
7938,baseball,Anthony Gose,KC
7954,baseball,Michael Kirkman,ATL
7961,baseball,Greg Infante,CWS
7964,baseball,Chris Hatcher,ATH
7973,baseball,Alex Presley,BAL
7986,baseball,Ezequiel Carrera,ATL
7989,baseball,Al Alburquerque,TOR
7993,baseball,Jordan Lyles,KC
7997,baseball,Simon Castro,ATH
7999,baseball,Josh Collmenter,ATL
8003,baseball,Eli Villalobos,MIA
8007,baseball,Justin Wilson,BOS
8016,baseball,Ivan De Jesus,BOS
8018,baseball,Anthony Rizzo,NYY
8020,baseball,Randall Delgado,NYY
8026,baseball,Kyle Gibson,TB
8028,baseball,Casey Kelly,ARZ
8029,baseball,Matt Moore,LAA
8035,baseball,Tim Collins,COL
8037,baseball,Michael Martinez,CLE
8050,baseball,Jerry Sands,SF
8052,baseball,Cory Gearrin,MIN
8055,baseball,Evan Scribner,TB
8056,baseball,Alexi Amarista,DET
8058,baseball,Alex Cobb,DET
8070,baseball,Tony Cruz,CIN
8072,baseball,Adam Wilk,CLE
8073,baseball,Rubby De-La-Rosa,ARZ
8076,baseball,Brandon Crawford,STL
8079,baseball,DJ LeMahieu,NYY
8083,baseball,Matt Carpenter,STL
8086,baseball,Brad Hand,ATL
8090,baseball,Bryan Shaw,CWS
8098,baseball,David Carpenter,CIN
8116,baseball,Jose Altuve,HOU
8117,baseball,Ryan Cook,MIA
8122,baseball,J.D. Martinez,NYM
8126,baseball,Paul Goldschmidt,NYY
8128,baseball,Henderson Alvarez III,PIT
8130,baseball,Nathan Eovaldi,TEX
8134,baseball,Salvador Perez,KC
8137,baseball,Wade Miley,CIN
8143,baseball,Anthony Recker,ARZ
8159,baseball,Martin Maldonado,SD
8160,baseball,Logan Schafer,BAL
8165,baseball,Efren Navarro,CHC
8168,baseball,Eduardo Escobar,LAA
8170,baseball,Liam Hendriks,BOS
8176,baseball,Jordan Pacheco,MIN
8178,baseball,Pedro Florimon,SD
8182,baseball,Tim Federowicz,TEX
8185,baseball,Steve Lombardozzi,ATH
8188,baseball,Brad Peacock,BOS
8189,baseball,Drew Pomeranz,CHC
8210,baseball,Yu Darvish,SD
8211,baseball,Travis d'Arnaud,LAA
8212,baseball,Gary Sanchez,MLW
8213,baseball,Jon Singleton,HOU
8215,baseball,Yasmani Grandal,PIT
8217,baseball,Kolten Wong,LAD
8219,baseball,Tommy Joseph,TEX
8221,baseball,Nick Castellanos,SD
8222,baseball,Miguel Sano,LAA
8223,baseball,Nolan Arenado,ARZ
8225,baseball,Anthony Rendon,LAA
8226,baseball,Francisco Lindor,NYM
8228,baseball,Jurickson Profar,ATL
8229,baseball,Billy Hamilton,CWS
8231,baseball,Gerrit Cole,NYY
8234,baseball,Trevor Bauer,LAD
8235,baseball,Zack Wheeler,PHI
8239,baseball,Andrew Susac,PIT
8240,baseball,Lucas Luetge,ATL
8242,baseball,Erasmo Ramirez,MIN
8246,baseball,Drew Smyly,CHC
8258,baseball,Joe Wieland,CHC
8272,baseball,Patrick Corbin,TOR
8274,baseball,Tyler Moore,MIA
8280,baseball,Jose Quintana,COL
8282,baseball,Jake Diekman,NYM
8285,baseball,Sandy Leon,ATL
8290,baseball,Yan Gomes,CHC
8291,baseball,Blake Lalli,ARZ
8294,baseball,Donovan Solano,TEX
8297,baseball,Will Smith,KC
8298,baseball,Quintin Berry,MLW
8315,baseball,Clint Robinson,WAS
8316,baseball,Joe Kelly,LAD
8319,baseball,Brad Boxberger,CHC
8321,baseball,Dallas Keuchel,MLW
8331,baseball,Jorge Soler,LAA
8334,baseball,Sam Dyson,FA
8338,baseball,Josh Edgin,BAL
8339,baseball,Aaron Loup,LAA
8340,baseball,Josh Rutledge,SF
8341,baseball,Miguel Socolovich,ATL
8349,baseball,Jean Segura,CLE
8363,baseball,Brooks Raley,PHI
8364,baseball,Brandon Barnes,CLE
8366,baseball,Steve Geltz,PHI
8368,baseball,Jake Elmore,CLE
8369,baseball,Rob Brantly,MIA
8370,baseball,Tommy Layne,BOS
8371,baseball,Chris Rusin,ATL
8377,baseball,Tyler Cloyd,MIA
8378,baseball,Avisail Garcia,MIA
8391,baseball,Chris Withrow,KC
8395,baseball,Jeurys Familia,ATH
8402,baseball,Paco Rodriguez,SD
8406,baseball,Chris Herrmann,SF
8410,baseball,Rafael Ortega,CWS
8415,baseball,Hyun Jin Ryu,TOR
8417,baseball,Xander Bogaerts,SD
8418,baseball,Taijuan Walker,PHI
8424,baseball,James Paxton,BOS
8426,baseball,Michael Wacha,KC
8427,baseball,Kevin Gausman,CHC
8428,baseball,Matt Barnes,WAS
8431,baseball,Austin Hedges,CLE
8432,baseball,Jackie Bradley Jr.,KC
8433,baseball,George Springer,TOR
8436,baseball,Yasiel Puig,ATL
8437,baseball,Jake Marisnick,LAD
8441,baseball,Nick Tepesch,TOR
8445,baseball,T.J. McFarland,ATH
8452,baseball,Ryan Pressly,CHC
8456,baseball,Paul Clemens,MIN
8461,baseball,Michael Roth,CHC
8463,baseball,Steven Wright,PIT
8464,baseball,Shane Peterson,SD
8467,baseball,Brett Oberholtzer,TOR
8469,baseball,Jose Cisnero,LAA
8471,baseball,Robbie Grossman,KC
8478,baseball,Marcell Ozuna,PIT
8481,baseball,Ryan Brasier,CHC
8483,baseball,Preston Claiborne,CLE
8485,baseball,Derek Dietrich,NYY
8486,baseball,Burch Smith,DET
8492,baseball,Cory Rasmus,TB
8493,baseball,Tyler Lyons,NYY
8494,baseball,Caleb Thielbar,CHC
8497,baseball,Sean Nolin,MIA
8505,baseball,Alex Colome,CWS
8506,baseball,Alex Wood,ATH
8516,baseball,Kevin Siegrist,PIT
8520,baseball,Curtis Partch,PIT
8523,baseball,Brandon Cumpton,TOR
8526,baseball,Corey Dickerson,WAS
8529,baseball,T.J. House,CWS
8533,baseball,Brad Miller,TEX
8535,baseball,Jose Dominguez,SF
8537,baseball,Gonzalez Germen,CWS
8541,baseball,Michael Tonkin,MIN
8542,baseball,Luis Garcia,MIN
8546,baseball,Sonny Gray,BOS
8551,baseball,Colt Hynes,LAD
8552,baseball,Henry Urrutia,BOS
8553,baseball,Junior Lake,SEA
8562,baseball,Todd Cunningham,PIT
8563,baseball,Cody Asche,NYY
8566,baseball,Tuffy Gosewisch,SEA
8569,baseball,Joey Butler,WAS
8570,baseball,Tanner Roark,ATL
8576,baseball,Kevin Pillar,TEX
8588,baseball,Rey Fuentes,ARZ
8589,baseball,David Holmberg,BAL
8591,baseball,Abraham Almonte,NYM
8594,baseball,Jose Ramirez,CLE
8595,baseball,John Ryan Murphy,PIT
8598,baseball,Brian Flynn,TEX
8601,baseball,Erik Johnson,SD
8602,baseball,Marcus Semien,NYM
8604,baseball,Heath Hembree,TB
8605,baseball,Cameron Rupp,CLE
8606,baseball,Ehire Adrianza,LAA
8608,baseball,Zac Rosscup,COL
8610,baseball,Zach Walters,KC
8611,baseball,Chris Owings,PIT
8613,baseball,David Hale,PHI
8614,baseball,Juan Centeno,BOS
8615,baseball,Christian Bethancourt,PIT
8617,baseball,Onelki Garcia,KC
8618,baseball,Nick Buss,MIN
8623,baseball,Enny Romero,LAD
8624,baseball,Kevin Kiermaier,LAD
8626,baseball,Jose Abreu,HOU
8628,baseball,Archie Bradley,MIA
8630,baseball,Lucas Sims,CWS
8631,baseball,Tommy La Stella,SEA
8632,baseball,Eduardo Rodriguez,ARZ
8633,baseball,Hunter Harvey,CHC
8635,baseball,Blake Swihart,TEX
8636,baseball,Garin Cecchini,KC
8638,baseball,Mookie Betts,LAD
8640,baseball,Arismendy Alcantara,LAA
8642,baseball,Daniel Vogelbach,TOR
8643,baseball,Javier Baez,DET
8644,baseball,Kris Bryant,COL
8645,baseball,Pierce Johnson,CIN
8646,baseball,Micah Johnson,TB
8647,baseball,Jesse Winker,NYM
8648,baseball,Clint Frazier,CWS
8649,baseball,Phillip Ervin,ATL
8650,baseball,Robert Stephenson,LAA
8651,baseball,David Dahl,PHI
8653,baseball,Jon Gray,TEX
8654,baseball,Rosell Herrera,NYY
8656,baseball,Carlos Correa,HOU
8657,baseball,Tom Murphy,SF
8658,baseball,Trevor Story,BOS
8659,baseball,Lance McCullers Jr.,MLW
8660,baseball,Mark Appel,PHI
8663,baseball,Hunter Dozier,KC
8665,baseball,Adalberto Mondesi,BOS
8666,baseball,Sean Manaea,NYM
8667,baseball,C.J. Cron,LAA
8668,baseball,Corey Seager,TEX
8669,baseball,Julio Urias,LAD
8670,baseball,Andrew Heaney,LAD
8674,baseball,Byron Buxton,MIN
8675,baseball,Eddie Rosario,ATL
8676,baseball,Kennys Vargas,DET
8678,baseball,Cesar Puello,BOS
8679,baseball,Dominic Smith,ATL
8681,baseball,Noah Syndergaard,CLE
8682,baseball,Rafael Montero,DET
8683,baseball,Greg Bird,PHI
8686,baseball,Tyler Austin,CHC
8688,baseball,Joc Pederson,TEX
8689,baseball,Steven Matz,TB
8690,baseball,Matt Olson,ATL
8691,baseball,Max Muncy,LAD
8694,baseball,J.P. Crawford,SEA
8695,baseball,Alen Hanson,SEA
8699,baseball,Reese McGuire,CWS
8700,baseball,Tyler Glasnow,LAD
8702,baseball,Jace Peterson,ARZ
8704,baseball,Max Fried,NYY
8705,baseball,D.J. Peterson,CIN
8706,baseball,Ji Man Choi,NYM
8707,baseball,Rymer Liriano,LAA
8710,baseball,Taylor Guerrieri,TEX
8711,baseball,Joey Gallo,WAS
8712,baseball,Marco Gonzales,TEX
8713,baseball,Stephen Piscotty,SF
8714,baseball,Kyle Crick,CWS
8715,baseball,Jorge Alfaro,WAS
8716,baseball,Luke Jackson,SEA
8718,baseball,Rougned Odor,SD
8720,baseball,Daniel Norris,CLE
8721,baseball,Marcus Stroman,NYY
8722,baseball,A.J. Cole,TOR
8724,baseball,Lucas Giolito,SD
8730,baseball,Bo Schultz,PIT
8732,baseball,Wei-Chung Wang,PIT
8733,baseball,Tyler Collins,KC
8736,baseball,Tommy Kahnle,BOS
8739,baseball,Ryan Buchter,ARZ
8740,baseball,Yangervis Solarte,ATL
8742,baseball,Brian Moran,LAA
8745,baseball,Donn Roach,CWS
8747,baseball,Tucker Barnhart,TEX
8748,baseball,Nick Martinez,TB
8750,baseball,Dominic Leone,CWS
8751,baseball,Marcus Walden,BOS
8752,baseball,Aaron Brooks,TB
8753,baseball,Michael Mariot,CIN
8754,baseball,Shane Greene,CHC
8756,baseball,Blake Treinen,LAD
8758,baseball,James Jones,TEX
8761,baseball,Justin Marks,LAD
8763,baseball,Luis Sardinas,BAL
8765,baseball,Daniel Robertson,ARZ
8766,baseball,Neil Ramirez,LAA
8768,baseball,Chris Martin,TEX
8769,baseball,Scott Carroll,CHC
8771,baseball,Mike Morin,MIA
8772,baseball,Greg Garcia,DET
8773,baseball,Randal Grichuk,CWS
8775,baseball,Robbie Ray,SD
8781,baseball,Chase Anderson,TEX
8782,baseball,Caleb Joseph,NYM
8784,baseball,Jacob deGrom,TEX
8785,baseball,Chase Whitley,ATL
8786,baseball,Anthony DeSclafani,ARZ
8787,baseball,Jesus Aguilar,ATH
8789,baseball,Kyle Crockett,ARZ
8792,baseball,Francisco Pena,CIN
8794,baseball,David Buchanan,CIN
8795,baseball,Corey Knebel,PHI
8798,baseball,Shae Simmons,CHC
8799,baseball,Jarrett Grube,CLE
8800,baseball,J.T. Realmuto,PHI
8801,baseball,David Peralta,SD
8803,baseball,Jesse Hahn,SEA
8805,baseball,Eugenio Suarez,CIN
8806,baseball,Tim Berry,BAL
8807,baseball,Miguel Rojas,LAD
8808,baseball,Kirby Yates,PIT
8809,baseball,Christian Bergman,SEA
8812,baseball,Blaine Hardy,MLW
8818,baseball,Jake Goebbert,ARZ
8820,baseball,Jumbo Diaz,MIA
8821,baseball,Jake Buchanan,ARZ
8829,baseball,Adam Duvall,ATL
8831,baseball,Dallas Beeler,CHC
8832,baseball,Jorge Polanco,NYM
8833,baseball,Nick Ahmed,TEX
8835,baseball,Enrique Hernandez,LAD
8840,baseball,Jake Smolinski,ATH
8841,baseball,Kyle Hendricks,LAA
8842,baseball,Roberto Perez,SF
8843,baseball,Christian Vazquez,HOU
8846,baseball,Yolmer Sanchez,NYM
8847,baseball,Curt Casali,SF
8848,baseball,Drew VerHagen,STL
8849,baseball,Chasen Shreve,COL
8852,baseball,Chris Taylor,LAA
8853,baseball,Matt Purke,NYM
8854,baseball,Billy Burns,KC
8856,baseball,Matt Duffy,TEX
8857,baseball,Jarrett Parker,NYM
8860,baseball,Hector Neris,HOU
8861,baseball,Carlos Frias,CLE
8862,baseball,Jake Lamb,LAA
8863,baseball,Andrew Chafin,LAA
8864,baseball,Trevor May,ATH
8866,baseball,Michael A. Taylor,CWS
8867,baseball,Buck Farmer,CIN
8868,baseball,Alex Claudio,MLW
8871,baseball,Jon Edwards,CLE
8872,baseball,Matt Szczur,STL
8874,baseball,Daniel Corcino,LAD
8875,baseball,Kyle Lobstein,MLW
8877,baseball,Tomas Telis,MIN
8878,baseball,Kyle Ryan,CHC
8879,baseball,Chris Bassitt,BAL
8880,baseball,Dilson Herrera,BAL
8882,baseball,Andy Wilkins,MIN
8885,baseball,Lane Adams,MIN
8886,baseball,Brandon Finnegan,CIN
8890,baseball,Hunter Strickland,LAA
8892,baseball,Rafael Ynoa,COL
8893,baseball,Leonel Campos,CLE
8894,baseball,Shawn OMalley,COL
8895,baseball,Yimi Garcia,TOR
8897,baseball,James McCann,ARZ
8898,baseball,Dario Alvarez,SEA
8900,baseball,Kendall Graveman,ARZ
8904,baseball,Nick Tropeano,NYM
8905,baseball,Raffy Lopez,ATL
8906,baseball,Eric Jokisch,ATH
8907,baseball,Jason Rogers,PIT
8909,baseball,Chris Heston,SF
8913,baseball,R.J. Alvarez,NYM
8915,baseball,Spencer Patton,ATH
8917,baseball,Jairo Diaz,COL
8919,baseball,Tommy Pham,CWS
8921,baseball,Danny Coulombe,BOS
8922,baseball,Rusney Castillo,BOS
8923,baseball,Bryce Brentz,BOS
8924,baseball,Christian Walker,HOU
8925,baseball,Aaron Northcraft,SD
8927,baseball,Eddie Gamboa,BAL
8928,baseball,Yasmany Tomas,ARZ
8929,baseball,Rob Refsnyder,SEA
8930,baseball,Aaron Blair,ATL
8931,baseball,Brandon Drury,LAA
8932,baseball,Braden Shipley,KC
8933,baseball,Touki Toussaint,LAA
8936,baseball,Manuel Margot,DET
8937,baseball,Henry Owens,LAD
8939,baseball,Billy McKinney,TEX
8940,baseball,Kyle Schwarber,PHI
8941,baseball,Kyle Freeland,COL
8942,baseball,Carlos Rodon,NYY
8943,baseball,Raimel Tapia,TB
8944,baseball,Forrest Wall,BAL
8946,baseball,Jorge Bonifacio,PHI
8947,baseball,Sean Newcomb,CWS
8950,baseball,Orlando Arcia,MIN
8951,baseball,Jose Berrios,TOR
8952,baseball,Nick Burdi,BOS
8954,baseball,Michael Conforto,CHC
8955,baseball,Brandon Nimmo,TEX
8956,baseball,Aaron Judge,NYY
8957,baseball,Jacob Lindgren,CWS
8958,baseball,Luis Severino,ATH
8960,baseball,Ben Lively,CLE
8961,baseball,Aaron Nola,PHI
8962,baseball,Josh Bell,MIN
8963,baseball,Alex Jackson,MIN
8965,baseball,Jung Ho Kang,MLW
8968,baseball,Hunter Renfroe,KC
8969,baseball,Christian Arroyo,BOS
8970,baseball,Adalberto Mejia,CWS
8971,baseball,Willy Adames,SF
8972,baseball,Casey Gillaspie,CWS
8974,baseball,Mikie Mahtook,PHI
8975,baseball,Jeff Hoffman,MIN
8976,baseball,Tim Anderson,LAA
8977,baseball,Mark Canha,KC
8978,baseball,Oscar Hernandez,KC
8979,baseball,Yoan Moncada,LAA
8980,baseball,Peter O'Brien,ATL
8981,baseball,Raisel Iglesias,ATL
8982,baseball,Miguel Castro,CWS
8983,baseball,Matt Andriese,MIA
8987,baseball,David Rollins,CHC
8988,baseball,Sean Gilmartin,TB
8990,baseball,Andrew McKirahan,CIN
8991,baseball,Tyler Olson,BOS
8992,baseball,Matt Reynolds,CIN
8994,baseball,Logan Verrett,BAL
8996,baseball,Taylor Featherston,MIN
8998,baseball,Jason Garcia,BAL
8999,baseball,Cody Martin,SEA
9009,baseball,Joel De La Cruz,ATL
9010,baseball,Jose Urena,LAA
9011,baseball,Rafael Martin,WAS
9012,baseball,Branden Pinder,LAA
9013,baseball,Felipe Vazquez,PIT
9014,baseball,Ryan Brett,TEX
9015,baseball,Adam Liberatore,LAD
9016,baseball,Orlando Calixte,NYM
9022,baseball,Rey Navarro,SEA
9025,baseball,Cory Mazzoni,CHC
9027,baseball,Jack Leathersich,CLE
9028,baseball,Michael Lorenzen,TOR
9029,baseball,Enrique Burgos,DET
9033,baseball,Elvis Araujo,BAL
9035,baseball,Carlos Perez,ATH
9038,baseball,Ryan Tepera,STL
9041,baseball,Andrew Bellatti,PHI
9044,baseball,Wilfredo Boscan,NYM
9047,baseball,Wilmer Difo,NYY
9049,baseball,Austin Barnes,LAD
9051,baseball,David Goforth,WAS
9052,baseball,Hanser Alberto,CWS
9053,baseball,Chi Chi Gonzalez,MIA
9054,baseball,Tyler Wagner,TEX
9055,baseball,Michael Feliz,BOS
9056,baseball,Ramon Flores,ARZ
9057,baseball,Tyler Cravy,MLW
9060,baseball,Daniel Fields,LAD
9061,baseball,Kendry Flores,STL
9064,baseball,Pat Venditte,MIA
9065,baseball,Joe Ross,TEX
9069,baseball,Gio Urshela,ATH
9070,baseball,Vince Velasquez,CHC
9072,baseball,Kyle Kubitza,ATL
9073,baseball,Michael Broadway,KC
9074,baseball,Trevor Gott,ATH
9075,baseball,Akeel Morris,LAA
9077,baseball,Daniel Castro,COL
9078,baseball,Mychal Givens,BAL
9081,baseball,Danny Burawa,ATL
9082,baseball,Nick Rumbelow,SEA
9083,baseball,Diego Moreno,CLE
9085,baseball,Jonathan Aro,SD
9087,baseball,Matthew Boyd,CHC
9093,baseball,Jeff Ferrell,BAL
9095,baseball,Dusty Coleman,SD
9099,baseball,Cheslor Cuthbert,CIN
9102,baseball,Brian Johnson,BOS
9103,baseball,Frankie Montas,NYM
9106,baseball,Nick Goody,NYY
9107,baseball,Tyler Anderson,LAA
9112,baseball,Ketel Marte,ARZ
9113,baseball,Kyle Waldrop,SEA
9115,baseball,Tyler Duffey,KC
9116,baseball,Trayce Thompson,BOS
9117,baseball,Richie Shaffer,CLE
9118,baseball,Brian Ellington,MIA
9121,baseball,Kyle Barraclough,BOS
9122,baseball,Keith Hessler,COL
9123,baseball,Shawn Armstrong,CLE
9124,baseball,Colin Rea,CHC
9125,baseball,Travis Jankowski,NYM
9129,baseball,Darnell Sweeney,TOR
9130,baseball,Scott McGough,ATH
9132,baseball,Trea Turner,PHI
9136,baseball,Jason Gurka,BAL
9137,baseball,Andrew Faulkner,BAL
9138,baseball,Alec Asher,MLW
9139,baseball,Dariel Alvarez,BAL
9140,baseball,Silvino Bracho,CIN
9142,baseball,James Pazos,COL
9143,baseball,Luke Maile,KC
9144,baseball,Colton Murray,TB
9145,baseball,Domingo German,PIT
9146,baseball,Zach Davies,ARZ
9147,baseball,Hector Olivera,SD
9149,baseball,Scott Alexander,SF
9150,baseball,Tony Zych,NYY
9153,baseball,Elias Diaz,TEX
9155,baseball,Jett Bandy,BOS
9156,baseball,Cody Hall,TB
9158,baseball,Rocky Gale,LAD
9160,baseball,Ariel Pena,MLW
9162,baseball,Ryan Weber,NYY
9163,baseball,Socrates Brito,PIT
9164,baseball,Steve Baron,CLE
9168,baseball,Trevor Brown,SF
9170,baseball,Keon Broxton,MLW
9172,baseball,Max Kepler,ARZ
9173,baseball,Jorge Lopez,WAS
9174,baseball,Michael Reed,SF
9175,baseball,Adrian Houser,SF
9176,baseball,Yhonathan Barrios,MLW
9178,baseball,Nomar Mazara,SD
9183,baseball,Kenta Maeda,DET
9186,baseball,Brady Dragmire,WAS
9187,baseball,Blake McFarland,TOR
9188,baseball,Taylor Motter,STL
9189,baseball,Jake Faria,BOS
9192,baseball,Chris Lee,BAL
9194,baseball,Marco Hernandez,BOS
9195,baseball,Williams Jerez,PIT
9196,baseball,Pat Light,SEA
9197,baseball,Ben Gamel,HOU
9198,baseball,Johnny Barbato,DET
9200,baseball,Luis Cessa,CIN
9202,baseball,Brett Eibner,MIA
9204,baseball,Alec Mills,CIN
9205,baseball,Matt Strahm,KC
9206,baseball,Erik Gonzalez,MIA
9207,baseball,Tyler Naquin,CWS
9208,baseball,James Ramsey,MIN
9209,baseball,Dylan Baker,LAD
9210,baseball,Mike Clevinger,CWS
9215,baseball,Michael Ynoa,CWS
9216,baseball,Wynton Bernard,COL
9217,baseball,Michael Fulmer,NYY
9221,baseball,JT Chargois,SEA
9224,baseball,Mason Melotakis,MIN
9225,baseball,Taylor Rogers,MIN
9227,baseball,Mike Strong,MIN
9229,baseball,Boog Powell,CIN
9230,baseball,David Fletcher,ATL
9233,baseball,Rangel Ravelo,LAD
9234,baseball,Joey Wendle,ATL
9238,baseball,Patrick Kivlehan,SD
9239,baseball,Jose Leclerc,ATH
9242,baseball,Alfredo Gonzalez,CWS
9243,baseball,Jonathan Arauz,NYM
9244,baseball,Nolan Fontana,LAA
9245,baseball,Andrew Aplin,SEA
9247,baseball,Juan Minaya,MIN
9248,baseball,Joe Musgrove,SD
9250,baseball,Danny Reynolds,LAD
9251,baseball,Jake Cave,COL
9252,baseball,Rookie Davis,PIT
9253,baseball,Amir Garrett,LAA
9258,baseball,Gift Ngoepe,TOR
9260,baseball,Harold Ramirez,WAS
9261,baseball,Trey Haley,BAL
9262,baseball,Victor Caratini,MIN
9263,baseball,Willson Contreras,BOS
9264,baseball,Jeimer Candelario,LAA
9266,baseball,Jason Vosler,SEA
9267,baseball,Andury Acevedo,ARZ
9268,baseball,Mike Ohlman,TEX
9269,baseball,Aledmys Diaz,HOU
9270,baseball,Anthony Garcia,LAD
9271,baseball,Charlie Tilson,CWS
9272,baseball,Jayson Aquino,BAL
9273,baseball,Matt Bowman,BAL
9274,baseball,Dean Kiekhefer,ATH
9276,baseball,Colin Walsh,LAA
9277,baseball,Jacob Barnes,TOR
9278,baseball,Zach Jones,MIN
9279,baseball,Damien Magnifico,PIT
9281,baseball,Ross Stripling,ATH
9283,baseball,Jake Barrett,NYY
9284,baseball,Matt Koch,COL
9285,baseball,Ty Blach,CHC
9286,baseball,Ray Black,MLW
9289,baseball,Derek Law,ARZ
9290,baseball,Steven Okert,HOU
9292,baseball,Chris Stratton,LAD
9294,baseball,Carlos Estevez,KC
9295,baseball,German Marquez,SD
9297,baseball,Antonio Senzatela,MLW
9300,baseball,Tyron Guerrero,BOS
9301,baseball,Josh Martin,CLE
9303,baseball,Blake Smith,CWS
9305,baseball,Cesar Vargas,WAS
9306,baseball,Tyler Goeddel,CIN
9308,baseball,Jimmy Cordero,NYY
9309,baseball,Edubray Ramos,LAD
9311,baseball,Robert Gsellman,CHC
9312,baseball,Seth Lugo,KC
9313,baseball,Josh Smoker,DET
9316,baseball,Austin Brice,PIT
9318,baseball,Jarlin Garcia,PIT
9319,baseball,Nick Wittgren,KC
9320,baseball,Mallex Smith,SEA
9321,baseball,Mauricio Cabrera,ATL
9324,baseball,Evan Rutckyj,NYY
9327,baseball,Nick Lee,WAS
9328,baseball,Blake Snell,LAD
9329,baseball,Carl Edwards Jr.,NYM
9330,baseball,Yaisel Sierra,LAD
9331,baseball,Blake Perry,ARZ
9332,baseball,Emerson Jimenez,COL
9334,baseball,Santiago Chavez,MIA
9335,baseball,Chesny Young,CHC
9336,baseball,Jason Leblebijian,TOR
9337,baseball,Christian Lopes,ATH
9338,baseball,Derrick Loveless,TOR
9339,baseball,Tim Mayza,PHI
9340,baseball,Tyler White,TOR
9341,baseball,Jeremy Hazelbaker,TB
9342,baseball,Chris Devenski,NYM
9343,baseball,Matt Buschmann,ARZ
9347,baseball,Greg Mahle,LAA
9349,baseball,William Cuevas,BOS
9350,baseball,Chad Girodo,TOR
9353,baseball,Layne Somsen,LAD
9354,baseball,Matt McBride,PHI
9356,baseball,Tim Adleman,DET
9358,baseball,Albert Suarez,BAL
9359,baseball,Zach Neal,OAK
9360,baseball,Warwick Saupold,DET
9361,baseball,Chad Green,TOR
9362,baseball,Conor Mullee,CHC
9363,baseball,Dustin Antolin,CWS
9364,baseball,Tony Kemp,BAL
9365,baseball,Whit Merrifield,ATL
9366,baseball,Steve Selsky,BOS
9367,baseball,Dayan Diaz,LAA
9369,baseball,Tyler Sturdevant,ATH
9371,baseball,Jared Hoying,TOR
9372,baseball,Ashur Tolliver,SEA
9373,baseball,Daniel Wright,CIN
9374,baseball,Ryan Garton,MIN
9375,baseball,Jason Coats,TB
9376,baseball,Edwin Diaz,LAD
9379,baseball,Zach Eflin,BAL
9381,baseball,Ryan Schimpf,LAA
9382,baseball,Adrian Sampson,CHC
9384,baseball,Jacob Stallings,BAL
9387,baseball,Adam Frazier,LAA
9390,baseball,Chad Kuhl,CWS
9391,baseball,Mike Miller,BOS
9392,baseball,Brock Stewart,LAD
9393,baseball,Ariel Miranda,SEA
9395,baseball,Ronnier Mustelier,ATL
9396,baseball,Patrick Schuster,ATH
9397,baseball,Joseph Colon,CLE
9398,baseball,Brooks Pounders,NYM
9400,baseball,Omar Narvaez,CWS
9401,baseball,Dylan Floro,ARZ
9402,baseball,Alberto Rosario,ARZ
9403,baseball,Andrew Toles,LAD
9404,baseball,Carson Fulmer,LAA
9407,baseball,Yuli Gurriel,SD
9408,baseball,Mike Freeman,CIN
9409,baseball,Juan Graterol,TOR
9410,baseball,Reynaldo Lopez,ATL
9413,baseball,Bruce Maxwell,SF
9414,baseball,Mike Mayers,KC
9415,baseball,Alex Bregman,CHC
9416,baseball,Steve Hathaway,ARZ
9417,baseball,Andrew Benintendi,CWS
9418,baseball,Tony Renda,BOS
9421,baseball,Rob Whalen,SEA
9422,baseball,Jake Thompson,MLW
9423,baseball,Madison Younginer IV,LAD
9424,baseball,Rob Segedin,LAD
9425,baseball,T.J. Rivera,
9426,baseball,Ben Heller,PIT
9427,baseball,Jason Hursh,ATL
9428,baseball,Teoscar Hernandez,LAD
9429,baseball,Matt Carasiti,COL
9430,baseball,Luke Weaver,PIT
9431,baseball,Mitch Haniger,SEA
9432,baseball,Dansby Swanson,CHC
9434,baseball,Felix Pena,LAA
9435,baseball,Rob Zastryzny,MLW
9436,baseball,Brent Suter,ATL
9437,baseball,Shawn Zarraga,LAD
9438,baseball,Aaron Dott,NYY
9439,baseball,Stephen Cardullo,COL
9440,baseball,Dan Altavilla,CWS
9441,baseball,JaCoby Jones,DET
9442,baseball,Kelvin Marte,MIA
9443,baseball,Perci Garner,BAL
9444,baseball,Destin Hood,TEX
9446,baseball,Matt Dermody,BOS
9448,baseball,Wandy Peralta,SD
9449,baseball,Brady Rodgers,HOU
9450,baseball,Joe Mantiply,TOR
9451,baseball,Kyle Jensen,SF
9452,baseball,Carson Kelly,CHC
9453,baseball,Jose De Leon,BOS
9456,baseball,Kevin McCarthy,BOS
9457,baseball,Trevor Williams,TEX
9460,baseball,Joely Rodriguez,BOS
9461,baseball,Trey Mancini,LAA
9463,baseball,Carlos Asuaje,LAD
9464,baseball,Juniel Querecuto,STL
9465,baseball,Chris Smith,WAS
9466,baseball,Ariel Hernandez,MLW
9467,baseball,Chad Bell,ATL
9468,baseball,Myles Jaye,MIN
9470,baseball,Kyle Higashioka,TEX
9475,baseball,Lourdes Gurriel Jr.,ARZ
9477,baseball,Kyle Martin,BOS
9478,baseball,Luis Ysla,LAD
9479,baseball,Sandy Baez,DET
9480,baseball,Johan Camargo,SF
9481,baseball,Raudy Read,WAS
9484,baseball,Austin Voth,MIN
9486,baseball,Aristides Aquino,CIN
9488,baseball,Jackson Stephens,ATL
9491,baseball,Brett Phillips,CWS
9492,baseball,Josh Hader,HOU
9494,baseball,Yency Almonte,CHC
9495,baseball,Shane Carle,TEX
9496,baseball,Rayan Gonzalez,COL
9497,baseball,Zach Jemiola,COL
9498,baseball,Sam Moll,CIN
9499,baseball,Tomas Nido,DET
9500,baseball,Amed Rosario,NYY
9501,baseball,Wuilmer Becerra,NYM
9502,baseball,Chris Flexen,CHC
9503,baseball,Marcos Molina,NYM
9504,baseball,Austin Nola,COL
9506,baseball,Luis Castillo,CWS
9507,baseball,Drew Steckenrider,SEA
9508,baseball,Richard Urena,BAL
9509,baseball,Anthony Alford,PIT
9510,baseball,Domingo Leyba,BAL
9512,baseball,Chase Johnson,SD
9513,baseball,Reyes Moronta,LAA
9514,baseball,Dan Slania,SF
9515,baseball,Jose Alvarado,PHI
9516,baseball,Chih-Wei Hu,CLE
9517,baseball,Austin Pruitt,TEX
9518,baseball,Jaime Schultz,ATH
9519,baseball,Ryne Stanek,STL
9521,baseball,Joe Gunkel,MIA
9522,baseball,Jesus Liranzo,PIT
9523,baseball,Miguel Andujar,SD
9524,baseball,Jorge Mateo,TB
9525,baseball,Dietrich Enns,BAL
9526,baseball,Giovanny Gallegos,STL
9528,baseball,Yefry Ramirez,LAD
9529,baseball,Paul Fry,ARZ
9530,baseball,Thyago Vieira,ARZ
9531,baseball,Austin Adams,ATH
9532,baseball,Keynan Middleton,STL
9534,baseball,Nate Smith,LAA
9535,baseball,Jacob Hannemann,CHC
9536,baseball,Duane Underwood Jr.,PIT
9537,baseball,Kyle Farmer,ATL
9538,baseball,Chase De Jong,PIT
9539,baseball,Jacob Rhame,LAA
9540,baseball,Javy Guerra,TB
9541,baseball,Franchy Cordero,NYY
9543,baseball,Jose Ruiz,ATL
9544,baseball,Cam Gallagher,CLE
9546,baseball,Andrew Edwards,KC
9547,baseball,Jakob Junis,TEX
9548,baseball,Francisco Mejia,TB
9549,baseball,Mitch Garver,SEA
9550,baseball,Daniel Palka,CWS
9553,baseball,Felix Jorge,MIN
9555,baseball,Clay Holmes,CHC
9556,baseball,Eliezer Alvarez,TEX
9557,baseball,Edmundo Sosa,PHI
9558,baseball,Magneuris Sierra,LAA
9559,baseball,Rowan Wick,SF
9560,baseball,Dawel Lugo,DET
9561,baseball,Jack Reinheimer,MIN
9562,baseball,Ildemaro Vargas,ARZ
9563,baseball,Anthony Banda,MIN
9566,baseball,Andrew Knapp,SF
9567,baseball,Jesmuel Valentin,PHI
9568,baseball,Elniery Garcia,PHI
9569,baseball,Ricardo Pinto,PHI
9570,baseball,Nick Pivetta,SD
9572,baseball,Adam Engel,SD
9573,baseball,Jacob May,CWS
9574,baseball,Brad Goldberg,CWS
9576,baseball,Yairo Munoz,PHI
9577,baseball,Jaycob Brugman,BAL
9578,baseball,Paul Blackburn,NYY
9579,baseball,Bobby Wahl,LAD
9580,baseball,Barrett Astin,CIN
9581,baseball,Nick Travieso,CIN
9583,baseball,Drew Anderson,DET
9584,baseball,Rafael Bautista,WAS
9586,baseball,Glenn Sparkman,MIN
9587,baseball,Kevin Gadea,TB
9588,baseball,Aneury Tavarez,BOS
9589,baseball,Hoby Milner,SEA
9590,baseball,Dylan Covey,NYM
9591,baseball,Miguel Diaz,HOU
9592,baseball,Justin Haley,BOS
9593,baseball,Mike Hauschild,TOR
9595,baseball,Allen Cordoba,SD
9596,baseball,Tyler Jones,ARZ
9597,baseball,James Farris,COL
9599,baseball,Anthony Santander,TOR
9600,baseball,Luis Torrens,NYM
9601,baseball,Stuart Turner,CIN
9602,baseball,Andrew Suarez,STL
9603,baseball,Yeltsin Gudino,TOR
9604,baseball,Gunnar Heidt,TOR
9605,baseball,Edward Olivares,PIT
9607,baseball,David Bote,CHC
9608,baseball,Will Morris,PHI
9609,baseball,Luis Rengifo,SD
9610,baseball,David Berg,CHC
9611,baseball,Sam Bragg,ATH
9613,baseball,Roberto Gomez,SF
9614,baseball,Matt Whitehouse,CLE
9618,baseball,Trevor Kelley,TB
9619,baseball,Ty Buttrey,HOU
9620,baseball,Anyelo Leclerc,BOS
9621,baseball,DJ Baxendale,MIN
9622,baseball,Brian Anderson,ATL
9623,baseball,Isaac Galloway,MIA
9624,baseball,Matt Juengel,MIA
9627,baseball,Johmbeyker Morales,SEA
9628,baseball,Mel Rojas,ATL
9629,baseball,Dale Burdick,NYM
9630,baseball,Matt Oberste,NYM
9631,baseball,Blake Tiberi,NYM
9632,baseball,Gene Cone,NYM
9633,baseball,Ian Strom,NYM
9634,baseball,Reed Harper,ATL
9635,baseball,Evan Phillips,LAD
9636,baseball,Rafael Pineda,SEA
9637,baseball,Todd Isaacs,CLE
9638,baseball,Estarlin Arias,STL
9639,baseball,Yandy Diaz,TB
9640,baseball,Brock Stassi,MIN
9641,baseball,Ben Taylor,CLE
9642,baseball,Paul Sewald,TOR
9643,baseball,Casey Lawrence,SEA
9644,baseball,Joe Jimenez,ATL
9645,baseball,Parker Morin,KC
9646,baseball,Jordan Montgomery,TEX
9648,baseball,Mark Leiter Jr.,ATH
9649,baseball,Cody Bellinger,NYY
9650,baseball,Danny Ortiz,PHI
9652,baseball,Emilio Pagan,CIN
9654,baseball,Sam Gaviglio,TOR
9655,baseball,Ian Happ,CHC
9657,baseball,Hector Velazquez,HOU
9658,baseball,Paolo Espino,TOR
9659,baseball,Jordan Jankowski,LAD
9660,baseball,Sam Travis,TEX
9661,baseball,Dinelson Lamet,LAD
9662,baseball,Tyler Pill,ARZ
9664,baseball,John Brebbia,COL
9666,baseball,Paul DeJong,WAS
9667,baseball,Jason Wheeler,BAL
9668,baseball,Eric Skoglund,KC
9669,baseball,Austin Slater,TB
9670,baseball,Tyler Smith,ATL
9672,baseball,Fabio Castillo,LAD
9673,baseball,Seth Frankoff,ARZ
9674,baseball,Edgar Santana,ATL
9675,baseball,Jimmy Yacabonis,NYM
9676,baseball,Nik Turley,CWS
9677,baseball,Phil Maton,CHC
9678,baseball,Brandon Woodruff,MLW
9679,baseball,Daniel Gossett,ATH
9680,baseball,David Washington,BAL
9683,baseball,Matt Chapman,SF
9684,baseball,Michael Brady,MLW
9685,baseball,Alan Busenitz,CIN
9686,baseball,Max Povse,SEA
9687,baseball,Cam Perkins,SEA
9688,baseball,Andrew Moore,SEA
9689,baseball,Mark Zagunis,CHC
9690,baseball,Chasen Bradford,ATL
9691,baseball,Trevor Hildenberger,SF
9692,baseball,Ian Parmley,TOR
9694,baseball,Ryder Jones,SF
9695,baseball,Luke Voit,MLW
9696,baseball,Kevin Shackelford,CIN
9697,baseball,Tyler Wade,SD
9698,baseball,Mike Tauchman,CWS
9699,baseball,Adam Kolarek,LAA
9701,baseball,Alex Mejia,STL
9704,baseball,Luke Farrell,CIN
9705,baseball,Garrett Cooper,BOS
9706,baseball,Andrew Kittredge,BAL
9707,baseball,Andrew Stevenson,MIN
9708,baseball,Rafael Devers,SF
9709,baseball,Edward Paredes,LAD
9710,baseball,Harrison Bader,SF
9711,baseball,Kyle Lloyd,SD
9713,baseball,Aaron Bummer,KC
9714,baseball,Kyle McGrath,SD
9716,baseball,Jordan Luplow,MIN
9717,baseball,Troy Scribner,ARZ
9718,baseball,Pedro Beato,PHI
9719,baseball,Erick Fedde,CWS
9720,baseball,Nicky Delmonico,CWS
9721,baseball,Ozzie Albies,ATL
9722,baseball,J.D. Davis,LAA
9723,baseball,Taylor Cole,LAA
9725,baseball,Rhys Hoskins,CLE
9726,baseball,Ryan McMahon,NYY
9727,baseball,Chris Rowley,TEX
9728,baseball,Kevin McGowan,NYM
9730,baseball,Josh Lucas,BAL
9731,baseball,Nick Gardewine,TEX
9732,baseball,Yacksel Rios,CHC
9733,baseball,John Curtiss,ARZ
9734,baseball,A.J. Minter,MIN
9736,baseball,Angel Sanchez,
9737,baseball,Ryan Sherriff,BOS
9738,baseball,Zac Reininger,ATH
9740,baseball,Chad Wallach,LAA
9741,baseball,Travis Taijeron,LAD
9742,baseball,Tyler Mahle,ATL
9744,baseball,Greg Allen,BAL
9745,baseball,Jamie Callahan,NYM
9746,baseball,Carlos Ramirez,ATH
9747,baseball,Niko Goodrum,PIT
9748,baseball,Zach Vincej,SEA
9750,baseball,Jack Flaherty,DET
9751,baseball,Chance Sisco,NYM
9753,baseball,Andres Machado,WAS
9754,baseball,Sandy Alcantara,MIA
9757,baseball,Alex Verdugo,ATL
9758,baseball,Luis Santos,TOR
9761,baseball,Luiz Gohara,ATL
9763,baseball,Austin Hays,SD
9764,baseball,Walker Buehler,SD
9765,baseball,Victor Robles,SEA
9768,baseball,Willie Calhoun,LAA
9769,baseball,Gabriel Moya,MIN
9770,baseball,Jen-Ho Tseng,CHC
9771,baseball,Aaron Wilkerson,MLW
9772,baseball,Tanner Scott,LAD
9773,baseball,Tim Locastro,NYM
9774,baseball,Brent Honeywell Jr.,LAD
9775,baseball,Ronald Acuna Jr.,ATL
9776,baseball,Nick Senzel,CWS
9777,baseball,Scott Kingery,CHC
9778,baseball,Gleyber Torres,DET
9779,baseball,Michael Kopech,LAD
9780,baseball,Chance Adams,KC
9781,baseball,Brendan Rodgers,HOU
9782,baseball,Eloy Jimenez,TOR
9783,baseball,Austin Meadows,DET
9784,baseball,Mickey Moniak,COL
9785,baseball,Vladimir Guerrero Jr.,TOR
9786,baseball,Nick Gordon,MIA
9787,baseball,Kyle Tucker,LAD
9788,baseball,Jake Bauers,MLW
9789,baseball,Tyler O'Neill,BAL
9790,baseball,Kolby Allard,CLE
9791,baseball,Michael Soroka,ARZ
9792,baseball,A.J. Puk,ARZ
9793,baseball,Stephen Gonsalves,BOS
9794,baseball,Justus Sheffield,SEA
9795,baseball,Danny Jansen,TEX
9796,baseball,Zack Collins,CLE
9797,baseball,Chris Shaw,BAL
9799,baseball,Mitch Keller,PIT
9800,baseball,Corbin Burnes,ARZ
9801,baseball,Christin Stewart,DET
9802,baseball,Mauricio Dubon,ATL
9803,baseball,Cole Tucker,LAA
9804,baseball,Rogelio Armenteros,WAS
9805,baseball,Patrick Wisdom,SEA
9806,baseball,Yonny Chirinos,MIA
9807,baseball,Ryan Yarbrough,NYY
9808,baseball,Roeman Fields,TOR
9809,baseball,Brandon Dixon,SD
9810,baseball,Shohei Ohtani,LAD
9815,baseball,Miguel Del Pozo,DET
9816,baseball,Ronny Rodriguez,MLW
9817,baseball,Forrest Whitley,TB
9818,baseball,Michael Chavis,WAS
9819,baseball,Miles Mikolas,WAS
9820,baseball,Bo Bichette,NYM
9821,baseball,Austin Riley,ATL
9822,baseball,Bobby Bradley,CLE
9824,baseball,Ryan O'Hearn,PIT
9825,baseball,Luis F. Ortiz,PHI
9826,baseball,Yadier Alvarez,LAD
9827,baseball,Tom Eshelman,PHI
9828,baseball,Austin Wynns,TEX
9829,baseball,Jay Groome,SD
9830,baseball,Noel Cuevas,COL
9831,baseball,Eric Haase,SF
9832,baseball,Wander Suero,NYM
9833,baseball,Jalen Beeks,TEX
9834,baseball,Chandler Shepherd,BAL
9836,baseball,Luis Alexander Basabe,SF
9837,baseball,Ian Clarkin,COL
9838,baseball,Seranthony Dominguez,SEA
9839,baseball,Franklyn Kilome,NYM
9840,baseball,Ranger Suarez,BOS
9841,baseball,Jose Taveras,PHI
9842,baseball,Chris Rabago,COL
9843,baseball,Yonathan Daza,COL
9844,baseball,Sam Howard,DET
9845,baseball,Jesus Tinoco,MIA
9846,baseball,Oscar Mercado,STL
9847,baseball,Austin Gomber,COL
9848,baseball,Derian Gonzalez,ATL
9852,baseball,Jaime Barria,LAA
9853,baseball,Jesus Castillo,LAA
9854,baseball,Jake Jewell,MIN
9855,baseball,David Hess,TB
9856,baseball,Willi Castro,COL
9857,baseball,Yu Chang,BOS
9858,baseball,Eric Stamets,COL
9859,baseball,Julian Merryweather,CHC
9860,baseball,Zack Littell,ARZ
9862,baseball,Jose Trevino,CIN
9863,baseball,Isiah Kiner-Falefa,BOS
9864,baseball,Jonathan Hernandez,LAD
9869,baseball,Cionel Perez,NYM
9870,baseball,Luis Guillorme,HOU
9871,baseball,Tyler Bashlor,PIT
9874,baseball,Braxton Lee,MIA
9875,baseball,Merandy Gonzalez,STL
9876,baseball,Pablo Lopez,MIN
9877,baseball,James Needy,MIA
9880,baseball,Rowdy Tellez,ATL
9882,baseball,Thomas Pannone,MLW
9884,baseball,Heath Fillmyer,KC
9885,baseball,Lou Trivino III,PHI
9886,baseball,Adbert Alzolay,CHC
9887,baseball,Oscar De La Cruz,CHC
9888,baseball,Grayson Greiner,ARZ
9889,baseball,Sergio Alcantara,ARZ
9890,baseball,Eduardo Jimenez,DET
9891,baseball,Gerson Moreno,DET
9892,baseball,Gregory Soto,PIT
9893,baseball,Spencer Turnbull,TOR
9894,baseball,Thairo Estrada,COL
9895,baseball,Albert Abreu,NYY
9896,baseball,Domingo Acevedo,ATH
9897,baseball,Jonathan Loaisiga,ARZ
9898,baseball,Aramis Garcia,ARZ
9899,baseball,Tyler Beede,CLE
9901,baseball,D.J. Snelten,TB
9902,baseball,Justin Williams,STL
9903,baseball,Diego Castillo,MIN
9904,baseball,Jose Mujica,COL
9907,baseball,Jose Siri,LAA
9908,baseball,Jose Lopez,CIN
9909,baseball,Jesus Reyes,CIN
9910,baseball,Zack Weiss,MIN
9911,baseball,Jose Castillo,NYM
9914,baseball,Marcos Diplan,BAL
9915,baseball,Freddy Peralta,TB
9916,baseball,Trevor Oaks,SF
9917,baseball,Dennis Santana,ARZ
9918,baseball,Colten Brewer,CHC
9919,baseball,Ramon Laureano,SD
9921,baseball,Lucas Erceg,KC
9922,baseball,Luis Urias,TOR
9923,baseball,Scott Barlow,ATH
9925,baseball,Franklin Perez,DET
9926,baseball,Brett Graves,MIA
9927,baseball,Elieser Hernandez,ATL
9928,baseball,Anyelo Gomez,NYY
9929,baseball,Mike Ford,CIN
9930,baseball,Jordan Milbrath,CLE
9931,baseball,Luke Bard,NYY
9934,baseball,Nestor Cortes,PHI
9935,baseball,Jose Mesa,BAL
9936,baseball,Brad Keller,PHI
9937,baseball,Julian Fernandez,WAS
9938,baseball,Tyler Kinley,DET
9939,baseball,Carlos Tocci,TEX
9940,baseball,Brallan Perez,ATH
9941,baseball,Yermin Mercedes,SF
9942,baseball,Mitch Nay,CIN
9943,baseball,Andrew Ely,NYM
9944,baseball,Zac Gallen,ARZ
9946,baseball,Max Schrock,CIN
9947,baseball,Steven Duggar,LAA
9948,baseball,Fernando Tatis Jr.,SD
9950,baseball,Erick Mejia,KC
9951,baseball,Trevor Richards,CWS
9952,baseball,Joey Lucchesi,LAA
9953,baseball,Mitch White,MLW
9954,baseball,Michel Baez,SD
9955,baseball,Edwin Rios,CIN
9956,baseball,Jon Duplantier,ARZ
9957,baseball,Jordan Hicks,CWS
9958,baseball,Luis Robert Jr.,BAL
9959,baseball,Cal Quantrill,TEX
9960,baseball,Ryan Borucki,SF
9961,baseball,Frank Schwindel,CHC
9964,baseball,Adolis Garcia,PHI
9965,baseball,Triston McKenzie,CLE
9966,baseball,Jesus Pirela,TEX
9967,baseball,Nick Solak,SD
9968,baseball,Ryne Birk,HOU
9969,baseball,Antonio Nunez,HOU
9971,baseball,Zach Borenstein,NYM
9972,baseball,Jake Peter,LAD
9973,baseball,MacKenzie Gore,TEX
9974,baseball,Michael Kelly,ATH
9977,baseball,Ryan Mountcastle,BAL
9978,baseball,Ryan Carpenter,DET
9979,baseball,Meibrys Viloria,CLE
9980,baseball,Tim Hill,NYY
9983,baseball,Garrett Hampson,STL
9985,baseball,Seby Zavala,SEA
9986,baseball,John Schreiber,NYY
9987,baseball,Vidal Brujan,NYM
9988,baseball,Carl Chester,TB
9989,baseball,Sean Keselica,PIT
9990,baseball,Kevin Kramer,PIT
9992,baseball,Stephen Gaylor,ATL
9993,baseball,Zach McKinstry,DET
9994,baseball,Donovan Casey,WAS
9995,baseball,Corey Copping,LAD
9996,baseball,Luis Gonzalez,SF
9997,baseball,Louis Silverio,CWS
9998,baseball,Ruben Castro,HOU
9999,baseball,Marcos Almonte,HOU
10000,baseball,Osvaldo Duarte,HOU
10001,baseball,Abraham Toro,BOS
10002,baseball,Shane Opitz,MLW
10004,baseball,Devin Hairston,MLW
10005,baseball,Samuel Miranda,BOS
10006,baseball,Lorenzo Quintana,HOU
10007,baseball,Chas McCormick,HOU
10008,baseball,Miguelangel Sierra,HOU
10009,baseball,Ashley Graeter,COL
10010,baseball,Correlle Prime,COL
10012,baseball,J.P. Martinez,ATL
10013,baseball,Jihwan Bae,MLW
10014,baseball,Kyle Watson,PIT
10015,baseball,Danny Young,ATL
10016,baseball,Adam Cimber,LAA
10017,baseball,DJ Stewart,PIT
10019,baseball,Bobby Poyner,BOS
10020,baseball,Tanner Rainey,DET
10022,baseball,Harrison Musgrave,COL
10023,baseball,Justin Anderson,CWS
10024,baseball,Eric Lauer,LAD
10025,baseball,Jason Adam,SD
10026,baseball,P.J. Conlon,NYM
10029,baseball,Franmil Reyes,KC
10030,baseball,Juan Soto,NYM
10031,baseball,Jose Briceno,COL
10032,baseball,Ryan Bollinger,NYY
10033,baseball,John Andreoli,SD
10034,baseball,Dereck Rodriguez,ATL
10035,baseball,Dustin Peterson,MLW
10037,baseball,Tim Peterson,NYM
10038,baseball,Shane Bieber,TOR
10039,baseball,Nick Martini,COL
10040,baseball,Ben Meyer,COL
10041,baseball,Caleb Ferguson,STL
10042,baseball,Jerry Vasto,CHC
10044,baseball,Austin Davis,SD
10045,baseball,Stevie Wilkerson,BAL
10047,baseball,Drew Smith,NYM
10048,baseball,Robert Stock,NYM
10049,baseball,Wes Parsons,CLE
10051,baseball,Willians Astudillo,MIA
10052,baseball,Ryan Meisinger,LAD
10054,baseball,Joey Krehbiel,BAL
10055,baseball,Alex McRae,CWS
10058,baseball,Enyel De Los Santos,HOU
10059,baseball,Jeremy Bleich,ATH
10060,baseball,Matt Festa,CLE
10061,baseball,Jeff McNeil,ATH
10062,baseball,Michael Perez,NYM
10064,baseball,Dakota Hudson,COL
10066,baseball,Cody Carroll,BAL
10067,baseball,Jeffrey Springs,ATH
10068,baseball,Brandon Lowe,PIT
10069,baseball,Trey Wingenter,CHC
10070,baseball,Brett Kennedy,CIN
10071,baseball,Chad Sobotka,MLW
10072,baseball,Cedric Mullins,TB
10073,baseball,Jacob Nix,SD
10074,baseball,Sean Reid-Foley,NYM
10075,baseball,Osmer Morales,LAA
10076,baseball,Taylor Ward,SEA
10078,baseball,Kevin Newman,LAA
10079,baseball,Daniel Zamora,SEA
10080,baseball,Jake Newberry,KC
10081,baseball,Justin Shafer,MIA
10082,baseball,Bryse Wilson,MLW
10083,baseball,Framber Valdez,DET
10084,baseball,Ryan Burr,TOR
10086,baseball,Josh Rogers,COL
10087,baseball,Ian Hamilton,ATL
10088,baseball,Andrew Vasquez,DET
10090,baseball,Stephen Tarpley,NYM
10092,baseball,Jeff Brigham,ARZ
10093,baseball,Kyle Wright,KC
10094,baseball,Jose Fernandez,DET
10095,baseball,Beau Taylor,CIN
10098,baseball,Pablo Reyes,NYY
10099,baseball,Andrew Velazquez,KC
10102,baseball,Abiatal Avelino,SF
10103,baseball,Jonathan Davis,MIA
10105,baseball,Joe Hudson,NYM
10106,baseball,C.D. Pelham,CHC
10108,baseball,Matt Hall,BOS
10109,baseball,Myles Straw,TOR
10110,baseball,Sherman Johnson,CIN
10111,baseball,Harold Castro,COL
10112,baseball,John Means,CLE
10113,baseball,Jon Berti,CHC
10114,baseball,Tyrone Taylor,CHC
10116,baseball,Joey Curletta,BOS
10117,baseball,Aaron Bracho,CLE
10118,baseball,Adam Hall,BAL
10119,baseball,Adam Haseley,CWS
10120,baseball,Adam Kloffenstein,STL
10121,baseball,Adonis Medina,NYM
10123,baseball,Adrian Morejon,SD
10124,baseball,Akil Baddoo,MLW
10125,baseball,Alec Bohm,PHI
10126,baseball,Alek Thomas,LAD
10127,baseball,Alex Faedo,TB
10128,baseball,Alex Kirilloff,MIN
10129,baseball,Alexander Canario,PIT
10131,baseball,Anderson Espinoza,CHC
10133,baseball,Andres Gimenez,TOR
10134,baseball,Andres Munoz,SEA
10135,baseball,Andrew Knizner,SF
10136,baseball,Anthony Seigler,BOS
10137,baseball,Antoni Flores,BOS
10138,baseball,Austin Allen,ATH
10139,baseball,Austin Beck,ATH
10140,baseball,Blake Rutherford,WAS
10142,baseball,Blaze Alexander,BAL
10143,baseball,Bo Naylor,MLW
10144,baseball,Bobby Dalbec,CWS
10145,baseball,Brady Singer,CIN
10146,baseball,Brandon Marsh,PHI
10147,baseball,Braxton Garrett,CHC
10148,baseball,Brendan McKay,TB
10149,baseball,Brent Rooker,ATH
10151,baseball,Brice Turang,MLW
10152,baseball,Brusdar Graterol,LAD
10153,baseball,Bryan Reynolds,PIT
10154,baseball,Bubba Thompson,CIN
10155,baseball,Cal Mitchell,PIT
10156,baseball,Carlos Hernandez,CLE
10157,baseball,Carlos Rodriguez,ATL
10158,baseball,Carlos Vargas,SEA
10159,baseball,Casey Mize,SD
10160,baseball,Cavan Biggio,KC
10161,baseball,Chris Paddack,TEX
10163,baseball,Chris Seise,TEX
10164,baseball,Christopher Torres,MIA
10165,baseball,Clarke Schmidt,NYY
10166,baseball,Cole Ragans,KC
10167,baseball,Cole Winn,TEX
10169,baseball,Connor Scott,MIA
10170,baseball,Corbin Martin,CHC
10171,baseball,Corey Ray,MLW
10172,baseball,Cristian Pache,NYM
10173,baseball,Cristian Santana,LAD
10174,baseball,Dane Dunning,ATL
10175,baseball,Daniel Johnson,HOU
10176,baseball,Daniel Lynch IV,KC
10177,baseball,Danny Diaz,BOS
10178,baseball,Darwinzon Hernandez,BAL
10179,baseball,Daulton Jefferies,PIT
10180,baseball,Daulton Varsho,HOU
10181,baseball,David Peterson,CHC
10182,baseball,Daz Cameron,TOR
10183,baseball,Dean Kremer,MIN
10184,baseball,Deivi Garcia,CWS
10185,baseball,Demi Orimoloye,TOR
10186,baseball,Dermis Garcia,ATH
10187,baseball,DL Hall,MLW
10188,baseball,Drew Waters,KC
10189,baseball,Dustin May,MLW
10190,baseball,Dylan Carlson,CHC
10191,baseball,Dylan Cease,TOR
10193,baseball,Esteury Ruiz,MIA
10194,baseball,Estevan Florial,CLE
10195,baseball,Ethan Hankins,CLE
10196,baseball,Evan White,ATL
10197,baseball,Everson Pereira,STL
10198,baseball,Francisco Morales,PHI
10200,baseball,Gabriel Arias,CHC
10201,baseball,Garrett Stubbs,PHI
10202,baseball,Garrett Whitley,TB
10203,baseball,Gavin Lux,TB
10204,baseball,Gavin Sheets,SD
10205,baseball,George Valera,CLE
10206,baseball,Grant Lavigne,COL
10207,baseball,Grayson Rodriguez,LAA
10208,baseball,Greyson Jenista,ATL
10209,baseball,Griffin Canning,SD
10210,baseball,Griffin Conine,MIA
10211,baseball,Hans Crouse,LAA
10212,baseball,Hector Perez,TB
10213,baseball,Heliot Ramos,NYY
10214,baseball,Huascar Ynoa,ATL
10216,baseball,Hunter Greene,CIN
10217,baseball,Ian Anderson,ATL
10218,baseball,Isaac Paredes,HOU
10219,baseball,Isan Diaz,DET
10220,baseball,Ivan Herrera,STL
10221,baseball,JB Bukauskas,MLW
10222,baseball,Jackson Kowar,BAL
10223,baseball,Jahmai Jones,BOS
10224,baseball,Jake Burger,TEX
10225,baseball,Jake Fraley,TB
10226,baseball,Jake McCarthy,COL
10227,baseball,Jameson Hannah,COL
10228,baseball,Jamie Westbrook,BOS
10229,baseball,Jared Oliva,NYM
10230,baseball,Jarred Kelenic,TEX
10231,baseball,Jazz Chisholm Jr.,NYY
10232,baseball,Je'Von Ward,MLW
10233,baseball,Jeisson Rosario,NYY
10234,baseball,Jeremiah Jackson,BAL
10235,baseball,Jesus Luzardo,PHI
10236,baseball,Jesus Sanchez,TOR
10237,baseball,Jeter Downs,NYY
10238,baseball,Jhailyn Ortiz,PHI
10239,baseball,Jhoan Duran,PHI
10240,baseball,Jhon Torres,STL
10241,baseball,Jo Adell,CLE
10242,baseball,Joe Gray,MLW
10243,baseball,Joe McCarthy,SF
10244,baseball,Joe Perez,HOU
10245,baseball,Joey Bart,CWS
10246,baseball,Joey Wentz,ATL
10247,baseball,Johnathan Rodriguez,ATH
10248,baseball,Jonathan India,KC
10249,baseball,Jonathan Ornelas,MLW
10250,baseball,Jordan Groshans,ATH
10252,baseball,Jordyn Adams,BAL
10253,baseball,Jose Miranda,MIN
10254,baseball,Josh Lowe,LAA
10255,baseball,Josh Naylor,SEA
10257,baseball,Josh Staumont,MIN
10258,baseball,Josh Stowers,TEX
10259,baseball,Josiah Gray,WAS
10260,baseball,Julio Rodriguez,SEA
10261,baseball,Justin Dunn,CIN
10262,baseball,Ke'Bryan Hayes,CIN
10263,baseball,Keibert Ruiz,WAS
10264,baseball,Keston Hiura,COL
10265,baseball,Kevin Smith,NYY
10266,baseball,Khalil Lee,NYM
10267,baseball,Kristian Robinson,ARZ
10268,baseball,Kyle Lewis,ARZ
10269,baseball,Kyle Muller,ATH
10270,baseball,Kyler Murray,ATH
10271,baseball,LaMonte Wade Jr.,HOU
10272,baseball,Lazaro Armenteros,ATH
10273,baseball,Lenny Torres Jr.,CLE
10274,baseball,Leody Taveras,BAL
10275,baseball,Livan Soto,BAL
10276,baseball,Logan Allen,ARZ
10277,baseball,Lolo Sanchez,PIT
10278,baseball,Lucius Fox,WAS
10279,baseball,Luis Garcia Jr.,NYY
10280,baseball,Luis Medina,ATH
10281,baseball,Marcos Gonzalez,CLE
10282,baseball,Mark Vientos,NYM
10283,baseball,Mason Denaburg,WAS
10284,baseball,Mason Thompson,WAS
10285,baseball,Matt Manning,PHI
10286,baseball,Matt Thaiss,TB
10287,baseball,Matthew Liberatore,STL
10288,baseball,Mc Gregory Contreras,TOR
10289,baseball,Michael King,SD
10290,baseball,Miguel Amaya,CHC
10291,baseball,Miguel Hiraldo,TOR
10292,baseball,Michael Siani,BAL
10293,baseball,MJ Melendez,NYM
10295,baseball,Nate Pearson,KC
10296,baseball,Nathaniel Lowe,CLE
10297,baseball,Nick Madrigal,LAA
10298,baseball,Nick Neidert,MIA
10299,baseball,Nick Pratto,KC
10300,baseball,Nick Schnell,TB
10301,baseball,Nicky Lopez,TEX
10302,baseball,Nico Hoerner,CHC
10303,baseball,Nolan Gorman,STL
10304,baseball,Nolan Jones,CLE
10305,baseball,Oneil Cruz,PIT
10306,baseball,Oscar Gonzalez,SD
10307,baseball,Parker Meadows,DET
10308,baseball,Patrick Sandoval,BOS
10309,baseball,Pavin Smith,ARZ
10310,baseball,Pedro Avila,CLE
10311,baseball,Pedro Gonzalez,TEX
10312,baseball,Pete Alonso,BAL
10313,baseball,Quentin Holmes,CLE
10314,baseball,Raynel Delgado,HOU
10315,baseball,Resly Linares,TB
10316,baseball,Richie Martin,TEX
10318,baseball,Ronny Mauricio,NYM
10319,baseball,Royce Lewis,MIN
10320,baseball,Ryan Boldt,TB
10321,baseball,Ryan Helsley,BAL
10322,baseball,Ryan Noda,BAL
10323,baseball,Ryan Rolison,CHC
10324,baseball,Ryan Vilade,TB
10325,baseball,Ryan Weathers,NYY
10326,baseball,Sam Hentges,SF
10327,baseball,Sean Murphy,ATL
10328,baseball,Seth Beer,ARZ
10330,baseball,Seuly Matias,KC
10331,baseball,Shane Baz,BAL
10332,baseball,Shane McClanahan,TB
10333,baseball,Shaun Anderson,LAA
10334,baseball,Sherten Apostel,TEX
10335,baseball,Simeon Woods Richardson,TOR
10336,baseball,Sixto Sanchez,MIA
10337,baseball,Spencer Howard,CLE
10338,baseball,Taylor Hearn,KC
10339,baseball,Taylor Trammell,HOU
10340,baseball,Taylor Widener,ARZ
10341,baseball,Telmito Agustin,WAS
10342,baseball,Thomas Szapucki,SF
10343,baseball,Tirso Ornelas,SD
10344,baseball,TJ Friedl,CIN
10345,baseball,Tobias Myers,NYM
10346,baseball,Tony Gonsolin,KC
10347,baseball,Tony Santillan,CIN
10348,baseball,Travis Swaggerty,PIT
10349,baseball,Trent Deveaux,LAA
10350,baseball,Trevor Larnach,MIN
10351,baseball,Trevor Rogers,BAL
10352,baseball,Tristan Beck,SF
10353,baseball,Tristan Pompey,MIA
10354,baseball,Tristen Lutz,MLW
10355,baseball,Triston Casas,BOS
10356,baseball,Tyler Freeman,COL
10357,baseball,Tyler Nevin,ATH
10358,baseball,Tyler Stephenson,CIN
10360,baseball,Wander Franco,TB
10362,baseball,Will Benson,CIN
10363,baseball,Will Smith,LAD
10364,baseball,William Contreras,MLW
10365,baseball,Xavier Edwards,MIA
10367,baseball,Yordan Alvarez,HOU
10369,baseball,Yusniel Diaz,BAL
10370,baseball,Zack Brown,MLW
10372,baseball,Aaron Ashby,MLW
10379,baseball,Brayan Rocchio,CLE
10380,baseball,Brennen Davis,SEA
10381,baseball,Bryan Abreu,HOU
10382,baseball,Buddy Kennedy,SF
10383,baseball,Cal Stevenson,PHI
10384,baseball,Carlos Rincon,LAD
10388,baseball,DaShawn Keirsey Jr.,ATL
10389,baseball,Diego Cartaya,MIN
10392,baseball,Elehuris Montero,COL
10393,baseball,Elvin Rodriguez,ARZ
10394,baseball,Emilio Vargas,CWS
10397,baseball,Geraldo Perdomo,ARZ
10398,baseball,Jacob Amaya,CWS
10401,baseball,Joey Cantillo,CLE
10403,baseball,Jordan Balazovic,MIN
10406,baseball,Kevin Alcantara,CHC
10408,baseball,Kyle Isbel,KC
10410,baseball,Luis Oviedo,CLE
10411,baseball,Luis Patino,SD
10413,baseball,Malcom Nunez,STL
10415,baseball,Marco Luciano,NYY
10416,baseball,Mauricio Llovera,SEA
10417,baseball,Miguel Vargas,CWS
10419,baseball,Noelvi Marte,CIN
10420,baseball,Orelvis Martinez,TOR
10422,baseball,Otto Lopez,MIA
10423,baseball,Owen Miller,CHC
10425,baseball,Richie Palacios,TB
10426,baseball,Roansy Contreras,COL
10429,baseball,Terrin Vavra,BAL
10430,baseball,Tucupita Marcano,SD
10432,baseball,Tyler Ivey,HOU
10434,baseball,Wenceel Perez,DET
10438,baseball,Yusei Kikuchi,LAA
10440,baseball,R.J. Alaniz,CIN
10441,baseball,Braden Bishop,SF
10442,baseball,Jacob Webb,CHC
10443,baseball,Patrick Weigel,MLW
10444,baseball,Dylan Moore,PHI
10445,baseball,Ramon Urias,STL
10446,baseball,Lane Thomas,ATL
10447,baseball,Genesis Cabrera,MIN
10448,baseball,Taylor Clarke,ARZ
10449,baseball,Erik Swanson,TOR
10450,baseball,Kodi Medeiros,CWS
10451,baseball,Jordan Stephens,CLE
10452,baseball,Scott Blewett,ATH
10454,baseball,Arquimedes Gamboa,PHI
10455,baseball,Edgar Garcia,MIN
10457,baseball,Sam Hilliard,COL
10458,baseball,Ryan Castellani,ATH
10459,baseball,Dillon Tate,TOR
10460,baseball,Travis Lakins Sr.,BAL
10461,baseball,Josh Taylor,KC
10463,baseball,Jordan Holloway,MIA
10465,baseball,Jose Quijada,LAA
10466,baseball,Luis Barrera,ATH
10467,baseball,Skye Bolt,ATH
10468,baseball,Grant Holmes,ATL
10469,baseball,James Kaprielian,ATH
10470,baseball,Jose Suarez,ATH
10471,baseball,J.C. Mejia,MLW
10473,baseball,Trey Supak,TEX
10474,baseball,Nick Anderson,COL
10475,baseball,Jason Martin,TEX
10476,baseball,JT Brubaker,SF
10477,baseball,Justin Steele,CHC
10478,baseball,Melvin Adon,SF
10479,baseball,Sam Coonrod,NYM
10480,baseball,Logan Webb,SF
10481,baseball,Luis Arraez,PHI
10482,baseball,Kyle Bird,TEX
10483,baseball,Brock Burke,CIN
10484,baseball,Ian Gibaut,CIN
10485,baseball,Ty France,SD
10486,baseball,Matt Beaty,KC
10487,baseball,Josh Sborz,TEX
10488,baseball,Gerardo Reyes,ATH
10491,baseball,Wei-Chieh Huang,TEX
10492,baseball,Yennsy Diaz,NYM
10493,baseball,Patrick Murphy,WAS
10494,baseball,Trent Thornton,CHC
10495,baseball,Jacob Waguespack,DET
10496,baseball,Joel Payamps,ATL
10497,baseball,Bo Takahashi,CIN
10499,baseball,Justin Lawrence,WAS
10500,baseball,Denyi Reyes,NYM
10501,baseball,Jimmy Herget,COL
10502,baseball,Colin Poche,NYM
10504,baseball,Zack Burdi,LAD
10505,baseball,Carter Kieboom,LAA
10506,baseball,Merrill Kelly,ARZ
10507,baseball,James Bourque,CHC
10508,baseball,Riley Ferrell,HOU
10509,baseball,Elvis Luciano,TOR
10510,baseball,Nick Green,NYY
10511,baseball,Reed Garrett,NYM
10512,baseball,Drew Jackson,ATH
10513,baseball,Chris Ellis,BAL
10514,baseball,Sam McWilliams,SD
10515,baseball,Drew Ferguson,HOU
10516,baseball,Travis Bergen,TOR
10517,baseball,Connor Joe,SEA
10518,baseball,Jordan Romano,COL
10519,baseball,Kyle Dowdy,CIN
10520,baseball,Alex Call,LAD
10522,baseball,Luis Lugo,CHC
10523,baseball,Durbin Feltman,BOS
10524,baseball,Keegan Akin,BAL
10525,baseball,Richard Lovelady,WAS
10526,baseball,Tommy Eveld,MIA
10527,baseball,Cole Irvin,LAD
10528,baseball,JoJo Romero,MLW
10531,baseball,Jake Rogers,CWS
10532,baseball,Griffin Benson,ATL
10533,baseball,AJ Graffanino,ATL
10534,baseball,Riley Unroe,ATL
10535,baseball,Tyler Neslony,ATL
10536,baseball,Mitchell Kranson,MIN
10537,baseball,Jordan Gore,MIN
10538,baseball,Alex Perez,MIN
10539,baseball,Jimmy Kerrigan,MIN
10540,baseball,Mike Kaelin,LAA
10541,baseball,Jordan Wren,BOS
10542,baseball,Garrison Schwartz,ATL
10543,baseball,Zac Ryan,LAA
10545,baseball,Gosuke Katoh,NYM
10546,baseball,Josh Lester,BAL
10547,baseball,Spenser Watkins,ATH
10548,baseball,Aaron Fossas,CIN
10550,baseball,Gabriel Garcia,MLW
10551,baseball,Antonio Pinero,MLW
10553,baseball,Leonel Valera,LAD
10554,baseball,Jake Scheiner,PHI
10555,baseball,Seth McGarry,PHI
10556,baseball,Nick Dunn,STL
10557,baseball,Scott Hurst,STL
10559,baseball,Brett Hanewich,LAA
10560,baseball,Lucas Long,BAL
10561,baseball,Jefrey Ramos,ATL
10562,baseball,Justin Lopez,SD
10563,baseball,Agustin Ruiz,SD
10565,baseball,Kirby Bellow,ARZ
10566,baseball,Jay Flaa,ATL
10567,baseball,Angelo Castellano,KC
10568,baseball,Austin Rei,BOS
10569,baseball,Tommy Edman,LAD
10570,baseball,Tyler Depreta-Johnson,TEX
10571,baseball,Franklin Rollin,TEX
10572,baseball,Preston Scott,TEX
10574,baseball,Jason Alexander,HOU
10575,baseball,Elvis Perez,CLE
10576,baseball,David MacKinnon,ATH
10577,baseball,Jake Brodt,TOR
10578,baseball,Luis De Los Santos,NYM
10579,baseball,Brandon Grudzielanek,TOR
10580,baseball,Rodrigo Orozco,TOR
10581,baseball,Christian Williams,TOR
10582,baseball,Ty Tice,ARZ
10583,baseball,Brandon Wagner,NYY
10584,baseball,Devyn Bolasky,NYY
10585,baseball,Greg Weissert,BOS
10586,baseball,DJ Jenkins,LAA
10588,baseball,Matt Solter,CLE
10589,baseball,Peter Lambert,HOU
10590,baseball,Chris Baker,SD
10591,baseball,Camden Duzenack,ARZ
10592,baseball,Jonah Todd,LAA
10593,baseball,Ruben Cardenas,CLE
10594,baseball,Jared Robinson,CLE
10595,baseball,Matthew Batten,SD
10596,baseball,Dylan Burdeaux,DET
10597,baseball,Will Maddox,DET
10598,baseball,Kyle Overstreet,SD
10600,baseball,Brandt Stallings,CIN
10601,baseball,Chavez Young,TOR
10602,baseball,Brooks Kriske,ATH
10603,baseball,Zach Houchins,LAA
10604,baseball,Isaac Mattson,PIT
10605,baseball,Max Herrmann,LAA
10606,baseball,Nate Griep,COL
10607,baseball,Brock Lundquist,TOR
10608,baseball,Michael Helman,TEX
10609,baseball,Adrian De Horta,TB
10610,baseball,Jose Rodriguez,SEA
10611,baseball,Jake Noll,WAS
10612,baseball,Nick Margevicius,SEA
10613,baseball,David McKay,ATH
10614,baseball,Matt Wotherspoon,BAL
10615,baseball,Matt Ramsey,LAA
10616,baseball,Josh VanMeter,PIT
10618,baseball,Anthony Bemboom,BAL
10619,baseball,Nick Ramirez,LAD
10620,baseball,Parker Markel,CWS
10621,baseball,Jared Walsh,TEX
10622,baseball,Kyle Garlick,MIN
10623,baseball,Geoff Hartlieb,ATH
10624,baseball,Josh D. Smith,MIA
10626,baseball,Mike Yastrzemski,ATL
10627,baseball,Jack Mayfield,LAA
10628,baseball,Devin Smeltzer,MIA
10629,baseball,Zach Plesac,LAA
10630,baseball,Mike Shawaryn,BOS
10631,baseball,Tayler Scott,HOU
10632,baseball,Phillips Valdez,SEA
10634,baseball,Pete Fairbanks,MIA
10635,baseball,Phillip Diehl,CIN
10636,baseball,Stephen Nogosek,NYM
10637,baseball,Sean Poppen,SD
10638,baseball,Locke St. John,NYM
10640,baseball,Aaron Civale,CHC
10641,baseball,Mike Brosseau,MLW
10642,baseball,Chris Mazza,TB
10644,baseball,Alex Young,NYM
10645,baseball,Jose Urquidy,CWS
10646,baseball,Tyler Alexander,TEX
10647,baseball,Robel Garcia,HOU
10648,baseball,Pedro Payano,NYM
10650,baseball,Zach Green,SF
10651,baseball,Conner Menez,CHC
10652,baseball,Cody Stashak,MIN
10653,baseball,Tim Lopes,MLW
10654,baseball,Jeremy Walker,SF
10656,baseball,Zac Grotz,SEA
10657,baseball,Sam Selman,ATH
10658,baseball,Trent Grisham,NYY
10659,baseball,Travis Demeritte,ATL
10660,baseball,Reggie McClain,NYY
10661,baseball,Emmanuel Clase,CLE
10662,baseball,Kevin Ginkel,ARZ
10663,baseball,Robert Dugger,CIN
10665,baseball,Devin Williams,NYM
10666,baseball,Junior Fernandez,TOR
10667,baseball,Randy Dobnak,KC
10668,baseball,Nick Dini,KC
10669,baseball,Brady Lail,PHI
10670,baseball,Josh Rojas,KC
10671,baseball,Randy Arozarena,SEA
10672,baseball,Adonis Rosa,NYY
10673,baseball,Dom Nunez,CLE
10674,baseball,Taylor Guilbeau,ARZ
10675,baseball,Joel Kuhnel,MLW
10677,baseball,Seth Brown,ATH
10678,baseball,Rico Garcia,BAL
10679,baseball,Bryan Garcia,DET
10680,baseball,Ian Miller,CHC
10681,baseball,David Bednar,NYY
10682,baseball,Deivy Grullon,TB
10683,baseball,Sam Haggerty,TEX
10684,baseball,Cole Sulser,TB
10685,baseball,Ronald Bolanos,KC
10686,baseball,Danny Mendick,CWS
10688,baseball,Gabe Speier,SEA
10689,baseball,T.J. Zeuch,CIN
10690,baseball,Seth Mejias-Brean,SD
10691,baseball,Tyler Heineman,LAA
10692,baseball,Jaylin Davis,BOS
10694,baseball,Anthony Kay,CWS
10695,baseball,James Marvel,PIT
10696,baseball,Tres Barrera,STL
10697,baseball,Donovan Walton,ATH
10698,baseball,Art Warren,CIN
10699,baseball,Johnny Davis,TB
10700,baseball,James Karinchak,ATL
10701,baseball,Jorge Alcala,STL
10702,baseball,Enderson Franco,SF
10703,baseball,Victor Gonzalez,NYY
10704,baseball,Adley Rutschman,BOS
10705,baseball,Jonah Heim,ATH
10706,baseball,Angel Perdomo,ATH
10707,baseball,Kent Emanuel,CIN
10708,baseball,Blake Taylor,HOU
10709,baseball,Yoshi Tsutsugo,SF
10710,baseball,Shogo Akiyama,CIN
10711,baseball,Tarik Skubal,LAD
10712,baseball,Logan Gilbert,SEA
10714,baseball,Derek Hill,PHI
10715,baseball,Tucker Davidson,BAL
10717,baseball,Cristian Javier,HOU
10718,baseball,Lewin Diaz,BAL
10719,baseball,Damon Jones,PHI
10721,baseball,Edward Cabrera,CHC
10722,baseball,Shun Yamaguchi,SF
10723,baseball,Kodi Whitley,STL
10724,baseball,Ka'ai Tom,SF
10725,baseball,Tyler Rogers,TOR
10726,baseball,Jasseel De La Cruz,ATL
10727,baseball,Phil Pfeifer,SF
10728,baseball,Bernardo Flores Jr.,COL
10729,baseball,Matt Foster,CWS
10730,baseball,Jimmy Lambert,CWS
10731,baseball,Ryan McKenna,SF
10732,baseball,Ben Braymer,WAS
10733,baseball,Demarcus Evans,TEX
10734,baseball,Tyler Phillips,MIA
10735,baseball,Taylor Jones,SF
10737,baseball,Enoli Paredes,CHC
10739,baseball,Wyatt Mathisen,SEA
10741,baseball,Ben Bowden,ATH
10742,baseball,Ashton Goudeau,COL
10744,baseball,Anthony Castro,BAL
10746,baseball,Jeison Guzman,KC
10747,baseball,Nick Heath,ARZ
10748,baseball,Foster Griffin,CLE
10749,baseball,Tejay Antone,CIN
10750,baseball,Ryan Hendrix,ARZ
10751,baseball,J.P. Feyereisen,LAD
10752,baseball,Ali Sanchez,NYY
10753,baseball,Jordan Humphreys,SD
10754,baseball,Humberto Mejia,ARZ
10756,baseball,C.J. Chatham,PHI
10757,baseball,Yoan Aybar,CWS
10758,baseball,Marcus Wilson,SEA
10759,baseball,Kyle Hart,SD
10760,baseball,Luis Gil,NYY
10761,baseball,Nick Nelson,PHI
10762,baseball,Travis Blankenhorn,WAS
10763,baseball,Gilberto Celestino,MIN
10764,baseball,Luke Raley,SEA
10765,baseball,Dakota Chalmers,CHC
10766,baseball,Jake Cronenworth,SD
10767,baseball,Kevin Padlo,LAA
10769,baseball,Garrett Cleavinger,TB
10770,baseball,Cristopher Sanchez,PHI
10771,baseball,Alvaro Seijas,STL
10772,baseball,Jake Woodford,CHC
10774,baseball,Cody Ponce,TOR
10776,baseball,Zack Short,NYM
10777,baseball,Tyson Miller,CHC
10778,baseball,Manuel Rodriguez,TB
10779,baseball,Miguel Yajure,SF
10781,baseball,Santiago Espinal,LAD
10782,baseball,Thomas Hatch,MIN
10783,baseball,Mark Mathias,SF
10784,baseball,Alex Vesia,LAD
10786,baseball,Joe Ryan,MIN
10787,baseball,Esteban Quiroz,CHC
10788,baseball,Andrew Vaughn,MLW
10790,baseball,Cory Abbott,WAS
10791,baseball,Sean Hjelle,SF
10792,baseball,Kyle Finnegan,DET
10794,baseball,Jose Rojas,SF
10796,baseball,Yohan Ramirez,PIT
10797,baseball,Rony Garcia,DET
10799,baseball,Stephen Woods,KC
10800,baseball,Dany Jimenez,ATH
10801,baseball,Mark Payton,CWS
10802,baseball,Vimael Machin,BAL
10803,baseball,Michael Rucker,SEA
10804,baseball,Trevor Megill,MLW
10805,baseball,Steele Walker,SF
10806,baseball,Zac Lowther,BAL
10807,baseball,Drew Rasmussen,TB
10815,baseball,Kevin Munson,SEA
10819,baseball,Tyler Gilbert,CWS
10821,baseball,Eli White,BOS
10822,baseball,Riley Greene,DET
10823,baseball,Matt Milburn,ATH
10824,baseball,Jarren Duran,BOS
10825,baseball,Jose Barrero,STL
10826,baseball,Sam Huff,BAL
10827,baseball,Joey Gerber,NYM
10828,baseball,Austin Hendrick,CIN
10830,baseball,Will Banfield,CIN
10831,baseball,Spencer Torkelson,DET
10832,baseball,Max Meyer,MIA
10833,baseball,Austin Martin,MIN
10834,baseball,BJ Lopez,MIA
10835,baseball,Brian Navarreto,MIA
10836,baseball,Eddy Alvarez,NYM
10837,baseball,Jose Devers,MIA
10838,baseball,JJ Bleday,CIN
10839,baseball,Jerar Encarnacion,SF
10840,baseball,Victor Mesa Jr.,TB
10841,baseball,Daniel Castano,MIA
10842,baseball,Dylan Lee,ATL
10843,baseball,Johan Quezada,MIA
10844,baseball,Logan Brown,ATL
10845,baseball,Shea Langeliers,ATH
10846,baseball,Jonathan Morales,ATL
10847,baseball,Bryce Ball,ATL
10848,baseball,Braden Shewmake,MLW
10849,baseball,Jared Shuster,STL
10850,baseball,Riley Adams,WAS
10851,baseball,Alejandro Kirk,TOR
10852,baseball,Joshua Palacios,CWS
10853,baseball,Bryan Baker,TB
10854,baseball,Alek Manoah,LAA
10855,baseball,Joey Murray,TOR
10856,baseball,Kyle McCann,ATH
10857,baseball,Nick Allen,HOU
10858,baseball,Logan Davidson,LAA
10859,baseball,Greg Deichmann,CHC
10860,baseball,Buddy Reed,ATH
10861,baseball,Tyler Baum,ATH
10862,baseball,Parker Dunshee,ATL
10863,baseball,Brian Howard,ATH
10864,baseball,Jordan Weems,HOU
10865,baseball,Brian O'Keefe,SEA
10866,baseball,Cal Raleigh,SEA
10867,baseball,Tyler Keenan,SEA
10868,baseball,Kaden Polcovich,SEA
10869,baseball,Austin Shenton,SEA
10870,baseball,Zach DeLoach,CWS
10871,baseball,Isaiah Campbell,BOS
10872,baseball,Aaron Fletcher,SF
10873,baseball,Emerson Hancock,SEA
10874,baseball,George Kirby,SEA
10875,baseball,Anthony Misiewicz,MIN
10876,baseball,Juan Then,SEA
10877,baseball,Brandon Williamson,CIN
10878,baseball,Jose Godoy,BAL
10879,baseball,Dennis Ortega,STL
10880,baseball,Pedro Pages,STL
10881,baseball,Julio Rodriguez,STL
10882,baseball,Carlos Soto,STL
10883,baseball,Evan Mendoza,STL
10885,baseball,Jordan Walker,STL
10886,baseball,Trejyn Fletcher,STL
10887,baseball,Nabil Crismatt,ARZ
10888,baseball,Seth Elledge,ATL
10889,baseball,Alex FaGalde,STL
10891,baseball,Evan Kruczynski,STL
10892,baseball,Johan Oviedo,BOS
10893,baseball,Tommy Parsons,STL
10894,baseball,Roel Ramirez,NYM
10895,baseball,Griffin Roberts,STL
10896,baseball,Angel Rondon,SF
10897,baseball,Ramon Santos,STL
10898,baseball,Zack Thompson,STL
10899,baseball,Masyn Winn,STL
10900,baseball,Garrett Crochet,BOS
10901,baseball,Codi Heuer,BAL
10902,baseball,Tyler Johnson,CWS
10903,baseball,Bennett Sousa,HOU
10904,baseball,Jonathan Stiever,CWS
10905,baseball,Christian Kelley,PIT
10906,baseball,Rodolfo Castro,PHI
10907,baseball,Mason Martin,PIT
10908,baseball,Cody Bolton,HOU
10909,baseball,Max Kranick,WAS
10910,baseball,Nick Mears,KC
10911,baseball,Braeden Ogle,PIT
10912,baseball,Aaron Shortridge,PIT
10913,baseball,Jack Kruger,TEX
10915,baseball,Reid Detmers,LAA
10916,baseball,Adam Seminaris,LAA
10917,baseball,P.J. Higgins,CIN
10918,baseball,Jack Patterson,CHC
10919,baseball,Keegan Thompson,COL
10920,baseball,Dillon Dingler,DET
10921,baseball,Brady Policelli,DET
10922,baseball,Nolan Blackwood,DET
10923,baseball,Shao-Ching Chiang,DET
10924,baseball,Mike Baumann,NYM
10925,baseball,Ernie Clement,TOR
10926,baseball,Daniel Espino,CLE
10928,baseball,Eli Morgan,KC
10929,baseball,Kyle Nelson,ARZ
10930,baseball,Nick Sandlin,LAA
10931,baseball,Sebastian Rivero,LAA
10932,baseball,Bobby Witt Jr.,KC
10933,baseball,Kris Bubic,LAD
10934,baseball,Austin Cox,ATL
10935,baseball,Daniel Tillo,KC
10936,baseball,Tyler Zuber,MIA
10937,baseball,Connor Wong,BOS
10938,baseball,Robinson Leyer,BOS
10939,baseball,Domingo Tapia,SD
10940,baseball,Max McDowell,NYY
10941,baseball,Kyle Holder,NYY
10942,baseball,Thomas Milone,NYY
10943,baseball,Daniel Alvarez,NYY
10945,baseball,Caleb Hamilton,BOS
10946,baseball,Ryan Jeffers,MIN
10947,baseball,Drew Maggi,PIT
10948,baseball,Zander Wiel,MIN
10949,baseball,Sam Clay,NYM
10950,baseball,Rene Pinto,ARZ
10951,baseball,Brett Sullivan,COL
10952,baseball,Tristan Gray,MIN
10953,baseball,Dalton Kelly,TB
10955,baseball,Taylor Walls,TB
10956,baseball,Miles Mastrobuoni,SEA
10958,baseball,Josh Fleming,TOR
10959,baseball,Phoenix Sanders,BAL
10960,baseball,Ryan Thompson,ARZ
10961,baseball,Tyler Zombro,TB
10962,baseball,Alfredo Rodriguez,CIN
10963,baseball,Stuart Fairchild,SEA
10964,baseball,Nick Lodolo,CIN
10965,baseball,Alex Powers,CIN
10967,baseball,Jakson Reetz,SF
10968,baseball,Joan Adon,WAS
10969,baseball,Dakota Bacus,WAS
10970,baseball,Tim Cate,WAS
10971,baseball,Cade Cavalli,WAS
10972,baseball,Matt Cronin,WAS
10973,baseball,Wil Crowe,PIT
10974,baseball,Tyler Eppler,WAS
10976,baseball,Jake Irvin,WAS
10977,baseball,Jackson Rutledge,PHI
10978,baseball,Nick Wells,WAS
10979,baseball,Andy Ibanez,NYM
10980,baseball,Josh Jung,TEX
10981,baseball,Henry Ramos,CIN
10982,baseball,Jason Bahr,TEX
10983,baseball,Joe Barlow,KC
10984,baseball,Wes Benjamin,TEX
10985,baseball,Alex Speas,BOS
10986,baseball,Thomas Dillard,MLW
10987,baseball,Mario Feliciano,DET
10988,baseball,Clayton Andrews,NYY
10989,baseball,Phil Bickford,NYY
10990,baseball,Dylan File,MLW
10991,baseball,Antwone Kelly,PIT
10992,baseball,Ethan Small,SF
10993,baseball,Michael Papierski,DET
10994,baseball,Jamie Ritchie,HOU
10995,baseball,Alex De Goti,HOU
10996,baseball,Colton Shaver,HOU
10997,baseball,Nick Tanielu,HOU
10998,baseball,Ronnie Dawson,CIN
10999,baseball,Jake Meyers,HOU
11000,baseball,Brandon Bielak,ATH
11001,baseball,Brett Conine,HOU
11002,baseball,Shawn Dubin,BAL
11003,baseball,Luis Garcia,HOU
11004,baseball,Ralph Garza Jr.,TB
11005,baseball,Andre Scrubb,HOU
11006,baseball,Jojanse Torres,HOU
11007,baseball,Patrick Mazeika,SF
11008,baseball,David Rodriguez,NYM
11009,baseball,Jake Hager,ARZ
11011,baseball,Matt Blackham,NYM
11012,baseball,Ryley Gilliam,NYM
11013,baseball,Kevin Smith,BAL
11015,baseball,Darick Hall,PHI
11016,baseball,Nick Maton,CWS
11017,baseball,Luke Williams,ATL
11018,baseball,Austin Listi,PHI
11019,baseball,Connor Brogdon,CLE
11023,baseball,Connor Seabold,KC
11024,baseball,Zach Warren,PHI
11025,baseball,Corbin Carroll,ARZ
11026,baseball,Dominic Fletcher,CWS
11027,baseball,Jeremy Beasley,PIT
11028,baseball,Luis Frias,TOR
11029,baseball,Josh Green,ARZ
11030,baseball,Tommy Henry,ARZ
11031,baseball,Bryce Jarvis,ARZ
11032,baseball,Levi Kelly,ARZ
11033,baseball,Blake Walston,ARZ
11034,baseball,Bret Boswell,COL
11036,baseball,Alan Trejo,COL
11037,baseball,Alexander Guillen,COL
11038,baseball,Nick Gonzales,PIT
11039,baseball,Caleb Baragar,ARZ
11040,baseball,Tyler Cyr,LAD
11041,baseball,Carlos Navas,SF
11042,baseball,Sam Wolff,SF
11043,baseball,Luis Campusano,SD
11045,baseball,CJ Abrams,WAS
11046,baseball,Robert Hassell III,PIT
11047,baseball,Hudson Head,SD
11048,baseball,Michael Busch,CHC
11049,baseball,Omar Estevez,LAD
11050,baseball,Kody Hoese,LAD
11051,baseball,Devin Mann,LAD
11052,baseball,Zach Reks,TEX
11053,baseball,Cody Thomas,ATH
11054,baseball,Gerardo Carrillo,ARZ
11055,baseball,Michael Grove,TB
11056,baseball,Andre Jackson,PIT
11057,baseball,Marshall Kasowski,LAD
11058,baseball,Landon Knack,LAD
11059,baseball,Ryan Pepiot,TB
11060,baseball,Edwin Uceta,TB
11061,baseball,Zack Hess,DET
11062,baseball,Alex Lange,KC
11063,baseball,Denny Brady,LAA
11064,baseball,Rafael Marchan,PHI
11065,baseball,Michael Harris II,ATL
11066,baseball,Jhonny Pereda,SEA
11067,baseball,Aaron Whitefield,LAA
11068,baseball,Tanner Houck,BOS
11070,baseball,Jake Brentz,KC
11071,baseball,Tyler Soderstrom,ATH
11072,baseball,Brett de Geus,PHI
11073,baseball,Bobby Miller,LAD
11074,baseball,Burl Carraway,CHC
11075,baseball,Logan O'Hoppe,TEX
11076,baseball,Mark Kolozsvary,BAL
11077,baseball,Joseph Odom,TB
11078,baseball,Willie MacIver,SEA
11079,baseball,Aaron Schunk,COL
11080,baseball,Michael Toglia,CIN
11081,baseball,Tommy Doyle,COL
11082,baseball,Karl Kauffmann,COL
11084,baseball,Ben Bracewell,ATH
11085,baseball,Chadwick Tromp,BAL
11086,baseball,Bryson Stott,PHI
11087,baseball,Carlos Sanabria,KC
11088,baseball,Travis Radke,SD
11089,baseball,Humberto Castellanos,ARZ
11090,baseball,Kyren Paris,LAA
11091,baseball,Jared Kelley,CWS
11092,baseball,Matt Thompson,CWS
11093,baseball,Caleb Simpson,BOS
11094,baseball,John King,MIA
11095,baseball,Deon Stafford,PIT
11096,baseball,Liover Peguero,PIT
11097,baseball,Cole Wilcox,SEA
11098,baseball,Brandon Leibrandt,CIN
11099,baseball,Kyle Bradish,BAL
11100,baseball,Bruce Zimmermann,STL
11101,baseball,Quinn Brodey,NYM
11102,baseball,Patrick Bailey,CLE
11103,baseball,Luis Toribio,SF
11104,baseball,Will Wilson,SEA
11105,baseball,Camilo Doval,PIT
11106,baseball,Clayton Beeter,WAS
11107,baseball,Jesus Cruz,ATL
11108,baseball,Gunnar Henderson,BAL
11109,baseball,Brian Gonzalez,BAL
11110,baseball,Seth Blair,BOS
11111,baseball,Luis Carpio,NYM
11112,baseball,Hunter Bishop,SF
11113,baseball,Rece Hinds,BAL
11114,baseball,Alec Bettinger,MLW
11115,baseball,Brandon Waddell,NYM
11116,baseball,Asa Lacy,KC
11117,baseball,Gabriel Moreno,ARZ
11118,baseball,Francisco Alvarez,NYM
11119,baseball,Matt Allan,NYM
11120,baseball,Wynston Sawyer,SD
11121,baseball,Yonny Hernandez,LAD
11122,baseball,Yunior Marte,CIN
11123,baseball,Brett Baty,NYM
11124,baseball,Jackson Cluff,WAS
11125,baseball,Drew Mendoza,WAS
11126,baseball,Justin Topa,NYY
11127,baseball,Jason Foley,SF
11128,baseball,Logan Shore,DET
11129,baseball,Gabe Holt,MLW
11130,baseball,Bowden Francis,TOR
11131,baseball,Quinn Priester,MLW
11132,baseball,Rylan Bannon,HOU
11133,baseball,Charlie Barnes,LAD
11134,baseball,Matt Canterino,MIN
11135,baseball,Jake Vogel,LAD
11138,baseball,Ian McKinney,SEA
11139,baseball,Penn Murfee,CWS
11140,baseball,Ford Proctor,SF
11141,baseball,Seth Johnson,ATH
11142,baseball,Tyler Callihan,PIT
11143,baseball,Lyon Richardson,MLW
11144,baseball,Alec Marsh,KC
11145,baseball,Nick Yorke,PIT
11146,baseball,Joel Cesar,PHI
11147,baseball,Ha-Seong Kim,ATL
11148,baseball,Tomoyuki Sugano,COL
11149,baseball,Kohei Arihara,TEX
11150,baseball,Wandisson Charles,ATH
11151,baseball,Miguel Romero,ATH
11152,baseball,Wyatt Mills,WAS
11153,baseball,Matt Peacock,TOR
11154,baseball,Christopher Morel,NYM
11155,baseball,Alexander Wells,BAL
11156,baseball,Oswald Peraza,LAA
11157,baseball,Yoendrys Gomez,MIN
11158,baseball,Ben Rortvedt,LAD
11159,baseball,Bailey Ober,MIN
11161,baseball,Vladimir Gutierrez,BOS
11162,baseball,Riley O'Brien,STL
11163,baseball,Jared Solomon,CIN
11165,baseball,Eduard Bazardo,SEA
11166,baseball,Gregory Santos,SF
11168,baseball,Peter Solomon,ARZ
11169,baseball,Hyeon-jong Yang,TEX
11170,baseball,Simon Muzziotti,PHI
11171,baseball,Bailey Falter,ATL
11172,baseball,Angel Zerpa,MLW
11173,baseball,Kervin Castro,NYY
11175,baseball,A.J. Alexy,CWS
11176,baseball,Yerry Rodriguez,TOR
11177,baseball,Lucas Gilbreath,COL
11179,baseball,Joe Gatto,TEX
11181,baseball,Oscar Colas,CWS
11182,baseball,Kodai Senga,NYM
11183,baseball,Zach Pop,PHI
11185,baseball,Jordan Sheffield,COL
11186,baseball,Will Vest,DET
11187,baseball,Jose Soriano,TOR
11188,baseball,Jose Alberto Rivera,LAA
11190,baseball,Garrett Whitlock,BOS
11192,baseball,Gray Fenter,BAL
11193,baseball,Tyler Wells,TB
11194,baseball,Trevor Stephan,CLE
11195,baseball,Dedniel Nunez,NYM
11198,baseball,Pedro Leon,PHI
11200,baseball,Thaddeus Ward,BAL
11201,baseball,Hirokazu Sawamura,BOS
11204,baseball,Garrett Mitchell,MLW
11205,baseball,Anthony Bender,MIA
11206,baseball,Cody Wilson,WAS
11207,baseball,Sean Kazmar Jr.,ATL
11208,baseball,Louis Head,BAL
11212,baseball,Cody Poteet,BAL
11214,baseball,Nick Allgeyer,TOR
11215,baseball,Tommy Nance,MIN
11216,baseball,Zach Thompson,ATL
11217,baseball,Chris Gittens,NYY
11218,baseball,Griffin Jax,TB
11219,baseball,Dillon Thomas,LAA
11220,baseball,Sam Long,KC
11221,baseball,Tayler Saucedo,LAA
11222,baseball,Vinny Nittoli,BAL
11223,baseball,Matt Vierling,DET
11224,baseball,Jake Cousins,LAD
11225,baseball,Lars Nootbaar,ARZ
11226,baseball,Miguel Sanchez,MLW
11227,baseball,Tylor Megill,NYM
11228,baseball,Justin Garza,NYM
11230,baseball,Alejo Lopez,CIN
11231,baseball,Emmanuel Rivera,BAL
11232,baseball,Ryan Hartman,BAL
11233,baseball,Andrew Wantz,CHC
11234,baseball,Jake Reed,LAD
11235,baseball,Darien Nunez,SF
11236,baseball,Jacob Wilson,HOU
11237,baseball,Reiss Knehr,SD
11238,baseball,Jake Eder,LAD
11239,baseball,Trey Amburgey,NYY
11240,baseball,Hoy Park,ATL
11241,baseball,Darren McCaughan,MIN
11243,baseball,Kirby Snead,SEA
11244,baseball,Akeem Bostick,NYM
11246,baseball,Austin Warren,NYM
11247,baseball,Bryan De La Cruz,PHI
11248,baseball,Gabe Klobosits,ATH
11249,baseball,Drew Ellis,PHI
11251,baseball,Sean Guenther,DET
11253,baseball,Brody Koerner,NYY
11254,baseball,Stephen Ridings,NYM
11255,baseball,Dusten Knight,TB
11256,baseball,Packy Naughton,STL
11258,baseball,Justin Bruihl,STL
11259,baseball,Francisco Perez,ATH
11260,baseball,Connor Overton,CIN
11262,baseball,Yohel Pozo,BAL
11263,baseball,Jose Marte,LAA
11264,baseball,Nick Snyder,TEX
11265,baseball,Ryan Dorow,TEX
11266,baseball,Jacob Latz,TEX
11267,baseball,Elvis Peguero,CWS
11268,baseball,David Kubiak,TEX
11269,baseball,Glenn Otto,SD
11270,baseball,Cooper Criswell,SEA
11271,baseball,Kyle Tyler,BAL
11272,baseball,Alfonso Rivas III,STL
11273,baseball,Scott Effross,NYY
11274,baseball,Raynel Espinal,CIN
11275,baseball,Gianpaul Gonzalez,CLE
11276,baseball,Romy Gonzalez,BOS
11278,baseball,Oliver Ortega,HOU
11279,baseball,Jack Lopez,LAA
11280,baseball,Janson Junk,MIA
11281,baseball,Drew Carlton,SD
11282,baseball,Ryan Feltner,COL
11283,baseball,Kutter Crawford,BOS
11285,baseball,Manny Barreda,BAL
11286,baseball,Kaleb Ort,LAA
11287,baseball,Jovani Moran,BOS
11288,baseball,Jonathan Heasley,TB
11289,baseball,Nick Fortes,TB
11290,baseball,Payton Henry,PHI
11291,baseball,Jhonathan Diaz,SEA
11292,baseball,Dylan Coleman,HOU
11293,baseball,Seth Martinez,BOS
11294,baseball,Dauri Moreta,PIT
11295,baseball,Jhon Romero,MIN
11296,baseball,Reiver Sanmartin,SF
11297,baseball,Matt Brash,SEA
11300,baseball,Spencer Strider,ATL
11302,baseball,Juan Yepez,WAS
11303,baseball,Anderson Severino,NYM
11304,baseball,Brendon Davis,DET
11305,baseball,Seiya Suzuki,CHC
11306,baseball,Adam Oller,MIA
11307,baseball,Bryce Elder,ATL
11308,baseball,Cody Morris,NYY
11309,baseball,Jeremy Pena,HOU
11310,baseball,Jonathan Bermudez,MIA
11312,baseball,Josh Winder,MIN
11313,baseball,Korey Lee,CWS
11314,baseball,Matt Krook,WAS
11315,baseball,Steven Kwan,CLE
11316,baseball,Tommy Romero,WAS
11317,baseball,Zach Logue,LAD
11318,baseball,Alan Rangel,PHI
11319,baseball,Diego Castillo,MIN
11320,baseball,Adrian Martinez,ATH
11321,baseball,Jose Herrera,ARZ
11322,baseball,Donny Sands,DET
11323,baseball,Nelson Velazquez,HOU
11324,baseball,Ryan Kreidler,MIN
11325,baseball,Anthony Volpe,NYY
11326,baseball,Ryne Nelson,ARZ
11327,baseball,Jack Leiter,TEX
11329,baseball,Bryan Lavastida,CLE
11331,baseball,Zac Veen,COL
11332,baseball,Cooper Hummel,HOU
11333,baseball,Alberto Rodriguez,SEA
11334,baseball,Ray Kerr,ATL
11335,baseball,Freddy Tarnok,MIA
11337,baseball,William Woods,NYM
11338,baseball,Evan Lee,WAS
11339,baseball,Jonah Bride,TEX
11340,baseball,Jordan Diaz,ATH
11341,baseball,Jorge Juan,ATH
11342,baseball,Kody Clemens,MIN
11343,baseball,Angel De Jesus,DET
11345,baseball,James McArthur,KC
11346,baseball,Ezequiel Tovar,COL
11347,baseball,Noah Davis,MIN
11348,baseball,Jason Bilous,CLE
11350,baseball,Alexis Diaz,TEX
11351,baseball,Daniel Duarte,NYM
11352,baseball,James Marinan,CIN
11353,baseball,Hagen Danner,SEA
11354,baseball,Leo Jimenez,MIA
11357,baseball,Brendan Donovan,SEA
11359,baseball,Jake Walsh,STL
11361,baseball,Ethan Roberts,CHC
11362,baseball,Brayan Bello,BOS
11363,baseball,Josh Winckowski,BOS
11364,baseball,Cole Sands,MIN
11365,baseball,Chris Vallimont,CLE
11367,baseball,Eguy Rosario,SD
11369,baseball,Steven Wilson,TB
11370,baseball,Ezequiel Duran,TEX
11371,baseball,Ronny Henriquez,MIA
11372,baseball,Ricky Vanasco,ATL
11375,baseball,Ryan Weiss,HOU
11376,baseball,Canaan Smith-Njigba,PIT
11377,baseball,Jack Suwinski,LAD
11379,baseball,Felix Bautista,BAL
11380,baseball,Logan Gillaspie,SD
11382,baseball,Jhonkensy Noel,BAL
11383,baseball,Jose Tena,WAS
11386,baseball,Konnor Pilkington,WAS
11387,baseball,Maikel Garcia,KC
11388,baseball,Jonathan Bowlan,PHI
11389,baseball,Collin Snider,SEA
11391,baseball,Oswaldo Cabrera,NYY
11392,baseball,Ron Marinaccio,CIN
11393,baseball,Randy Rodriguez,SF
11394,baseball,Jonathan Aranda,TB
11395,baseball,Calvin Faucher,MIA
11397,baseball,Eddys Leonard,SF
11398,baseball,Jorbit Vivas,WAS
11399,baseball,James Outman,DET
11400,baseball,Jose Butto,SF
11401,baseball,JP Sears,SD
11403,baseball,Drey Jameson,ARZ
11405,baseball,Nick Plummer,NYM
11406,baseball,Joey Wiemer,WAS
11407,baseball,Robert Suarez,ATL
11408,baseball,Peyton Battenfield,NYM
11410,baseball,Colby White,NYY
11411,baseball,Hayden Wesneski,HOU
11412,baseball,Logan Allen,CLE
11414,baseball,Kyle Stowers,MIA
11415,baseball,Vinnie Pasquantino,KC
11416,baseball,Caleb Kilian,PHI
11417,baseball,Graham Ashcraft,CIN
11418,baseball,Cesar Priedo,FA
11419,baseball,Michael Stefanic,ATH
11420,baseball,Ian Seymour,TB
11421,baseball,Alec Burleson,STL
11422,baseball,Ken Waldichuk,WAS
11423,baseball,Cole Henry,WAS
11424,baseball,Louis Varland,TOR
11427,baseball,Max Schuemann,NYY
11429,baseball,Beau Brieske,DET
11430,baseball,Connor Thomas,KC
11432,baseball,Levi Stoudt,BAL
11433,baseball,Daniel Robert,PHI
11434,baseball,Spencer Horwitz,PIT
11435,baseball,Hunter Brown,HOU
11439,baseball,Jordan Lawlar,ARZ
11441,baseball,Josh Smith,TOR
11442,baseball,Andre Pallante,STL
11444,baseball,Tanner Banks,PHI
11445,baseball,Zach Jackson,ATH
11446,baseball,Jose Azocar,ATL
11447,baseball,Ronel Blanco,HOU
11449,baseball,Jacob Lemoine,ATH
11451,baseball,Parker Mushinski,COL
11452,baseball,Kenny Rosenberg,LAA
11453,baseball,Kirk McCarty,CLE
11454,baseball,Tanner Tully,NYY
11455,baseball,Mickey McDonald,ATH
11456,baseball,J.J. Matijevic,HOU
11458,baseball,Beau Sulser,PIT
11459,baseball,Tyler Holton,DET
11460,baseball,Vinny Capra,CWS
11461,baseball,Jason Krizan,SF
11463,baseball,Joe Dunand,ATL
11464,baseball,Kramer Robertson,STL
11465,baseball,Mark Contreras,MIN
11466,baseball,Cam Alldred,PIT
11467,baseball,Yennier Cano,BAL
11468,baseball,Chase Silseth,TEX
11469,baseball,Colin Holderman,CLE
11470,baseball,Davis Martin,CWS
11471,baseball,Brandon Hughes,ARZ
11472,baseball,Nick Vespi,BAL
11473,baseball,Brian Serven,ATH
11474,baseball,Dairon Blanco,TEX
11476,baseball,Yerry De los Santos,NYY
11477,baseball,Brewer Hicklen,ATL
11478,baseball,Chad Smith,ATH
11479,baseball,Cody Sedlock,BAL
11480,baseball,Matt Swarmer,CHC
11481,baseball,Peter Strzelecki,STL
11482,baseball,Jose Cuas,KC
11484,baseball,Luke Barker,MLW
11485,baseball,Jermaine Palacios,DET
11488,baseball,Matt Gage,SF
11489,baseball,Jared Koenig,MLW
11490,baseball,Chris Okey,LAA
11491,baseball,Aneurys Zabala,MIA
11492,baseball,Davis Daniel,ATL
11493,baseball,Jake Bird,WAS
11495,baseball,Jason Delay,ATL
11496,baseball,Jackson Tetreault,WAS
11497,baseball,Sean Bouchard,COL
11498,baseball,Cam Vieaux,PIT
11499,baseball,Max Castillo,PHI
11500,baseball,Bligh Madris,DET
11501,baseball,Lenyn Sosa,TOR
11503,baseball,Conner Capel,CIN
11504,baseball,James Naile,STL
11505,baseball,Narciso Crook,CHC
11507,baseball,Garrett Hill,DET
11508,baseball,Cristofer Ogando,TB
11510,baseball,David Villar,SF
11511,baseball,Nick Duron,PHI
11512,baseball,Will Toffey,PHI
11513,baseball,Bubby Rossman,PHI
11514,baseball,Freddy Fermin,SD
11515,baseball,Nate Eaton,BOS
11516,baseball,Michael Massey,KC
11517,baseball,Elier Hernandez,TEX
11518,baseball,Erich Uelmen,PHI
11519,baseball,Huascar Brazoban,CWS
11520,baseball,Charles Leblanc,LAA
11521,baseball,Jake Fishman,MIA
11522,baseball,Brennan Bernardino,COL
11523,baseball,Jack Larsen,SEA
11524,baseball,Carlos Espinal,NYY
11525,baseball,Joey Meneses,ATH
11526,baseball,Bryce Johnson,SD
11527,baseball,Peyton Burdick,CIN
11528,baseball,Hunter Gaddis,CLE
11529,baseball,Luis F. Castillo,BAL
11530,baseball,Kerry Carpenter,DET
11531,baseball,Vaughn Grissom,LAA
11532,baseball,Chuckie Robinson,LAD
11534,baseball,A.J. Ladwig,MIA
11536,baseball,Andrew Nardi,MIA
11537,baseball,Xzavion Curry,NYM
11538,baseball,Stone Garrett,WAS
11539,baseball,Kevin Herget,NYM
11540,baseball,Norge Ruiz,ATH
11541,baseball,Bryan Hoeing,SD
11542,baseball,David Hensley,MIA
11543,baseball,Carlos Perez,CWS
11544,baseball,Nate Fisher,NYM
11545,baseball,Michael Plassmeyer,PHI
11546,baseball,Connor Grey,NYM
11547,baseball,Javier Assad,CHC
11548,baseball,Nicholas Padilla,CWS
11549,baseball,Ryan Aguilar,LAA
11551,baseball,Zack Kelly,BOS
11552,baseball,Brendon Little,TOR
11553,baseball,Jeremiah Estrada,SD
11556,baseball,Spencer Steer,CIN
11557,baseball,Fernando Cruz,NYY
11558,baseball,Ben DeLuzio,STL
11559,baseball,Yainer Diaz,HOU
11561,baseball,Bryce Montes de Oca,NYM
11562,baseball,Dalton Guthrie,ATL
11568,baseball,Israel Pineda,WAS
11569,baseball,Luis Liberato,SD
11570,baseball,Collin Wiles,ATH
11571,baseball,Cole Waites,SF
11572,baseball,Luis L. Ortiz,CLE
11573,baseball,Jared Young,NYM
11575,baseball,Frank German,CIN
11576,baseball,Matt Wallner,MIN
11577,baseball,Gavin Hollowell,CHC
11578,baseball,Will Brennan,SF
11579,baseball,Easton McGee,KC
11580,baseball,Nate Mondou,ATH
11581,baseball,Sal Frelick,MLW
11582,baseball,Matt Mervis,WAS
11583,baseball,Elly De La Cruz,CIN
11584,baseball,Endy Rodriguez,PIT
11585,baseball,Andrew Painter,PHI
11586,baseball,Brandon Pfaadt,ARZ
11587,baseball,Gavin Stone,LAD
11588,baseball,Taj Bradley,MIN
11589,baseball,Dustin Harris,SD
11590,baseball,Gavin Williams,CLE
11591,baseball,Eury Perez,MIA
11592,baseball,Edouard Julien,COL
11594,baseball,Reese Olson,DET
11595,baseball,Tanner Bibee,CLE
11596,baseball,Addison Barger,TOR
11597,baseball,Kyle Harrison,MLW
11598,baseball,Gordon Graceffo,STL
11599,baseball,Austin Wells,NYY
11600,baseball,Kyle Manzardo,CLE
11601,baseball,Owen White,CWS
11602,baseball,Tyler Gentry,KC
11603,baseball,Connor Norby,COL
11604,baseball,Corey Julks,DET
11605,baseball,Ricky Tiedemann,TOR
11606,baseball,Curtis Mead,BOS
11608,baseball,Brandon Walter,HOU
11609,baseball,Colton Cowser,BAL
11610,baseball,Jordan Westburg,BAL
11612,baseball,Nick Loftin,KC
11613,baseball,Matt McLain,CIN
11614,baseball,Luisangel Acuna,CWS
11615,baseball,Deyvison De Los Santos,MIA
11616,baseball,A.J. Vukovich,FA
11617,baseball,Justyn-Henry Malloy,TB
11618,baseball,Leandro Cedeno,SD
11619,baseball,Mike Burrows,HOU
11620,baseball,Griff McGarry,WAS
11621,baseball,Mason Montgomery,PIT
11623,baseball,Wilmer Flores,DET
11624,baseball,Zack Gelof,ATH
11625,baseball,Joey Ortiz,MLW
11626,baseball,Enmanuel Valdez,PIT
11627,baseball,Cam Robinson,MLW
11628,baseball,Ceddanne Rafaela,BOS
11629,baseball,Masataka Yoshida,BOS
11630,baseball,Evan Reifert,WAS
11631,baseball,Shintaro Fujinami,NYM
11632,baseball,Mick Abel,MIN
11634,baseball,Landen Roupp,SF
11635,baseball,Prelander Berroa,CWS
11636,baseball,Bryce Miller,SEA
11637,baseball,Nathan Lukes,TOR
11638,baseball,Jhony Brito,SD
11640,baseball,Samad Taylor,SD
11642,baseball,Sean Reynolds,SD
11643,baseball,Johan Rojas,PHI
11645,baseball,David Hamilton,MLW
11646,baseball,Rolddy Munoz,ATL
11647,baseball,Darius Vines,ATL
11649,baseball,Lawrence Butler,ATH
11650,baseball,Hogan Harris,ATH
11651,baseball,Warming Bernabel,COL
11652,baseball,Julio Carreras,COL
11653,baseball,Brenton Doyle,CWS
11654,baseball,Blair Calvo,DET
11655,baseball,Riley Pint,COL
11656,baseball,Jonatan Clase,TOR
11657,baseball,Cade Marlowe,SEA
11658,baseball,Bryan Ramos,BAL
11659,baseball,Jose Rodriguez,PHI
11660,baseball,Jake Alu,WAS
11662,baseball,Jose A. Ferrer,SEA
11664,baseball,Abner Uribe,MLW
11665,baseball,Jorge Barrosa,ARZ
11666,baseball,Justin Martinez,ARZ
11668,baseball,Jared Triolo,PIT
11669,baseball,Colin Selby,BAL
11673,baseball,Andre Lipcius,LAD
11674,baseball,Brendan White,DET
11675,baseball,Angel Martinez,CLE
11676,baseball,Tim Herrin,CLE
11677,baseball,Randy Vasquez,SD
11678,baseball,Luis Matos,MLW
11680,baseball,Keaton Winn,SF
11681,baseball,Jonny DeLuca,TB
11682,baseball,Andy Pages,LAD
11683,baseball,Josh Simpson,SEA
11684,baseball,George Soriano,STL
11687,baseball,Yosver Zulueta,BAL
11689,baseball,Brent Headrick,NYY
11690,baseball,Casey Legumina,TB
11691,baseball,Osleivis Basabe,SF
11692,baseball,Greg Jones,MLW
11697,baseball,Ricky Karcher,CIN
11699,baseball,Tom Cosgrove,WAS
11702,baseball,Kolton Ingram,SF
11705,baseball,Noah Denoyer,BAL
11706,baseball,Drew Rom,ATH
11709,baseball,Wilyer Abreu,BOS
11710,baseball,Chris Murphy,CWS
11714,baseball,Zak Kent,WAS
11716,baseball,J.P. France,HOU
11719,baseball,Blake Perkins,CLE
11721,baseball,Taylor Dollard,FA
11722,baseball,Nic Enright,CLE
11724,baseball,Nick Avila,BAL
11725,baseball,Jose Hernandez,LAD
11726,baseball,Mason Englert,TB
11728,baseball,Blake Sabol,BOS
11729,baseball,Kevin Kelly,TB
11731,baseball,Gus Varland,WAS
11734,baseball,Jose Lopez,TB
11736,baseball,Christian Encarnacion-Strand,BAL
11737,baseball,Guillo Zuniga,NYM
11738,baseball,Jackson Chourio,MLW
11740,baseball,Brooks Lee,MIN
11741,baseball,Zach Neto,LAA
11742,baseball,Henry Davis,PIT
11743,baseball,Casey Schmitt,SF
11744,baseball,Zach Brzykcy,MIA
11745,baseball,Robert Gasser,MLW
11746,baseball,Justin Dirden,HOU
11747,baseball,Druw Jones,ARZ
11749,baseball,Jasson Dominguez,NYY
11750,baseball,James Wood,WAS
11751,baseball,Jackson Holliday,BAL
11752,baseball,Vaun Brown,SF
11753,baseball,Evan Carter,TEX
11754,baseball,Ben Joyce,LAA
11755,baseball,Sean Burke,CWS
11757,baseball,Dax Fulton,MIA
11758,baseball,Jayden Murray,CHC
11759,baseball,Garrett Acton,MIN
11761,baseball,James Free,CIN
11762,baseball,Rafael Flores Jr.,PIT
11763,baseball,Michael Cantu,SD
11764,baseball,Trey Cabbage,PIT
11765,baseball,Dylan Dodd,ATL
11766,baseball,Charlie Welch,SEA
11767,baseball,Coco Montes,TB
11768,baseball,Brett Wisely,ATL
11770,baseball,Justin Foscue,TEX
11771,baseball,Heston Kjerstad,BAL
11772,baseball,Angel Felipe,ATH
11773,baseball,Juan Brito,CIN
11774,baseball,AJ Smith-Shawver,ATL
11775,baseball,Nolan Hoffman,KC
11776,baseball,Jose Fermin,STL
11777,baseball,Hobie Harris,WAS
11778,baseball,Dominic Canzone,SEA
11779,baseball,Hunter Feduccia,LAD
11780,baseball,Andres Chaparro,WAS
11781,baseball,Cesar Salazar,HOU
11782,baseball,Jeff Lindgren,MIA
11783,baseball,McKinley Moore,NYY
11784,baseball,Jesse Scholtens,TB
11785,baseball,Braden Bristo,DET
11786,baseball,Jose Caballero,NYY
11787,baseball,Mason Miller,SD
11788,baseball,Zach Muckenhirn,SEA
11789,baseball,David Fry,CLE
11790,baseball,Sammy Peralta,LAA
11791,baseball,Chris Muller,TB
11792,baseball,Cody Bradford,TEX
11793,baseball,Josh Walker,BAL
11794,baseball,Ryan Walker,SF
11795,baseball,Eduardo Salazar,WAS
11796,baseball,Sam Bachman,LAA
11797,baseball,Andruw Monasterio,BOS
11798,baseball,Joe La Sorsa,BOS
11799,baseball,Grant Anderson,MLW
11800,baseball,Bryan Woo,SEA
11801,baseball,TJ Hopkins,DET
11802,baseball,Andrew Abbott,CIN
11803,baseball,Luken Baker,ARZ
11804,baseball,Grae Kessinger,ARZ
11805,baseball,Nick Robertson,HOU
11806,baseball,Joe Jacques,SEA
11807,baseball,Ty Adcock,SD
11808,baseball,Osvaldo Bido,CWS
11809,baseball,Zach Remillard,CWS
11810,baseball,Carmen Mlodzinski,PIT
11811,baseball,Emmet Sheehan,LAD
11812,baseball,Bryan Hudson,CWS
11813,baseball,Connor Kaiser,ARZ
11814,baseball,Grant Hartwig,NYM
11815,baseball,Matt Waldron,WAS
11816,baseball,Randy Wynne,CIN
11817,baseball,Jake Wong,CIN
11818,baseball,Amos Willingham,ATL
11819,baseball,Victor Mederos,ATL
11820,baseball,Dane Myers,CIN
11821,baseball,Daniel Palencia,CHC
11822,baseball,Kyle Leahy,STL
11823,baseball,Robert Garcia,TEX
11824,baseball,Alek Jacob,SD
11825,baseball,Colt Keith,DET
11827,baseball,Taylor Kohlwey,SD
11828,baseball,Devin Sweet,PHI
11829,baseball,Allan Winans,NYY
11830,baseball,Norwith Gudino,BOS
11831,baseball,Jackson Wolf,SD
11832,baseball,Daysbel Hernandez,ATL
11833,baseball,Alika Williams,ATH
11834,baseball,Declan Cronin,MIA
11835,baseball,Edgar Navarro,CWS
11836,baseball,Slade Cecconi,CLE
11837,baseball,Ryder Ryan,PIT
11838,baseball,Davis Schneider,TOR
11839,baseball,Lane Ramsey,CWS
11840,baseball,Weston Wilson,SEA
11841,baseball,Jacob Lopez,ATH
11842,baseball,Wade Meckler,LAA
11843,baseball,John McMillon,PHI
11844,baseball,Nolan Schanuel,LAA
11845,baseball,Evan Justice,COL
11846,baseball,Jacob Young,WAS
11847,baseball,Jordan Wicks,CHC
11848,baseball,Hunter Goodman,COL
11849,baseball,Drew Millas,WAS
11850,baseball,Kody Funderburk,MIN
11851,baseball,Mason McCoy,SD
11852,baseball,Steven Cruz,KC
11854,baseball,Carson Spiers,CIN
11855,baseball,Connor Phillips,CIN
11856,baseball,Andrew Saalfrank,ARZ
11857,baseball,Hunter Stratton,SD
11858,baseball,Luke Little,KC
11859,baseball,Easton Lucas,TOR
11860,baseball,Enmanuel De Jesus,DET
11861,baseball,Victor Vodnik,MIA
11862,baseball,Tyler Cropley,KC
11863,baseball,Sawyer Gipson-Long,DET
11864,baseball,Pete Crow-Armstrong,CHC
11865,baseball,Logan Porter,LAA
11866,baseball,Nick Hernandez,HOU
11867,baseball,Kyle Hurt,LAD
11868,baseball,Joe Boyle,TB
11869,baseball,Kyle Nicolas,WAS
11870,baseball,Anthony Veneziano,STL
11871,baseball,Joey Estes,ATH
11872,baseball,Cam Eden,TOR
11873,baseball,Brenan Hanifee,DET
11874,baseball,Tyler Fitzgerald,LAD
11875,baseball,Junior Caminero,TB
11876,baseball,Orion Kerkering,PHI
11877,baseball,Irving Lopez,STL
11878,baseball,Jose Espada,BAL
11879,baseball,Kelvin Caceres,LAA
11880,baseball,Caleb Boushley,TB
11881,baseball,Wyatt Langford,TEX
11882,baseball,Chandler Seagle,SD
11883,baseball,Yoshinobu Yamamoto,LAD
11884,baseball,Shota Imanaga,CHC
11885,baseball,Paul Skenes,PIT
11886,baseball,Cade Horton,CHC
11887,baseball,Hurston Waldrep,ATL
11888,baseball,Mason Black,KC
11889,baseball,Coby Mayo,BAL
11890,baseball,Tyler Black,MLW
11891,baseball,Jackson Merrill,SD
11892,baseball,Colson Montgomery,CWS
11893,baseball,Jared Jones,PIT
11894,baseball,Jacob Misiorowski,MLW
11895,baseball,Thomas Saggese,STL
11896,baseball,Drew Thorpe,CWS
11897,baseball,Jackson Jobe,DET
11898,baseball,Will Warren,NYY
11899,baseball,Tekoah Roby,STL
11900,baseball,Nick Nastrini,LAD
11901,baseball,Kyle Teel,CWS
11902,baseball,David Festa,MIN
11903,baseball,Jung Hoo Lee,SF
11904,baseball,Mike Vasil,CWS
11905,baseball,Troy Johnston,COL
11906,baseball,Jeferson Quero,MLW
11907,baseball,Robby Snelling,MIA
11909,baseball,Chayce McDermott,NYM
11910,baseball,River Ryan,DET
11911,baseball,Ben Rice,NYY
11912,baseball,Christian Scott,NYM
11913,baseball,Jairo Iriarte,CWS
11914,baseball,Drew Romo,CWS
11915,baseball,Carlos Rodriguez,MLW
11916,baseball,Yariel Rodriguez,TOR
11917,baseball,Jacob Hurtubise,SEA
11918,baseball,Ty Madden,DET
11919,baseball,Chase DeLauter,CLE
11920,baseball,Darell Hernaiz,ATH
11921,baseball,Matt Shaw,CHC
11922,baseball,Dylan Crews,WAS
11923,baseball,Jett Williams,MLW
11924,baseball,Cade Povich,BAL
11925,baseball,Blake Dunn,CIN
11926,baseball,Brady House,WAS
11927,baseball,Royber Salinas,ATL
11928,baseball,Yuki Matsui,SD
11929,baseball,Jace Jung,DET
11930,baseball,Chase Hampton,NYY
11931,baseball,Nick Frasso,COL
11932,baseball,Justice Bigbie,DET
11933,baseball,Rhett Lowder,CIN
11934,baseball,Marcelo Mayer,SF
11935,baseball,Ben Brown,CHC
11936,baseball,Kona Takahashi,FA
11937,baseball,Harry Ford,WAS
11938,baseball,Sterlin Thompson,COL
11939,baseball,Jakob Marsee,MIA
11940,baseball,Roki Sasaki,LAD
11941,baseball,Ryan Bliss,SEA
11942,baseball,Chris Roller,MLW
11943,baseball,Liam Hicks,TB
11944,baseball,Ivan Melendez,ARZ
11945,baseball,Emiliano Teodo,TEX
11946,baseball,Damiano Palmegiani,TOR
11947,baseball,Victor Scott II,STL
11948,baseball,Roman Anthony,BOS
11949,baseball,Ethan Salas,SD
11950,baseball,Haydn McGeary,CHC
11951,baseball,James Triantos,CHC
11952,baseball,Joey Loperfido,HOU
11953,baseball,Wikelman Gonzalez,MIA
11954,baseball,Graham Pauley,MIA
11956,baseball,Carson Whisenhunt,SF
11957,baseball,Will Dion,WAS
11958,baseball,Josh Stephan,TEX
11959,baseball,Julian Aguiar,CIN
11960,baseball,Blake Hunt,SD
11961,baseball,Keider Montero,DET
11962,baseball,Michael Mercado,PHI
11963,baseball,Yonathan Perlaza,CHC
11964,baseball,Luis Vazquez,BAL
11965,baseball,Adael Amador,COL
11966,baseball,Bradley Blalock,MIA
11967,baseball,Jack Kochanowicz,LAA
11969,baseball,DJ Herz,WAS
11970,baseball,Mitchell Parker,WAS
11971,baseball,Adam Macko,TEX
11972,baseball,Brady Basso,ATH
11974,baseball,Angel Chivilli,NYY
11975,baseball,Juan Mejia,COL
11976,baseball,Sem Robberse,STL
11978,baseball,Cristian Mena,ARZ
11980,baseball,Porter Hodge,CHC
11981,baseball,Bailey Horn,DET
11982,baseball,Cade Smith,CLE
11983,baseball,Will Klein,LAD
11984,baseball,Luis Perales,WAS
11985,baseball,Agustin Ramirez,MIA
11986,baseball,Trevor McDonald,SF
11987,baseball,Erik Miller,BOS
11988,baseball,Kai-Wei Teng,HOU
11989,baseball,Jair Camargo,ATL
11990,baseball,Emmanuel Rodriguez,MIN
11991,baseball,Yoniel Curet,DET
11992,baseball,Christian Roa,CHC
11993,baseball,Marc Church,TEX
11994,baseball,Jose Corniell,TEX
11995,baseball,Kenedy Corona,HOU
11997,baseball,Anthony Maldonado,ATH
11998,baseball,Tsung-Che Cheng,BOS
11999,baseball,Braxton Ashcraft,PIT
12000,baseball,Naoyuki Uwasawa,BOS
12001,baseball,Woo-Suk Go,MIN
12002,baseball,Mitch Spence,KC
12003,baseball,Anthony Molina,SF
12004,baseball,Ryan Fernandez,STL
12005,baseball,Shane Drohan,MLW
12007,baseball,Matt Sauer,LAD
12008,baseball,Justin Slaten,BOS
12009,baseball,Stephen Kolek,KC
12010,baseball,Nasim Nunez,WAS
12012,baseball,Carlos Narvaez,BAL
12014,baseball,Richard Fitts,STL
12015,baseball,Dom Hamel,NYY
12016,baseball,Josimar Cousin,CWS
12018,baseball,Jimmy Joyce,SEA
12020,baseball,Spencer Arrighetti,TOR
12022,baseball,Ronny Simon,PIT
12024,baseball,Carson Williams,TB
12026,baseball,Hayden Birdsong,SF
12028,baseball,Jordan Leasure,CWS
12029,baseball,Chandler Champlain,KC
12030,baseball,Hector Rodriguez,CIN
12032,baseball,Franco Aleman,CLE
12033,baseball,Tink Hence,STL
12034,baseball,Blaine Crim,TEX
12035,baseball,Bubba Chandler,PIT
12036,baseball,Oliver Dunn,TB
12037,baseball,Matt Kroon,PHI
12038,baseball,Isaac Coffey,BOS
12039,baseball,Samuel Basallo,BAL
12040,baseball,Walker Jenkins,MIN
12042,baseball,Brett Harris,BOS
12043,baseball,Jake Armbruester,FA
12044,baseball,Justin Armbruester,FA
12045,baseball,Chase Petty,CIN
12046,baseball,Jacob Melton,TB
12047,baseball,Spencer Jones,NYY
12048,baseball,Jaden Hill,COL
12049,baseball,Tyler Locklear,ARZ
12050,baseball,Owen Caissie,MIA
12051,baseball,Brock Wilken,MLW
12052,baseball,Misael Tamarez,HOU
12060,baseball,Reid Vanscoter,FA
12063,baseball,Chad Dallas,TOR
12064,baseball,Armando Alvarez,ATH
12065,baseball,Phil Clarke,TOR
12066,baseball,Evan McKendry,MLW
12067,baseball,Jake Mangum,PIT
12068,baseball,Trey Lipscomb,WAS
12069,baseball,Colton Gordon,MLW
12071,baseball,Wes Clarke,MLW
12073,baseball,Josh Maciejewski,NYY
12074,baseball,Blair Henley,HOU
12075,baseball,Davis Wendzel,PIT
12076,baseball,Tyler Jay,SEA
12078,baseball,Jonathan Cannon,CWS
12079,baseball,David Banuelos,BAL
12080,baseball,Cam Booser,TB
12081,baseball,Leo Rivas,SEA
12082,baseball,Emmanuel Ramirez,TOR
12083,baseball,Zac Kristofak,LAA
12084,baseball,Jordan Beck,COL
12086,baseball,Chris Roycroft,ATH
12087,baseball,Tyler Ferguson,CHC
12088,baseball,Jake Slaughter,SEA
12089,baseball,Luis Rodriguez,HOU
12090,baseball,Ryan Loutos,SEA
12091,baseball,Jack O'Loughlin,ATH
12092,baseball,Gerson Garabito,TEX
12093,baseball,Chad Stevens,COL
12094,baseball,Grant Koch,PIT
12095,baseball,Trenton Brooks,SD
12096,baseball,Spencer Schwellenbach,ATL
12097,baseball,Justin Sterner,ATH
12098,baseball,Daniel Schneemann,CLE
12099,baseball,Duke Ellis,NYY
12100,baseball,Adam Mazur,MIA
12101,baseball,James Meeker,MLW
12102,baseball,Michel Otanez,TEX
12105,baseball,Luis Contreras,HOU
12106,baseball,Spencer Bivens,SF
12107,baseball,Michael Petersen,MIA
12108,baseball,Brandon Eisert,PIT
12109,baseball,Jake Bloss,TOR
12111,baseball,Bryan King,HOU
12112,baseball,Austin Kitchen,SEA
12113,baseball,Steward Berroa,PHI
12114,baseball,Levi Jordan,CIN
12115,baseball,CJ Alexander,LAD
12116,baseball,Raymond Burgos,BOS
12117,baseball,Valente Bellozo,COL
12118,baseball,Jacob Bosiokovic,STL
12119,baseball,Gregory Barrios,TB
12120,baseball,Walter Pennington,BAL
12121,baseball,Eric Orze,MIN
12122,baseball,Hunter Bigge,TB
12123,baseball,Tanner Gordon,COL
12124,baseball,Justin Wrobleski,LAD
12125,baseball,Yilber Diaz,DET
12127,baseball,Jacob Wilson,ATH
12128,baseball,Brooks Baldwin,CWS
12129,baseball,Nacho Alvarez Jr.,LAA
12130,baseball,Aidan Smith,TB
12131,baseball,Brody Hopkins,TB
12132,baseball,Moises Bolivar,LAD
12133,baseball,Yohendrick Pinango,TOR
12134,baseball,Eric Yang,CIN
12135,baseball,Bryan Sammons,DET
12136,baseball,Fraser Ellard,CWS
12137,baseball,Michael McGreevy,STL
12138,baseball,Nick Sogard,BOS
12139,baseball,Kameron Misner,PHI
12140,baseball,Lake Bachar,PIT
12141,baseball,Brant Hurter,DET
12142,baseball,Connor Gillispie,MIN
12143,baseball,Ky Bush,CWS
12144,baseball,Adrian Del Castillo,ARZ
12145,baseball,Zach Dezenzo,HOU
12146,baseball,Max Lazar,PHI
12147,baseball,Troy Taylor,SEA
12148,baseball,Zebby Matthews,MIN
12149,baseball,Mickey Gasper,BOS
12150,baseball,Chase Shugart,PHI
12151,baseball,Will Wagner,SD
12153,baseball,Orlando Ribalta,WAS
12154,baseball,Grant McCray,SF
12155,baseball,Trey Sweeney,DET
12156,baseball,Shay Whitcomb,SF
12157,baseball,Niko Kavadas,LAA
12158,baseball,Grant Holman,PHI
12159,baseball,Ben Casparius,LAD
12160,baseball,Jack Neely,CHC
12161,baseball,J.T. Ginn,ATH
12162,baseball,Jeff Criswell,COL
12163,baseball,Luis Peralta,CHC
12164,baseball,Ryan Zeferjahn,CHC
12165,baseball,Brady Feigl,PIT
12166,baseball,Ryan Miller,LAA
12167,baseball,Erik Sabrowski,CLE
12168,baseball,Evan Kravetz,CIN
12169,baseball,Seth Halvorsen,LAD
12170,baseball,Sam Aldegheri,LAA
12171,baseball,Caden Dana,LAA
12172,baseball,Logan Driscoll,MIA
12173,baseball,Brandon Lockridge,MLW
12174,baseball,Darren Baker,WAS
12175,baseball,Sandro Fabian,TEX
12176,baseball,Luis Guerrero,BOS
12177,baseball,Javier Sanoja,MIA
12178,baseball,Bryce Teodosio,LAA
12179,baseball,Isaac Collins,KC
12180,baseball,Billy Cook,PIT
12181,baseball,Eric Wagaman,NYM
12182,baseball,Andrew Walters,CLE
12183,baseball,Kumar Rocker,TEX
12184,baseball,Zach Penrod,LAD
12185,baseball,Gustavo Campero,LAA
12186,baseball,Edgardo Henriquez,LAD
12187,baseball,Ryan Gusto,MIA
12189,baseball,Charlie Condon,COL
12190,baseball,Dalton Rushing,LAD
12191,baseball,Edgar Quero,CWS
12192,baseball,Quinn Mathews,STL
12193,baseball,Chase Burns,CIN
12194,baseball,Christian Moore,LAA
12195,baseball,Kristian Campbell,BOS
12196,baseball,Hagen Smith,CWS
12197,baseball,Noah Schultz,CWS
12198,baseball,Brandon Sproat,MLW
12199,baseball,Colby Thomas,PHI
12200,baseball,Matt Wilkinson,CLE
12201,baseball,Noah Cameron,KC
12202,baseball,Bryce Eldridge,SF
12203,baseball,Drake Baldwin,ATL
12204,baseball,Caleb Durbin,BOS
12205,baseball,Andrew Morris,MIN
12206,baseball,Zach Maxwell,CIN
12207,baseball,Thomas Harrington,PIT
12208,baseball,Logan Evans,SEA
12209,baseball,Chase Dollander,COL
12210,baseball,Alan Roden,MIN
12211,baseball,Jac Caglianone,KC
12212,baseball,Chandler Simpson,TB
12213,baseball,Enrique Bradfield,BAL
12214,baseball,Hyeseong Kim,LAD
12215,baseball,Parker Messick,CLE
12216,baseball,Travis Bazzana,CLE
12217,baseball,Moises Ballesteros,LAA
12218,baseball,K.C. Hunt,MLW
12219,baseball,Yanquiel Fernandez,NYY
12220,baseball,George Klassen,LAA
12221,baseball,Zach Agnos,COL
12222,baseball,Nick Kurtz,ATH
12223,baseball,Brandon Young,BAL
12224,baseball,Shinnosuke Ogasawara,WAS
12225,baseball,Craig Yoho,CLE
12226,baseball,Dylan Beavers,BAL
12227,baseball,Chase Meidroth,CWS
12228,baseball,Luke Keaschall,MIN
12230,baseball,Alejandro Rosario,TEX
12231,baseball,Alex Freeland,LAD
12232,baseball,Connor Prielipp,MIN
12234,baseball,Payton Eeles,MIN
12236,baseball,Ryan Lobus,TEX
12238,baseball,Logan Henderson,MLW
12239,baseball,Evan Sisk,PIT
12240,baseball,Domingo Gonzalez,SEA
12241,baseball,Denzel Clarke,ATH
12242,baseball,J.C. Escarra,NYY
12243,baseball,Blas Castano,COL
12244,baseball,Luis Gonzalez,BAL
12245,baseball,Luarbert Arias,MIA
12247,baseball,Reggie Crawford,SF
12249,baseball,Cole Young,SEA
12250,baseball,Tim Tawa,ARZ
12251,baseball,Austin Peterson,CLE
12252,baseball,Luis Curvelo,TEX
12253,baseball,Eiberson Castellano,COL
12254,baseball,Brandon Birdsell,CHC
12255,baseball,Justin Hagenman,NYM
12256,baseball,Joe Rock,ATH
12259,baseball,Chad Patrick,MLW
12260,baseball,Juan Carela,CWS
12261,baseball,Andry Lara,WAS
12262,baseball,Drue Hackenberg,ATL
12263,baseball,Jared Serna,MIA
12264,baseball,Moises Chace,PHI
12265,baseball,Matt Koperniak,STL
12266,baseball,Matt Svanson,STL
12267,baseball,Jean Cabrera,PHI
12268,baseball,Ryan Cusick,PHI
12269,baseball,Gunnar Hoglund,ATH
12270,baseball,Matthew Lugo,KC
12271,baseball,Jack Dashwood,LAA
12273,baseball,Kade Strowd,ARZ
12275,baseball,Petey Halpin,CLE
12276,baseball,Doug Nikhazy,CHC
12277,baseball,Luinder Avila,KC
12278,baseball,Eric Cerantola,SF
12279,baseball,Jhostynxon Garcia,PIT
12280,baseball,Hunter Dobbins,STL
12282,baseball,Carson Ragsdale,ATL
12283,baseball,Carson Seymour,SF
12284,baseball,Travis Adams,MIN
12285,baseball,Marco Raya,MIN
12286,baseball,Luis Mey,CIN
12287,baseball,Henry Baez,ATH
12288,baseball,Ryan Bergert,KC
12289,baseball,Omar Cruz,SD
12290,baseball,Maximo Acosta,MIA
12291,baseball,Winston Santos,TEX
12292,baseball,Joe Elbis,ARZ
12293,baseball,Chase Lee,TOR
12295,baseball,Tyler Owens,DET
12296,baseball,Jack Dreyer,LAD
12297,baseball,Ben Cowles,CHC
12298,baseball,Miguel Ullola,HOU
12299,baseball,Leodalis De Vries,ATH
12300,baseball,Alejandro Osuna,TEX
12301,baseball,Max Muncy,ATH
12302,baseball,JJ Wetherholt,STL
12303,baseball,Justin Crawford,PHI
12304,baseball,Lazaro Montes,SEA
12305,baseball,Shane Smith,CWS
12306,baseball,David Sandlin,CWS
12307,baseball,Ryan Ward,LAD
12313,baseball,Anderson Pilar,MIA
12315,baseball,Noah Murdock,PIT
12317,baseball,Garrett McDaniels,LAA
12318,baseball,Nate Lavender,NYM
12319,baseball,Cooper Bowman,CIN
12322,baseball,Baek-Ho Kang,FA
12323,baseball,Travis Sykora,WAS
12324,baseball,Jackson Ferris,LAD
12325,baseball,Christian Cairo,PHI
12327,baseball,Gage Workman,SD
12329,baseball,Elmer Rodriguez,NYY
12330,baseball,Grant Wolfram,BAL
12331,baseball,Cam Smith,HOU
12332,baseball,Tre' Morgan,TB
12334,baseball,Marquis Grissom Jr.,WAS
12335,baseball,Ben Shields,NYY
12338,baseball,Otto Kemp,PHI
12339,baseball,RJ Schreck,TOR
12340,baseball,Elvis Alvarado,ATH
12341,baseball,Gavin Cross,KC
12342,baseball,Koyo Aoyagi,PHI
12344,baseball,Jonah Tong,NYM
12345,baseball,Jack Perkins,ATH
12346,baseball,Sebastian Walcott,TEX
12348,baseball,Jarlin Susana,WAS
12349,baseball,Mason Barnett,ATH
12350,baseball,Bill Roho,ARZ
12351,baseball,Munetaka Murakami,CWS
12352,baseball,Jesus Made,MLW
12353,baseball,Hao-Yu Lee,DET
12354,baseball,Cooper Pratt,MLW
12355,baseball,Brice Matthews,HOU
12356,baseball,Tim Elko,CWS
12357,baseball,Matt Gorski,PIT
12358,baseball,Gabriel Rincones Jr.,PHI
12359,baseball,Grant Taylor,CWS
12360,baseball,Hunter Barco,PIT
12361,baseball,Cam Schlittler,NYY
12362,baseball,Yohandy Morales,WAS
12363,baseball,Cayden Wallace,WAS
12364,baseball,Daylen Lile,WAS
12365,baseball,Jurrangelo Cijntje,SEA
12366,baseball,Drew Avans,MLW
12367,baseball,Max Clark,DET
12368,baseball,Ryan Johnson,LAA
12369,baseball,Brad Lord,WAS
12370,baseball,Christian Koss,SF
12371,baseball,Lucas Braun,ATL
12372,baseball,Hayden Senger,NYM
12373,baseball,Mason Fluharty,TOR
12374,baseball,Tyler Tolbert,KC
12375,baseball,Michael Darrell-Hicks,PIT
12376,baseball,Logan VanWey,HOU
12377,baseball,Ben Williamson,TB
12378,baseball,Braxton Fulford,COL
12379,baseball,Patrick Monteverde,MIA
12380,baseball,Juan Morillo,ARZ
12382,baseball,Cade Gibson,MIA
12383,baseball,Paxton Schultz,WAS
12384,baseball,Sauryn Lao,WAS
12385,baseball,Nathan Wiles,ATL
12386,baseball,Jose Fermin,LAA
12387,baseball,David Morgan,SD
12388,baseball,Maverick Handley,ATL
12389,baseball,AJ Blubaugh,HOU
12390,baseball,Rhylan Thomas,HOU
12391,baseball,Carlos Duran,KC
12392,baseball,Blade Tidwell,SF
12393,baseball,Caleb Freeman,CWS
12394,baseball,Braydon Fisher,TOR
12395,baseball,Christian Montes De Oca,ARZ
12396,baseball,Carson Palmquist,WAS
12397,baseball,Ryan Fitzgerald,LAD
12398,baseball,Carson McCusker,MIN
12399,baseball,Yaramil Hiraldo,BAL
12400,baseball,John Rave,KC
12401,baseball,Andrew Hoffmann,PHI
12402,baseball,Jack Winkler,MIA
12403,baseball,Heriberto Hernandez,MIA
12404,baseball,Dylan Smith,SF
12405,baseball,Bradgley Rodriguez,SD
12406,baseball,Ryan Ritter,COL
12407,baseball,Kyle Backhus,PHI
12408,baseball,Brian Van Belle,TB
12409,baseball,Will Robertson,BAL
12410,baseball,Andre Granillo,DET
12412,baseball,Jayvien Sandridge,BAL
12413,baseball,Robinson Pina,TOR
12414,baseball,Jack Little,DET
12415,baseball,Didier Fuentes,ATL
12416,baseball,Jake Palisch,CWS
12417,baseball,Paul Gervase,LAD
12418,baseball,Jonathan Pintaro,NYM
12419,baseball,Juan Burgos,ARZ
12421,baseball,Eduarniel Nunez,CHC
12422,baseball,Lazaro Estrada,TOR
12423,baseball,PJ Poulin,WAS
12424,baseball,Tristin English,ARZ
12425,baseball,Cam Devanney,PIT
12426,baseball,Alex Carrillo,NYM
12427,baseball,Carlos Cortes,ATH
12428,baseball,Cody Freeman,TEX
12429,baseball,Brandyn Garcia,ARZ
12430,baseball,Troy Melton,DET
12431,baseball,Houston Roth,BAL
12432,baseball,Pierson Ohl,COL
12433,baseball,Dugan Darnell,DET
12434,baseball,Luis Morales,ATH
12435,baseball,CJ Kayfus,CLE
12436,baseball,John Rooney,HOU
12437,baseball,Cam Sanders,BAL
12438,baseball,Justin Dean,CHC
12439,baseball,Kyle Karros,COL
12440,baseball,Drew Gilbert,SF
12441,baseball,Tristan Peters,CWS
12442,baseball,Bob Seymour,TB
12443,baseball,Nolan McLean,NYM
12444,baseball,Nathan Church,STL
12445,baseball,Joel Peguero,SF
12446,baseball,Drew Sommers,DET
12447,baseball,McCade Brown,COL
12448,baseball,Taylor Rashi,ATH
12449,baseball,CJ Stubbs,WAS
12450,baseball,Jimmy Crooks,STL
12451,baseball,Cesar Prieto,STL
12452,baseball,Payton Tolle,BOS
12453,baseball,Sal Stewart,CIN
12454,baseball,Andrew Alvarez,WAS
12455,baseball,Mitch Farris,LAA
12456,baseball,Carter Jensen,KC
12457,baseball,Hayden Harris,ATL
12458,baseball,Nick Raquet,BAL
12459,baseball,Connelly Early,WAS
12460,baseball,Cody Laweryson,MIN
12461,baseball,Zach Cole,HOU
12462,baseball,Denzer Guzman,LAA
12463,baseball,Trey Yesavage,TOR
12465,baseball,Philip Abner,SF
12466,baseball,Jhancarlos Lara,WAS
12467,baseball,Austin Pope,ARZ
12468,baseball,Dylan Ross,NYM
12469,baseball,Konnor Griffin,PIT
12470,baseball,Kevin McGonigle,DET
12471,baseball,Tatsuya Imai,HOU
12472,baseball,Aidan Miller,PHI
12473,baseball,JR Ritchie,ATL
12474,baseball,Xavier Isaac,TB
12475,baseball,Ryan Clifford,NYM
12476,baseball,Kaelen Culpepper,MIN
12477,baseball,Ryan Waldschmidt,ARZ
12478,baseball,Thomas White,MIA
12479,baseball,Colt Emerson,SEA
12480,baseball,Carson Benge,NYM
12481,baseball,Jaxon Wiggins,CHC
12482,baseball,Joe Mack,MIA
12483,baseball,Kade Anderson,SEA
12484,baseball,Gage Jump,ATH
12485,baseball,Abimelec Ortiz,WAS
12486,baseball,Trey Gibson,BAL
12487,baseball,Liam Doyle,STL
12488,baseball,Josue Briceno,DET
12489,baseball,Cooper Ingle,CLE
12490,baseball,Kazuma Okamoto,TOR
12491,baseball,Carlos Lagrange,NYY
12492,baseball,Hiroto Saiki,FA
12493,baseball,Ethan Pecko,HOU
12494,baseball,Leo Bernal,STL
12495,baseball,Henry Bolte,ATH
12496,baseball,Nelson Rada,LAA
12497,baseball,Jacob Reimer,NYM
12498,baseball,Ty Johnson,TB
12499,baseball,Ryan Lambert,NYM
12500,baseball,David Davalillo,TEX
12501,baseball,Jesus Rodriguez,SF
12502,baseball,Joshua Baez,STL
12503,baseball,Daniel Susac,SF
12504,baseball,Jared Thomas,COL
12505,baseball,Jamie Arnold,ATH
12506,baseball,Josue De Paula,LAD
12507,baseball,Hiroya Miyagi,FA
12508,baseball,Owen Murphy,ATL
12509,baseball,Jonathan Santucci,NYM
12510,baseball,Ben Hess,NYY
12511,baseball,Max Anderson,DET
12512,baseball,Mitch Bratt,ARZ
12513,baseball,Angel Genao,CLE
12514,baseball,Esmerlyn Valdez,PIT
12515,baseball,Karson Milbrandt,MIA
12516,baseball,Nestor German,BAL
12517,baseball,Tanner McDougal,CWS
12518,baseball,Kemp Alderman,MIA
12519,baseball,Coleman Crow,MLW
12520,baseball,Christian Franklin,BAL
12521,baseball,Braden Montgomery,CWS
12522,baseball,Junior Perez,CWS
12523,baseball,Cole Carrigg,COL
12524,baseball,TJ Nichols,TB
12525,baseball,Khal Stephen,CLE
12526,baseball,Tyson Neighbors,BAL
12527,baseball,Brandon Valenzuela,TOR
12528,baseball,Bryan Torres,STL
12529,baseball,Ryan Harbin,PIT
12530,baseball,Robinson Ortiz,SEA
12531,baseball,Anthony Nunez,BAL
12532,baseball,Jose Franco,CIN
12533,baseball,LuJames Groover,ARZ
12534,baseball,Braiden Ward,COL
12536,baseball,Jack Wenninger,NYM
12537,baseball,Gabriel Gonzalez,MIN
12538,baseball,Jonathon Long,CHC
12539,baseball,Kyler Fedko,MIN
12540,baseball,Kohl Drake,ARZ
12541,baseball,Nathan Martorella,MIA
12542,baseball,Ralphy Velazquez ,CLE
12543,baseball,Jake Bennett,BOS
12544,baseball,Nick Morabito,NYM
12545,baseball,Phillip Glasser,WAS
12546,baseball,Josh White,MIA
12547,baseball,Jack Brannigan,PIT
12548,baseball,Brandan Bidois,MIA
12549,baseball,Wilber Dotel,PIT
12550,baseball,Tyler Samaniego,BOS
12551,baseball,Walbert Urena,LAA
12552,baseball,Riley Cornelio,WAS
12553,baseball,William Kempner,MIA
12554,baseball,Alex McFarlane,PHI
12555,baseball,Jose Fernandez,ARZ
12556,baseball,Dylan Ray,ARZ
12557,baseball,Duncan Davitt,ATL
12558,baseball,Thayron Liranzo,DET
12559,baseball,Eduardo Valencia,DET
12560,baseball,Trei Cruz,DET
12561,baseball,Reed Trimble,BAL
12562,baseball,Cameron Foster,BAL
12563,baseball,Kahlil Watson,CLE
12564,baseball,Yorman Gomez,CLE
12565,baseball,Ben Kudrna,KC
12566,baseball,Steven Zobac,KC
12567,baseball,Hendry Mendez,MIN
12568,baseball,Kendry Rojas,MIN
12569,baseball,Garrett Hawkins,SD
12570,baseball,Miguel Mendez,SF
12571,baseball,Braden Nett,ATH
12572,baseball,Chen Zhong-Ao Zhuang,ATH
12573,baseball,Welinton Herrera,COL
12574,baseball,Gabriel Hughes,COL
12575,baseball,Cooper Hjerpe,STL
12576,baseball,Pedro Ramirez,CHC
12577,baseball,Riley Martin,CHC
12578,baseball,Jake Miller,DET
12579,baseball,Tyler Uberstine,ATL
12580,baseball,John Klein,TOR
12581,baseball,Dom Keegan,BAL
12582,baseball,Jadher Areinamo,TB
12583,baseball,Alex Cook,TB
12584,baseball,Edwin Arroyo,CIN
12585,baseball,Peyton Gray,TEX
12586,baseball,Ronan Kopp,LAD
12587,baseball,Brycen Mautz,STL
12588,baseball,Leo Balcazar,CIN
12589,baseball,Leandro Lopez,TEX
12590,baseball,Tanner Murray,CWS
12592,baseball,Sung-Mun Song,SD
12593,baseball,Michael Forret,BAL
12594,baseball,Brandon Clarke,STL
12595,baseball,Tommy Troy,ARZ
12596,baseball,Nate Furman,SF
12597,baseball,Daison Acosta,SD
12598,baseball,RJ Petit,COL
12599,baseball,Matt Pushard,STL
12600,baseball,Jedixson Paez,BOS
12601,baseball,Peyton Pallette,CLE
12602,baseball,Cade Winquest,STL
12605,baseball,Spencer Miles,TOR
12606,baseball,Ryan Watson,LAA
12607,baseball,Carter Baumler,TEX
12608,baseball,Zach McCambley,CIN
12609,baseball,Alexander Alberto,TB
12610,baseball,Gage Wood,PHI
12611,baseball,Tyler Bremner,FA
12612,baseball,Seaver King,FA
12613,baseball,Alex Hoppe,BAL
12615,baseball,Luis De Leon,BAL
12616,baseball,Caden Scarborough,TEX
12620,baseball,Alfredo Duno,CIN
12621,baseball,Bo Davidson,SF
12624,baseball,Michael Arroyo,SEA
12626,baseball,TJ Rumfield,COL
12627,baseball,Will Watson,NYM
12629,baseball,Mike Sirota,LAD
12630,baseball,Luke Sinnard,ATL
12631,baseball,Sam Antonacci,CWS
12632,baseball,Termarr Johnson,PIT
12633,baseball,James Hicks,HOU
12635,baseball,Ryan Sloan,SEA
12636,baseball,Walker Janek,HOU
12637,baseball,George Lombard Jr.,NYY
12638,baseball,Luis Gastelum,STL
12639,baseball,Tommy White,ATH
12640,baseball,Vance Honeycutt,BAL
12641,baseball,Blake Burke,MLW
12642,baseball,Cam Cauley,TEX
12643,baseball,Caleb Bonemer,CWS
12644,baseball,Trevor Kuncl,CIN
12645,baseball,A.J. Ewing,NYM
12646,baseball,Andrew Fischer,MLW
12647,baseball,Seth Hernandez,PIT
12649,baseball,Blaze Jordan,STL
12651,baseball,Tyler Schweitzer,CWS
12652,baseball,Jack Anderson,MIN
12653,baseball,Gavin Collyer,TEX
12654,baseball,Felix Reyes,PHI
12655,baseball,Trevor Martin,LAA
12656,baseball,Eduardo Rivera,BOS
12657,baseball,Tyler Davis,CWS
12658,baseball,Ty Cummings,SEA
12659,baseball,Jesus Valdez,ARZ
12661,baseball,Brian Fitzpatrick,MLW
12662,baseball,Josh Ekness,MIA
12663,baseball,Nick Davila,SEA
12664,baseball,Alec Gamboa,BOS
12665,baseball,Chase Solesky,CIN
12666,baseball,Jim Jarvis,ATL
12667,baseball,Brendan Beck,NYY
12668,baseball,Stephen Jones,MIA
12669,baseball,Rodolfo Duran,SD
12670,baseball,Omar Martinez,LAA
12671,baseball,Yovanny Cruz,WAS
12672,baseball,Zac Thornton,NYM
12673,baseball,Alimber Santa,HOU
12674,baseball,Victor Bericoto,SF
12675,baseball,Rikuu Nishida,CWS
12676,baseball,Tanner Andrews,TOR
12677,baseball,Charles McAdoo,TOR
12678,baseball,Cameron Weston,BAL
12679,baseball,Jacob Gonzalez,PIT
12680,baseball,Hayden Juenger,ATH
12681,baseball,Jonah Cox,SF
12682,baseball,Mike Paredes,MIN
12683,baseball,Wilkin Ramos,SF
12684,baseball,Robby Ahlstrom,TEX
12685,baseball,TJ Shook,COL
12686,baseball,Kade Morris,ATH
12687,baseball,Beck Way,KC
12688,baseball,Jase Bowen,SD
12689,baseball,Collin Price,HOU
12690,baseball,Samy Natera Jr.,LAA
12691,baseball,Antoine Kelly,CHC
12692,baseball,Luis Lara,MLW
12693,baseball,Sean Sullivan,COL
12694,baseball,Denis Samudio,TOR
12695,baseball,Brett Kerry,LAA
12696,baseball,Curtis Washington Jr.,SEA
12697,baseball,Max Rajcic,STL
12698,baseball,Jose Cabrera,ARZ
12699,baseball,Julian Garcia,CIN
12700,baseball,Ben Malgeri,DET
12701,baseball,Drew Cavanaugh,SF
12702,baseball,Sean Keys,TOR
12703,baseball,Joshua Kuroda-Grauer,ATH
12704,baseball,Ivan Johnson,CIN
12705,baseball,Garrett Stallings,MLW
12706,baseball,Ben Hansen,ATH
12707,baseball,Randal Diaz,BAL
12708,baseball,Jefry Yan,NYM
12709,baseball,Ben Peoples,TEX
12710,baseball,Eliezer Alfonzo,LAD
12711,baseball,Eddy Yean,WAS
12712,baseball,Matt Seelinger,NYM
12713,baseball,Dan Hammer,NYM
12714,baseball,CJ Van Eyk,TOR
12715,baseball,Yunior Tur,ATH
12716,baseball,Lucas Spence,HOU
12717,baseball,Rudy Martin Jr.,TOR
12718,baseball,Khristian Curtis,PIT
12719,baseball,Bradley Hanner,NYY
12720,baseball,Troy Watson,SEA
12721,baseball,Shawn Ross,NYM
12722,baseball,Brian Keller,PHI
12723,baseball,Zane Barnhart,DET
12724,baseball,Luke Murphy,LAA
12725,baseball,Jhomnardo Reyes,BAL
12726,baseball,Nolan Kingham,SEA
12727,baseball,Bryce Conley,NYM
12728,baseball,Kenny Piper,TB
12729,baseball,Jack Ralston,MIA
12730,baseball,Blake Weiman,LAA
12731,baseball,Andrew Pinckney,WAS
12732,baseball,Brett Bateman,TOR
12733,baseball,Trent Harris,SF
12734,baseball,Jack Weisenburger,NYM
12735,baseball,Zach Morgan,SF
12736,baseball,Jackson Kent,WAS
12737,baseball,Turner Hill,SF
12738,baseball,Brock Rodden,SEA
12739,baseball,Brett Callahan,DET
12740,baseball,Wyatt Olds,BOS
12741,baseball,Brendan Cellucci,TOR
12742,baseball,Matt Wilkinson,SF
12743,baseball,Mark Manfredi,COL
12744,baseball,Erik Tolman,WAS
12745,baseball,Andrew Sears,DET
12746,baseball,Blake Adams,COL
12747,baseball,Mason Adams,COL
12748,baseball,Braxton Roxby,SF
12749,baseball,Seth Lonsway,SF
12750,baseball,Yunior Marte,SF
12751,baseball,John Peck,DET
12752,baseball,Blake Burkhalter,ATL
12753,baseball,Hancel Rincon,STL
12754,baseball,Ben Ross,MIN
12755,baseball,BJ Murray Jr.,CHC
12756,baseball,Jared Simpson,WAS
12757,baseball,Cesar Perdomo,SF
1015,basketball,Tyson Chandler,HOU
1023,basketball,Joe Johnson,BOS
1091,basketball,Mike James,BKN
1120,basketball,  Nene,ATL
1128,basketball,Luis Scola,BKN
1189,basketball,Anderson Varejao,CLE
1193,basketball,LeBron James,PHI
1197,basketball,Carmelo Anthony,LAL
1243,basketball,Kyle Korver,MIL
1253,basketball,Udonis Haslem,MIA
1336,basketball,Dwight Howard,LAL
1338,basketball,Andre Iguodala,GS
1342,basketball,Devin Harris,DAL
1352,basketball,JR Smith,LAL
1380,basketball,Trevor Ariza,LAL
1418,basketball,Marvin Williams,MIL
1420,basketball,Chris Paul,LAC
1427,basketball,Raymond Felton,OKC
1433,basketball,Jarrett Jack,NO
1459,basketball,C.J. Miles,BOS
1461,basketball,Ersan Ilyasova,CHI
1470,basketball,Lou Williams,ATL
1480,basketball,Amir Johnson,PHI
1517,basketball,LaMarcus Aldridge,BKN
1523,basketball,Rudy Gay,GS
1526,basketball,JJ Redick,DAL
1528,basketball,Thabo Sefolosha,HOU
1536,basketball,Rajon Rondo,CLE
1539,basketball,Kyle Lowry,PHI
1561,basketball,Paul Millsap,PHI
1572,basketball,J.J. Barea,DAL
1593,basketball,Kevin Durant,HOU
1594,basketball,Al Horford,GS
1595,basketball,Mike Conley,BOS
1596,basketball,Jeff Green,HOU
1597,basketball,Yi Jianlian,LAL
1599,basketball,Brandan Wright,HOU
1600,basketball,Joakim Noah,LAC
1601,basketball,Spencer Hawes,MIL
1603,basketball,Thaddeus Young,PHO
1607,basketball,Nick Young,DEN
1609,basketball,Marco Belinelli,SA
1611,basketball,Jason Smith,NO
1613,basketball,Jared Dudley,LAL
1614,basketball,Wilson Chandler,BKN
1617,basketball,Aaron Brooks,MIN
1622,basketball,Carl Landry,PHI
1639,basketball,Marc Gasol,MEM
1655,basketball,Joel Anthony,MIL
1670,basketball,C.J. Watson,ORL
1678,basketball,Anthony Tolliver,NO
1690,basketball,Mario Chalmers,MIA
1691,basketball,Derrick Rose,MEM
1692,basketball,Michael Beasley,BKN
1695,basketball,Russell Westbrook,SAC
1696,basketball,Eric Gordon,MEM
1697,basketball,Danilo Gallinari,MIL
1698,basketball,Jerryd Bayless,MIN
1700,basketball,Kevin Love,UTH
1701,basketball,Brook Lopez,LAC
1703,basketball,Alexis Ajinca,NO
1704,basketball,Kosta Koufos,SAC
1705,basketball,Brandon Rush,POR
1707,basketball,Darrell Arthur,PHO
1709,basketball,Jason Thompson,TOR
1712,basketball,DeAndre Jordan,NO
1713,basketball,JaVale McGee,SAC
1714,basketball,Marreese Speights,ORL
1715,basketball,Courtney Lee,DAL
1716,basketball,Robin Lopez,MIL
1717,basketball,Ryan Anderson,HOU
1718,basketball,Serge Ibaka,IND
1719,basketball,Nicolas Batum,LAC
1720,basketball,George Hill,IND
1728,basketball,Luc Mbah a Moute,HOU
1736,basketball,Goran Dragic,MIL
1744,basketball,D.J. Augustin,HOU
1745,basketball,J.J. Hickson,WAS
1754,basketball,O.J. Mayo,MIL
1761,basketball,Bobby Brown,HOU
1773,basketball,Cartier Martin,DET
1776,basketball,Blake Griffin,BOS
1777,basketball,Ricky Rubio,CLE
1779,basketball,Tyreke Evans,IND
1780,basketball,James Harden,CLE
1782,basketball,Stephen Curry,GS
1784,basketball,Brandon Jennings,MIL
1786,basketball,DeMar DeRozan,DEN
1788,basketball,James Johnson,IND
1790,basketball,Tyler Hansbrough,CHA
1794,basketball,Jrue Holiday,POR
1795,basketball,Ty Lawson,WAS
1796,basketball,Jeff Teague,MIL
1798,basketball,Darren Collison,LAL
1803,basketball,Taj Gibson,MEM
1804,basketball,DeMarre Carroll,HOU
1805,basketball,Wayne Ellington,LAL
1806,basketball,Toney Douglas,MEM
1810,basketball,Dante Cunningham,SA
1815,basketball,Jodie Meeks,TOR
1817,basketball,Jonas Jerebko,GS
1822,basketball,Danny Green,PHI
1826,basketball,Patrick Beverley,MIL
1828,basketball,Patty Mills,LAC
1838,basketball,Marcus Thornton,CLE
1842,basketball,DeJuan Blair,PHO
1843,basketball,Nando De Colo,TOR
1858,basketball,Dionte Christmas,PHI
1867,basketball,Garrett Temple,TOR
1875,basketball,Alonzo Gee,DEN
1886,basketball,Wesley Matthews,ATL
1896,basketball,Reggie Williams,NO
1904,basketball,John Wall,HOU
1905,basketball,Evan Turner,MIN
1906,basketball,Derrick Favors,ATL
1907,basketball,Wesley Johnson,WAS
1908,basketball,DeMarcus Cousins,DEN
1909,basketball,Ekpe Udoh,UTH
1910,basketball,Greg Monroe,MIN
1911,basketball,Al-Farouq Aminu,BOS
1912,basketball,Gordon Hayward,OKC
1913,basketball,Paul George,BOS
1914,basketball,Cole Aldrich,ATL
1916,basketball,Ed Davis,CLE
1917,basketball,Patrick Patterson,POR
1920,basketball,Kevin Seraphin,IND
1921,basketball,Eric Bledsoe,POR
1922,basketball,Avery Bradley,LAL
1936,basketball,Quincy Pondexter,SA
1939,basketball,Hassan Whiteside,UTH
1942,basketball,Lance Stephenson,IND
1948,basketball,Tibor Pleiss,UTH
1956,basketball,Jerome Jordan,NO
1964,basketball,Ryan Richards,SA
1966,basketball,Jeremy Evans,ATL
1967,basketball,Nemanja Bjelica,GS
1971,basketball,Timofey Mozgov,ORL
1972,basketball,Jeremy Lin,GS
1979,basketball,Ish Smith,CHA
2007,basketball,Manny Harris,DAL
2014,basketball,Elijah Millsap,PHO
2017,basketball,Donald Sloan,DEN
2023,basketball,Kyrie Irving,DAL
2025,basketball,Derrick Williams,LAL
2026,basketball,Tristan Thompson,CLE
2027,basketball,Jonas Valanciunas,DEN
2029,basketball,Bismack Biyombo,SA
2030,basketball,Brandon Knight,DAL
2031,basketball,Kemba Walker,DAL
2032,basketball,Jimmer Fredette,PHO
2033,basketball,Klay Thompson,MIA
2034,basketball,Alec Burks,MIA
2035,basketball,Markieff Morris,LAL
2036,basketball,Marcus Morris,NY
2037,basketball,Kawhi Leonard,LAC
2038,basketball,Nikola Vucevic,ORL
2039,basketball,Iman Shumpert,BKN
2040,basketball,Enes Freedom,BOS
2042,basketball,Tobias Harris,SA
2043,basketball,Donatas Motiejunas,SA
2045,basketball,Kenneth Faried,HOU
2046,basketball,Nikola Mirotic,MIL
2047,basketball,Reggie Jackson,WAS
2048,basketball,MarShon Brooks,CHI
2051,basketball,Norris Cole,OKC
2052,basketball,Jimmy Butler III,GS
2053,basketball,Cory Joseph,ORL
2054,basketball,Bojan Bogdanovic,BKN
2057,basketball,Shelvin Mack,CHA
2064,basketball,Darius Morris,NO
2067,basketball,Davis Bertans,CHA
2071,basketball,Keith Benson,MIA
2076,basketball,DeAndre Liggins,MIA
2078,basketball,E'Twaun Moore,ORL
2083,basketball,Isaiah Thomas,PHO
2088,basketball,Chris Wright,OKC
2107,basketball,Lance Thomas,BKN
2124,basketball,Dwight Buycks,DET
2132,basketball,Greg Smith,DAL
2145,basketball,Julyan Stone,CHI
2152,basketball,D.J. Kennedy,DEN
2153,basketball,Anthony Davis,WAS
2154,basketball,Michael Kidd-Gilchrist,NY
2155,basketball,Bradley Beal,LAC
2156,basketball,Dion Waiters,LAL
2157,basketball,Thomas Robinson,ATL
2158,basketball,Damian Lillard,POR
2159,basketball,Harrison Barnes,SA
2160,basketball,Terrence Ross,PHO
2161,basketball,Andre Drummond,NY
2162,basketball,Austin Rivers,MIN
2163,basketball,Meyers Leonard,MIL
2164,basketball,Jeremy Lamb,SAC
2166,basketball,John Henson,NY
2167,basketball,Maurice Harkless,HOU
2169,basketball,Tyler Zeller,SA
2170,basketball,Terrence Jones,HOU
2171,basketball,Andrew Nicholson,POR
2172,basketball,Evan Fournier,DET
2173,basketball,Jared Sullinger,PHO
2175,basketball,John Jenkins,NY
2176,basketball,Jared Cunningham,DET
2177,basketball,Tony Wroten,MEM
2178,basketball,Miles Plumlee,MEM
2180,basketball,Perry Jones-III,NO
2181,basketball,Marquis Teague,MEM
2183,basketball,Jeffery Taylor,CHA
2184,basketball,Tomas Satoransky,WAS
2186,basketball,Jae Crowder,SAC
2187,basketball,Draymond Green,GS
2189,basketball,Quincy Acy,PHO
2191,basketball,Khris Middleton,WAS
2192,basketball,Will Barton,TOR
2195,basketball,Mike Scott,PHI
2197,basketball,Justin Hamilton,BKN
2198,basketball,Darius Miller,OKC
2199,basketball,Kevin Murphy,ORL
2201,basketball,Kyle O'Quinn,PHI
2204,basketball,Ognjen Kuzmic,GS
2207,basketball,Darin Johnson,PHI
2218,basketball,Maalik Wayns,DAL
2220,basketball,P.J. Tucker,NY
2221,basketball,Kent Bazemore,SAC
2225,basketball,Hollis Thompson,SAC
2226,basketball,Scott Machado,LAL
2230,basketball,Henry Sims,UTH
2247,basketball,DeQuan Jones,IND
2252,basketball,Chris Johnson,HOU
2261,basketball,Justin Holiday,DEN
2265,basketball,Willie Reed,DET
2270,basketball,Aron Baynes,TOR
2272,basketball,Anthony Bennett,HOU
2273,basketball,Victor Oladipo,MEM
2274,basketball,Otto Porter,UTH
2275,basketball,Cody Zeller,HOU
2276,basketball,Alex Len,NY
2277,basketball,Nerlens Noel,SAC
2278,basketball,Ben McLemore,POR
2279,basketball,Kentavious Caldwell-Pope,PHI
2280,basketball,Trey Burke,OKC
2281,basketball,CJ McCollum,ATL
2282,basketball,Michael Carter-Williams,ORL
2283,basketball,Steven Adams,HOU
2284,basketball,Kelly Olynyk,SA
2285,basketball,Shabazz Muhammad,MIL
2286,basketball,Giannis Antetokounmpo,MIA
2288,basketball,Dennis Schroder,CHA
2289,basketball,Shane Larkin,BOS
2290,basketball,Sergey Karasev,BKN
2291,basketball,Tony Snell,NO
2292,basketball,Gorgui Dieng,SA
2293,basketball,Mason Plumlee,SA
2294,basketball,Solomon Hill,NY
2295,basketball,Tim Hardaway Jr.,MIA
2296,basketball,Reggie Bullock,HOU
2297,basketball,Andre Roberson,BKN
2298,basketball,Rudy Gobert,MIN
2299,basketball,Livio Jean-Charles,SA
2300,basketball,Archie Goodwin,POR
2302,basketball,Allen Crabbe,MIN
2303,basketball,Alex Abrines,OKC
2305,basketball,Isaiah Canaan,MIL
2307,basketball,Ray McCallum,CHA
2308,basketball,Tony Mitchell,MIA
2309,basketball,Nate Wolters,UTH
2310,basketball,Jeff Withey,DAL
2311,basketball,Grant Jerrett,POR
2313,basketball,Pierre Jackson,DAL
2315,basketball,Mike Muscala,OKC
2317,basketball,Erick Green,DEN
2318,basketball,Raul Neto,CLE
2319,basketball,Ryan Kelly,ATL
2321,basketball,James Ennis,DEN
2323,basketball,Lorenzo Brown,TOR
2326,basketball,Joffrey Lauvergne,SA
2334,basketball,Phil Pressey,GS
2338,basketball,Ian Clark,NO
2341,basketball,Arinze Onuaku,ORL
2343,basketball,E.J. Singler,TOR
2346,basketball,Seth Curry,GS
2347,basketball,Eric Griffin,UTH
2349,basketball,Toure' Murry,MIN
2350,basketball,Matthew Dellavedova,SAC
2353,basketball,Larry Drew II,NO
2354,basketball,Robert Covington,PHI
2357,basketball,Dewayne Dedmon,PHI
2358,basketball,Cameron Jones,GS
2360,basketball,Kalin Lucas,DET
2364,basketball,JaMychal Green,GS
2367,basketball,Jorge Gutierrez,BKN
2372,basketball,Rodney McGruder,GS
2377,basketball,Vander Blue,LAL
2383,basketball,James Nunnally,NO
2384,basketball,Troy Daniels,DEN
2385,basketball,Abdul Gaddy,OKC
2392,basketball,DJ Stephens,MEM
2393,basketball,Scotty Hopson,OKC
2394,basketball,Andrew Wiggins,MIA
2395,basketball,Jabari Parker,BOS
2396,basketball,Joel Embiid,PHI
2397,basketball,Aaron Gordon,DEN
2398,basketball,Dante Exum,WAS
2399,basketball,Marcus Smart,HOU
2400,basketball,Julius Randle,BKN
2401,basketball,Nik Stauskas,IND
2402,basketball,Noah Vonleh,SA
2403,basketball,Elfrid Payton,NO
2404,basketball,Doug McDermott,SAC
2405,basketball,Dario Saric,DET
2406,basketball,Zach LaVine,SAC
2407,basketball,T.J. Warren,NY
2409,basketball,Jusuf Nurkic,UTH
2410,basketball,James Young,NY
2411,basketball,Tyler Ennis,LAL
2412,basketball,Gary Harris,DET
2413,basketball,Bruno Caboclo,BOS
2414,basketball,Mitch McGary,OKC
2415,basketball,Jordan Adams,MEM
2416,basketball,Rodney Hood,LAC
2417,basketball,Shabazz Napier,WAS
2418,basketball,Clint Capela,HOU
2420,basketball,Bogdan Bogdanovic,HOU
2421,basketball,C.J. Wilcox,IND
2422,basketball,Josh Huestis,SA
2423,basketball,Kyle Anderson,TOR
2424,basketball,Damien Inglis,NY
2425,basketball,KJ McDaniels,OKC
2426,basketball,Joe Harris,DET
2427,basketball,Cleanthony Early,NY
2428,basketball,Jarnell Stokes,MEM
2429,basketball,Johnny O'Bryant,MIL
2431,basketball,Spencer Dinwiddie,CHA
2432,basketball,Jerami Grant,MEM
2433,basketball,Glenn Robinson,MIL
2434,basketball,Nikola Jokic,DEN
2435,basketball,Nick Johnson,SA
2436,basketball,Edy Tavares,CLE
2437,basketball,Markel Brown,OKC
2438,basketball,Dwight Powell,DAL
2439,basketball,Jordan Clarkson,NY
2441,basketball,Lamar Patterson,ATL
2444,basketball,Thanasis Antetokounmpo,MIL
2445,basketball,Vasilije Micic,MIL
2447,basketball,Nemanja Dangubic,MEM
2448,basketball,Semaj Christon,OKC
2449,basketball,Devyn Marble,GS
2452,basketball,Jordan McRae,DET
2453,basketball,Cory Jefferson,PHI
2456,basketball,Eric Moreland,OKC
2457,basketball,Will Cherry,GS
2458,basketball,Tyler Johnson,SA
2460,basketball,Shayne Whittington,IND
2461,basketball,Bryce Cotton,MEM
2463,basketball,Jack Cooley,SAC
2465,basketball,Tarik Black,DEN
2467,basketball,James Michael McAdoo,PHI
2469,basketball,CJ Fair,CHI
2470,basketball,Langston Galloway,IND
2471,basketball,Travis Wear,LAL
2472,basketball,Khem Birch,SA
2474,basketball,Brady Heslip,TOR
2475,basketball,Joe Ingles,MIN
2487,basketball,Akil Mitchell,BKN
2490,basketball,John Holland,CLE
2495,basketball,Drew Crawford,TOR
2496,basketball,Tim Frazier,CLE
2498,basketball,"Ronald Roberts, Jr.",TOR
2499,basketball,JaKarr Sampson,IND
2501,basketball,Jarell Eddie,CHI
2502,basketball,David Stockton,IND
2505,basketball,Richard Solomon,OKC
2508,basketball,Drew Gordon,BKN
2510,basketball,Sean Kilpatrick,CHI
2513,basketball,Karl-Anthony Towns,NY
2514,basketball,D'Angelo Russell,MEM
2515,basketball,Jahlil Okafor,IND
2516,basketball,Kristaps Porzingis,GS
2517,basketball,Mario Hezonja,CLE
2518,basketball,Willie Cauley-Stein,HOU
2519,basketball,Emmanuel Mudiay,SAC
2520,basketball,Stanley Johnson,SA
2521,basketball,Frank Kaminsky,PHO
2522,basketball,Justise Winslow,TOR
2523,basketball,Myles Turner,MIL
2524,basketball,Trey Lyles,MIN
2525,basketball,Devin Booker,PHO
2526,basketball,Cameron Payne,PHI
2527,basketball,Kelly Oubre Jr.,IND
2528,basketball,Terry Rozier,MIA
2529,basketball,Rashad Vaughn,DAL
2530,basketball,Sam Dekker,TOR
2531,basketball,Jerian Grant,HOU
2532,basketball,Delon Wright,IND
2533,basketball,Justin Anderson,IND
2534,basketball,Bobby Portis,MIA
2535,basketball,Rondae Hollis-Jefferson,POR
2536,basketball,Tyus Jones,DEN
2537,basketball,Jarell Martin,CLE
2539,basketball,Larry Nance Jr.,IND
2540,basketball,RJ Hunter,CHA
2541,basketball,Chris McCullough,DET
2542,basketball,Kevon Looney,LAL
2543,basketball,Cedi Osman,SA
2544,basketball,Montrezl Harrell,PHI
2545,basketball,Jordan Mickey,MIA
2546,basketball,Anthony Brown,PHI
2547,basketball,Willy Hernangomez,NO
2548,basketball,Rakeem Christmas,IND
2549,basketball,Richaun Holmes,WAS
2550,basketball,Darrun Hilliard,SA
2552,basketball,Josh Richardson,DET
2553,basketball,Pat Connaughton,CHA
2554,basketball,Olivier Hanlan,SA
2555,basketball,Joe Young,IND
2556,basketball,Andrew Harrison,GS
2558,basketball,Norman Powell,CHI
2560,basketball,Dakari Johnson,MEM
2565,basketball,Sir'Dominic Pointer,CLE
2568,basketball,Branden Dawson,ORL
2570,basketball,J.P. Tokoto,NY
2573,basketball,Luis Montero,DET
2574,basketball,Cristiano Felicio,CHI
2575,basketball,Aaron Harrison,DAL
2576,basketball,Boban Marjanovic,HOU
2577,basketball,Duje Dukan,SAC
2578,basketball,Jonathon Simmons,PHI
2580,basketball,Axel Toupane,MIL
2583,basketball,Cliff Alexander,NO
2584,basketball,Brandon Ashley,DAL
2588,basketball,Salah Mejri,DAL
2590,basketball,Jonathan Holmes,BOS
2591,basketball,Treveon Graham,DET
2594,basketball,Michael Frazier,HOU
2595,basketball,Greg Whittington,DEN
2596,basketball,Marcelo Huertas,HOU
2605,basketball,Travis Trice,MIL
2627,basketball,Omari Johnson,IND
2628,basketball,Keifer Sykes,BKN
2631,basketball,Vince Hunter,MEM
2634,basketball,T.J. McConnell,IND
2635,basketball,Christian Wood,LAL
2640,basketball,Quinn Cook,SAC
2645,basketball,Briante Weber,MIA
2647,basketball,Julian Washburn,GS
2658,basketball,Xavier Munford,MIL
2662,basketball,Alan Williams,BKN
2665,basketball,Denzel Valentine,BOS
2666,basketball,Paul Zipser,BKN
2667,basketball,Maurice Ndour,NY
2668,basketball,Marshall Plumlee,MIL
2669,basketball,Ron Baker,WAS
2670,basketball,Mindaugas Kuzminskas,NY
2671,basketball,Kay Felder,TOR
2672,basketball,Georges Niang,GS
2673,basketball,Patrick McCaw,TOR
2674,basketball,Damian Jones,CLE
2675,basketball,Timothe Luwawu-Cabarrot,PHO
2676,basketball,Ben Simmons,LAC
2677,basketball,James Webb III,BKN
2678,basketball,Sergio Rodriguez,PHI
2679,basketball,Shawn Long,HOU
2680,basketball,Danuel House,DET
2681,basketball,Daniel Ochefu,WAS
2682,basketball,Michael Gbinije,GS
2683,basketball,Henry Ellenson,TOR
2684,basketball,Mike Tobey,CHA
2685,basketball,Isaiah Whitehead,DET
2686,basketball,Caris LeVert,MIL
2687,basketball,Egidijus Mockevicius,BKN
2688,basketball,Kris Dunn,LAC
2689,basketball,Troy Williams,SAC
2690,basketball,Wade Baldwin IV,IND
2691,basketball,Deyonta Davis,HOU
2692,basketball,Wayne Selden,NY
2693,basketball,Ivica Zubac,IND
2694,basketball,Brandon Ingram,TOR
2695,basketball,Chinanu Onuaku,POR
2696,basketball,Taurean Prince,DET
2697,basketball,Matt Costello,SA
2698,basketball,Malcolm Delaney,ATL
2699,basketball,DeAndre' Bembry,MIL
2700,basketball,Cheick Diallo,MIA
2701,basketball,Buddy Hield,ATL
2702,basketball,Demetrius Jackson,LAL
2703,basketball,Ben Bentil,DAL
2704,basketball,Abdel Nader,PHO
2705,basketball,Jaylen Brown,PHI
2706,basketball,Dejounte Murray,NO
2707,basketball,Pascal Siakam,IND
2708,basketball,Fred VanVleet,HOU
2709,basketball,Jarrod Uthoff,NO
2710,basketball,Jakob Poeltl,TOR
2711,basketball,Brice Johnson,MEM
2712,basketball,Diamond Stone,CHI
2713,basketball,Joel Bolomboy,MIL
2714,basketball,Tyrone Wallace,NO
2715,basketball,Marcus Paige,CHA
2716,basketball,Stefan Jankovic,MIA
2717,basketball,Thon Maker,HOU
2718,basketball,Malcolm Brogdon,NY
2719,basketball,Dorian Finney-Smith,CHA
2720,basketball,Jameel Warney,DAL
2721,basketball,AJ Hammons,MIA
2722,basketball,Kyle Collinsworth,UTH
2723,basketball,Dragan Bender,GS
2724,basketball,Tyler Ulis,SAC
2725,basketball,Marquese Chriss,OKC
2726,basketball,Domantas Sabonis,SAC
2727,basketball,Daniel Hamilton,CLE
2728,basketball,Jake Layman,BOS
2729,basketball,Isaiah Cousins,UTH
2730,basketball,Georgios Papagiannis,POR
2731,basketball,Malachi Richardson,PHI
2732,basketball,Skal Labissiere,WAS
2733,basketball,Jamal Murray,DEN
2734,basketball,Juancho Hernangomez,TOR
2735,basketball,Malik Beasley,DET
2736,basketball,Stephen Zimmerman,SA
2738,basketball,Alex Poythress,ATL
2739,basketball,Zach Auguste,LAL
2740,basketball,Quincy Ford,NO
2742,basketball,Jonathan Gibson,BOS
2743,basketball,Keith Hornsby,DAL
2744,basketball,Nicolas Brussino,ATL
2745,basketball,C.J. Williams,BKN
2746,basketball,Elgin Cook,GS
2747,basketball,J.J. Avila,CHI
2748,basketball,Brandon Paul,SA
2749,basketball,Anthony Barber,ATL
2750,basketball,Orlando Johnson,MIL
2751,basketball,J.J. O'Brien,MIL
2752,basketball,D'Vauntes Smith-Rivera,CHI
2753,basketball,Chasson Randle,MIN
2754,basketball,Rasheed Sulaimon,CHA
2755,basketball,Andrew Andrews,CHA
2756,basketball,Damion Lee,PHO
2757,basketball,Jalen Jones,WAS
2758,basketball,Marcus Georges-Hunt,BOS
2759,basketball,Okaro White,CHI
2760,basketball,Nick Zeisloft,IND
2761,basketball,Beau Beech,BKN
2762,basketball,Yogi Ferrell,LAC
2763,basketball,Casper Ware,WAS
2764,basketball,Sheldon Mac,CLE
2765,basketball,Nikola Jovanovic,DET
2766,basketball,Trey Freeman,DET
2767,basketball,Shawn Dawson,NO
2768,basketball,Patricio Garino,ORL
2769,basketball,Nicolas Laprovittola,SA
2770,basketball,Ryan Arcidiacono,DET
2771,basketball,Bryn Forbes,MIN
2772,basketball,Yanick Moreira,TOR
2773,basketball,Derrick Jones Jr.,LAC
2774,basketball,Shaquille Harrison,MEM
2775,basketball,Mike Moser,PHO
2776,basketball,Tim Quarterman,HOU
2778,basketball,Chris Crawford,MEM
2779,basketball,Scott Wood,GS
2780,basketball,Isaiah Taylor,TOR
2781,basketball,Gary Payton II,GS
2782,basketball,Kyle Wiltjer,TOR
2783,basketball,Josh Magette,ORL
2784,basketball,Kaleb Tarczewski,OKC
2785,basketball,Jaleel Roberts,MIL
2786,basketball,Julian Jacobs,LAL
2787,basketball,Thomas Walkup,CHI
2788,basketball,Perry Ellis,CHA
2789,basketball,Vashil Fernandez,MIA
2790,basketball,Jaleel Cousins,DAL
2791,basketball,Mamadou N'Diaye,DET
2792,basketball,David Nwaba,DET
2793,basketball,Lauri Markkanen,UTH
2794,basketball,Antonio Blakeney,CHI
2795,basketball,Damyean Dotson,NY
2796,basketball,Frank Ntilikina,CHA
2797,basketball,Ognjen Jaramaz,NY
2798,basketball,Luke Kornet,SA
2799,basketball,T.J. Leaf,POR
2800,basketball,Edmond Sumner,CHA
2801,basketball,Ike Anigbogu,NO
2802,basketball,Jordan Bell,IND
2803,basketball,Chris Boucher,UTH
2804,basketball,Markelle Fultz,TOR
2805,basketball,Mathias Lessort,LAC
2806,basketball,Jonah Bolden,PHO
2807,basketball,Furkan Korkmaz,IND
2808,basketball,Mike Young,WAS
2809,basketball,Devin Robinson,TOR
2810,basketball,Luke Kennard,PHO
2811,basketball,Malik Monk,SAC
2812,basketball,Dwayne Bacon,LAL
2813,basketball,Yakuba Ouattara,BKN
2814,basketball,Sasha Vezenkov,TOR
2815,basketball,Jarrett Allen,CLE
2816,basketball,Justin Patton,HOU
2817,basketball,Rade Zagorac,MEM
2818,basketball,Dillon Brooks,PHO
2819,basketball,Kobi Simmons,TOR
2820,basketball,Ivan Rabb,NY
2821,basketball,Thomas Bryant,CLE
2822,basketball,Lonzo Ball,CLE
2823,basketball,Kyle Kuzma,MIL
2824,basketball,Alex Caruso,OKC
2825,basketball,Josh Hart,NY
2826,basketball,Isaiah Hartenstein,OKC
2827,basketball,Zhou Qi,HOU
2828,basketball,Cameron Oliver,ATL
2829,basketball,John Collins,DET
2830,basketball,Alpha Kaba,ATL
2831,basketball,Tyler Dorsey,DAL
2832,basketball,Frank Jackson,UTH
2833,basketball,Charles Cooke,MIA
2834,basketball,Jayson Tatum,BOS
2835,basketball,Jabari Bird,ATL
2836,basketball,Semi Ojeleye,LAC
2837,basketball,Kadeem Allen,NY
2838,basketball,Ante Zizic,CLE
2839,basketball,Jaron Blossomgame,HOU
2840,basketball,Derrick White,BOS
2841,basketball,Malcolm Miller,UTH
2842,basketball,Kennedy Meeks,TOR
2843,basketball,OG Anunoby,NY
2844,basketball,Alfonzo McKinnie,CHI
2845,basketball,Sindarius Thornwell,ORL
2846,basketball,Jawun Evans,OKC
2847,basketball,Milos Teodosic,LAC
2848,basketball,Nigel Williams-Goss,UTH
2849,basketball,Royce O'Neale,CHA
2850,basketball,Tony Bradley,ATL
2851,basketball,Donovan Mitchell,CLE
2852,basketball,Bam Adebayo,MIA
2853,basketball,Matt Williams Jr.,MIA
2854,basketball,Derrick Walton,DET
2855,basketball,Bronson Koenig,CHI
2856,basketball,Sterling Brown,LAL
2857,basketball,Jalen Moore,MIL
2858,basketball,D.J. Wilson,PHI
2859,basketball,Johnathan Motley,PHO
2860,basketball,Dennis Smith,DAL
2861,basketball,Josh Jackson,TOR
2862,basketball,Davon Reed,LAL
2863,basketball,Alec Peters,PHO
2864,basketball,Terrance Ferguson,NY
2865,basketball,Zach Collins,CHI
2866,basketball,Caleb Swanigan,POR
2867,basketball,Justin Jackson,MIN
2868,basketball,Harry Giles,CHA
2869,basketball,Frank Mason,LAL
2870,basketball,De'Aaron Fox,SA
2871,basketball,Monte Morris,IND
2872,basketball,Vlatko Cancar,DEN
2873,basketball,Torrey Craig,BOS
2874,basketball,Tyler Lydon,SAC
2875,basketball,Wes Iwundu,SAC
2876,basketball,Jonathan Isaac,ORL
2877,basketball,Mangok Mathiang,CHA
2878,basketball,Melo Trimble,MIN
2879,basketball,Gian Clavell,DAL
2880,basketball,Jacob Wiley,BKN
2881,basketball,Ben Moore,SA
2882,basketball,Antonius Cleveland,DAL
2883,basketball,Xavier Rathan-Mayes,MEM
2884,basketball,Nigel Hayes-Davis,MIL
2885,basketball,Jamel Artis,SAC
2886,basketball,Troy Caupain,POR
2887,basketball,London Perrantes,POR
2888,basketball,Rodney Purvis,MIA
2889,basketball,L.J. Peak,BOS
2890,basketball,Andrew White,NY
2891,basketball,James Blackmon-Jr.,PHI
2892,basketball,Tyler Cavanaugh,UTH
2893,basketball,Trey McKinney-Jones,IND
2894,basketball,Terry Henderson,CHA
2895,basketball,Naz Mitrou-Long,IND
2896,basketball,Peter Jok,PHO
2897,basketball,Isaiah Briscoe,ORL
2898,basketball,Matt Jones,SAC
2899,basketball,Isaiah Hicks,NY
2900,basketball,T.J. Williams,CHA
2902,basketball,Luke Petrasek,CHA
2903,basketball,Erik McCree,UTH
2904,basketball,Jordan Mathews,ATL
2905,basketball,Jaylen Johnson,CHI
2906,basketball,Jacob Pullen,PHI
2907,basketball,Landry Nnoko,DET
2908,basketball,Derek Willis,DET
2909,basketball,Amida Brimah,DEN
2910,basketball,Bryce Alford,OKC
2911,basketball,Rashawn Thomas,OKC
2912,basketball,Jeremy Morgan,MEM
2913,basketball,JaCorey Williams,CLE
2914,basketball,Milton Doyle,CHI
2915,basketball,Jeremy Senglin,BKN
2916,basketball,Guerschon Yabusele,CHI
2917,basketball,Daniel Theis,OKC
2918,basketball,Taylor Braun,UTH
2919,basketball,Maxi Kleber,LAL
2920,basketball,PJ Dozier,MIN
2921,basketball,Marcus Williams,SAC
2922,basketball,V.J. Beachem,LAL
2923,basketball,Devin Williams,BOS
2924,basketball,Jamil Wilson,LAC
2925,basketball,Alex Hamilton,GS
2926,basketball,George de-Paula,HOU
2927,basketball,LaDontae Henton,LAC
2928,basketball,Torian Graham,UTH
2929,basketball,Durand Scott,MEM
2930,basketball,Daniel Dixon,BOS
2931,basketball,Reggie Hearn,LAL
2932,basketball,Isaac Hamilton,CLE
2933,basketball,Davion Berry,TOR
2934,basketball,Yannis Morin,OKC
2935,basketball,Kamari Murphy,BKN
2936,basketball,Tahjere McCall,ATL
2937,basketball,Trevor Thompson,GS
2938,basketball,Ike Iroegbu,LAC
2939,basketball,Myke Henry,OKC
2940,basketball,Josh Gray,BKN
2941,basketball,Walter Lemon,IND
2942,basketball,Jaylen Morris,SA
2943,basketball,Le'Bryan Nash,HOU
2944,basketball,Andre Ingram,LAL
2945,basketball,Aaron Jackson,HOU
2946,basketball,Chandler Hutchison,PHO
2947,basketball,Wendell Carter Jr.,ORL
2948,basketball,Kevin Knox,CHI
2949,basketball,Mitchell Robinson,BOS
2950,basketball,Collin Sexton,LAL
2951,basketball,Alize Johnson,MIN
2952,basketball,Aaron Holiday,HOU
2953,basketball,Jacob Evans,NY
2954,basketball,Khyri Thomas,HOU
2955,basketball,Isaac Bonga,TOR
2956,basketball,Landry Shamet,NY
2957,basketball,Mikal Bridges,NY
2958,basketball,Ray Spalding,HOU
2959,basketball,Kostas Antetokounmpo,CHI
2960,basketball,Darius Brown,CLE
2961,basketball,Issuf Sanon,WAS
2962,basketball,Bruce Brown,DEN
2963,basketball,Arnoldas Kulboka,CHA
2964,basketball,Shai Gilgeous-Alexander,OKC
2965,basketball,Hamidou Diallo,WAS
2966,basketball,Rodions Kurucs,MIL
2967,basketball,Dzanan Musa,DET
2968,basketball,Josh Okogie,UTH
2969,basketball,Keita Bates-Diop,MIN
2970,basketball,Jaren Jackson Jr.,UTH
2971,basketball,Jevon Carter,ORL
2972,basketball,Svi Mykhailiuk,UTH
2973,basketball,Moritz Wagner,BKN
2974,basketball,De'Anthony Melton,GS
2975,basketball,Devonte' Graham,POR
2976,basketball,Kevin Huerter,DET
2977,basketball,Omari Spellman,NY
2978,basketball,Luka Doncic,LAL
2979,basketball,Tony Carr,NO
2980,basketball,Robert Williams III,POR
2981,basketball,Chimezie Metu,DET
2982,basketball,Lonnie Walker IV,DEN
2983,basketball,Miles Bridges,PHO
2984,basketball,Jerome Robinson,GS
2985,basketball,Vincent Edwards,HOU
2986,basketball,Grayson Allen,CHA
2987,basketball,Donte DiVincenzo,MIN
2988,basketball,Shake Milton,LAL
2989,basketball,Jalen Brunson,NY
2990,basketball,Trae Young,WAS
2991,basketball,Zhaire Smith,CLE
2992,basketball,Elie Okobo,BKN
2993,basketball,Deandre Ayton,WAS
2994,basketball,George King,DAL
2995,basketball,Kevin Hervey,OKC
2996,basketball,Devon Hall,OKC
2997,basketball,Anfernee Simons,PHI
2998,basketball,Gary Trent Jr.,MIL
2999,basketball,Marvin Bagley III,DEN
3000,basketball,Michael Porter Jr.,BKN
3001,basketball,Thomas Welsh,CHA
3002,basketball,Justin Jackson,ORL
3003,basketball,Jarred Vanderbilt,LAL
3004,basketball,Melvin Frazier,OKC
3005,basketball,Mo Bamba,UTH
3006,basketball,J.P. Macura,CLE
3007,basketball,Jaylen Adams,MIL
3008,basketball,Malik Newman,CLE
3009,basketball,Brad Wanamaker,WAS
3010,basketball,Allonzo Trier,NY
3011,basketball,Jared Terrell,MIN
3012,basketball,Ryan Broekhoff,PHI
3013,basketball,Angel Delgado,LAC
3014,basketball,Billy Preston,CLE
3015,basketball,Deonte Burton,SAC
3016,basketball,Duncan Robinson,DET
3017,basketball,Keenan Evans,DET
3018,basketball,Trevon Bluiett,UTH
3019,basketball,Elijah Stewart,IND
3020,basketball,Yuta Watanabe,MEM
3021,basketball,Johnathan Williams,WAS
3022,basketball,Rawle Alkins,NO
3023,basketball,Garlon Green,NO
3024,basketball,Kenrich Williams,OKC
3025,basketball,Yanyuhang Ding,DAL
3026,basketball,Trevon Duval,HOU
3027,basketball,Daryl Macon,MIA
3028,basketball,Joe Chealey,CHA
3029,basketball,Wenyen Gabriel,MEM
3030,basketball,Yante Maten,BOS
3031,basketball,Johnny Hamilton,ATL
3032,basketball,Brandon McCoy,NO
3033,basketball,Terry Larrier,LAC
3034,basketball,Codi Miller-McIntyre,DAL
3035,basketball,Theo Pinson,DAL
3036,basketball,Jordan Loyd,TOR
3037,basketball,DeVaughn Akoon-Purcell,OKC
3038,basketball,Marcus Derrickson,ATL
3039,basketball,Rob Gray,HOU
3040,basketball,Tyler Davis,OKC
3041,basketball,Markel Crawford,MEM
3042,basketball,Marcus Lee,MIA
3043,basketball,Mitchell Creek,MIN
3044,basketball,Jordan McLaughlin,SA
3045,basketball,Donte Grantham,LAC
3046,basketball,Deng Adel,BKN
3047,basketball,Trey Lewis,UTH
3048,basketball,Brandon Goodwin,NY
3049,basketball,Norvel Pelle,POR
3050,basketball,Chris Chiozza,BKN
3051,basketball,Drew Eubanks,SAC
3052,basketball,Doral Moore,MEM
3053,basketball,Robert Johnson,MIL
3054,basketball,Kaiser Gates,NO
3055,basketball,Tyrius Walker,NY
3056,basketball,Tiwian Kendley,WAS
3057,basketball,Jairus Lyles,UTH
3058,basketball,Isaac Haas,UTH
3059,basketball,Zach Lofton,DET
3060,basketball,Darius Johnson-Odom,MIN
3061,basketball,Jonathan Stark,MIN
3062,basketball,Desi Rodriguez,LAC
3063,basketball,Cameron Reynolds,HOU
3064,basketball,Bonzie Colson,MIL
3065,basketball,Zach Smith,CHA
3066,basketball,Jeff Roberson,BOS
3067,basketball,Jaylen Barford,CHA
3068,basketball,Nick King,BOS
3069,basketball,Justin Bibbs,LAC
3070,basketball,Levi Randolph,CLE
3071,basketball,Kendrick Nunn,WAS
3072,basketball,Isaiah Wilkins,CHA
3073,basketball,Jeffrey Carroll,LAL
3074,basketball,Joel Berry II,LAL
3075,basketball,Gary Clark,NO
3076,basketball,Emanuel Terry,PHO
3077,basketball,Gabe York,IND
3078,basketball,B.J. Johnson,ORL
3079,basketball,Nuni Omot,NY
3080,basketball,Braian Angola-Rodas,ORL
3081,basketball,Devin Davis,ORL
3082,basketball,Taren Sullivan,SAC
3083,basketball,Phillip Carr,NY
3084,basketball,Ismaila Kane,MEM
3085,basketball,Gabe Vincent,ATL
3086,basketball,Paul Watson,SA
3087,basketball,Jeff Coby,NY
3088,basketball,Isaac Humphries,ORL
3089,basketball,D.J. Hogg,PHI
3090,basketball,Donte Ingram,DAL
3091,basketball,Brandon Austin,SAC
3092,basketball,Brandon Sampson,CHI
3093,basketball,C.J. Anderson,ATL
3094,basketball,John Petrucelli,ORL
3095,basketball,Raphiael Putney,MIA
3096,basketball,Angel Rodriguez,HOU
3097,basketball,Tim Bond,HOU
3098,basketball,Demetrius Denzel-Dyson,IND
3099,basketball,Haywood Highsmith,PHO
3100,basketball,Stephan Hicks,IND
3101,basketball,Jordan Sibert,ATL
3102,basketball,Dairis Bertans,NO
3103,basketball,Cody Demps,SAC
3104,basketball,Dusty Hannahs,GS
3105,basketball,Jemerrio Jones,LAL
3106,basketball,Billy Garrett,NY
3107,basketball,Tarik Phillip,WAS
3108,basketball,Daniel Gafford,DAL
3109,basketball,Coby White,CHA
3110,basketball,RJ Barrett,TOR
3111,basketball,Kyle Guy,MIA
3112,basketball,Dylan Windler,ATL
3113,basketball,Darius Garland,LAC
3114,basketball,KZ Okpala,SAC
3115,basketball,Jarrell Brantley,UTH
3116,basketball,Jordan Poole,NO
3117,basketball,Eric Paschall,MIN
3118,basketball,Miye Oni,MEM
3119,basketball,Ty Jerome,MEM
3120,basketball,Marial Shayok,PHI
3121,basketball,Bruno Fernando,TOR
3122,basketball,Carsen Edwards,DET
3123,basketball,Admiral Schofield,ORL
3124,basketball,Rui Hachimura,LAC
3125,basketball,Isaiah Roby,NY
3126,basketball,Jalen McDaniels,NO
3127,basketball,P.J. Washington,DAL
3128,basketball,Cody Martin,IND
3129,basketball,Nic Claxton,CHI
3130,basketball,Mfiondu Kabengele,BOS
3131,basketball,Nickeil Alexander-Walker,ATL
3132,basketball,Cameron Johnson,DEN
3133,basketball,Jaylen Nowell,WAS
3134,basketball,Ja Morant,POR
3135,basketball,De'Andre Hunter,SAC
3136,basketball,Jaxson Hayes,UTH
3137,basketball,Cam Reddish,LAL
3138,basketball,Jordan Bone,ORL
3139,basketball,Zion Williamson,NO
3140,basketball,Grant Williams,CHA
3141,basketball,Matisse Thybulle,LAL
3142,basketball,Tremont Waters,WAS
3143,basketball,Romeo Langford,PHI
3144,basketball,Keldon Johnson,SA
3145,basketball,Quinndary Weatherspoon,LAL
3146,basketball,Dewan Hernandez,TOR
3147,basketball,Jaylen Hands,BKN
3148,basketball,Terance Mann,BKN
3149,basketball,Justin Wright-Foreman,UTH
3150,basketball,Bol Bol,PHO
3151,basketball,Tyler Herro,MIL
3152,basketball,Kevin Porter Jr.,MIL
3153,basketball,Jarrett Culver,ORL
3154,basketball,Brandon Clarke,MEM
3155,basketball,Nassir Little,MIA
3156,basketball,Ignas Brazdeikis,ORL
3157,basketball,Justin James,NO
3158,basketball,Talen Horton-Tucker,CHI
3159,basketball,Chuma Okeke,CLE
3160,basketball,Goga Bitadze,ORL
3161,basketball,Alen Smailagic,GS
3162,basketball,Sekou Doumbouya,PHI
3163,basketball,Deividas Sirvydis,IND
3164,basketball,Didi Louzada,POR
3165,basketball,Luka Samanic,UTH
3166,basketball,Darius Bazley,UTH
3167,basketball,Vanja Marinkovic,SAC
3168,basketball,Nicolo Melli,DAL
3169,basketball,Brian Bowen,MIN
3170,basketball,JaKeenan Gant,IND
3171,basketball,Matt Thomas,CHI
3172,basketball,Adam Mokoka,OKC
3173,basketball,Vincent Poirier,NY
3174,basketball,Dean Wade,PHI
3175,basketball,Chris Clemons,ATL
3176,basketball,Shamorie Ponds,TOR
3177,basketball,William McDowell-White,HOU
3178,basketball,Naz Reid,CHA
3179,basketball,Luguentz Dort,ATL
3180,basketball,Justin Robinson,DET
3181,basketball,John Konchar,MIN
3182,basketball,Zach Norvell,CHI
3183,basketball,Amir Coffey,PHO
3184,basketball,Garrison Mathews,IND
3185,basketball,Ky Bowman,LAC
3186,basketball,William Howard,HOU
3187,basketball,Kyle Alexander,MIA
3188,basketball,Stanton Kidd,UTH
3189,basketball,Christ Koumadje,PHI
3190,basketball,Luke Maye,MIL
3191,basketball,Tacko Fall,CLE
3192,basketball,Javonte Green,DET
3193,basketball,Max Strus,LAC
3194,basketball,Isaiah Pineiro,SAC
3195,basketball,Caleb Martin,DAL
3196,basketball,Marko Guduric,MEM
3197,basketball,Josh Reaves,DAL
3198,basketball,Jordan Caroline,LAL
3204,basketball,Josh Perkins,CHA
3205,basketball,Kelan Martin,NO
3206,basketball,Jaylen Hoard,OKC
3207,basketball,Tyler Cook,CHI
3208,basketball,Hassani Gravett,ORL
3209,basketball,Rayjon Tucker,MIL
3210,basketball,Eric Mika,SAC
3211,basketball,Jalen Lecque,MIL
3212,basketball,Terence Davis,SAC
3213,basketball,Aric Holman,MIA
3214,basketball,Lindell Wigginton,MIL
3215,basketball,Jordan Murphy,MIN
3216,basketball,Yudai Baba,DAL
3217,basketball,Isaiah Miles,PHI
3218,basketball,Jeremiah Martin ,CLE
3219,basketball,Chris Silva,ATL
3220,basketball,Mychal Mulder,MEM
3221,basketball,Ahmed Hill,CHA
3222,basketball,Robert Franks,ORL
3223,basketball,Oshae Brissett,PHI
3224,basketball,Sagaba Konate,TOR
3225,basketball,Juwan Morgan,LAC
3226,basketball,Moses Brown,DEN
3227,basketball,Matt Mooney,NY
3228,basketball,Charlie Brown,MEM
3229,basketball,Armoni Brooks,BKN
3230,basketball,Phil Booth,WAS
3231,basketball,Louis King,PHI
3232,basketball,Simi Shittu,ORL
3233,basketball,Devontae Cacok,DET
3234,basketball,Kavell Bigby-Williams,NO
3235,basketball,Jalen Adams,NO
3236,basketball,Zylan Cheatham,NO
3237,basketball,Javon Bess,NO
3238,basketball,Bryce Brown,BKN
3239,basketball,Dakota Mathias,IND
3240,basketball,DaQuan Jeffries,SAC
3241,basketball,Vic Law,ORL
3242,basketball,Amir Hinton,NY
3243,basketball,V.J. King,NY
3244,basketball,John Egbunu,BKN
3245,basketball,Lamar Peters,NY
3246,basketball,Kenny Wooten,HOU
3247,basketball,Juan Toscano-Anderson,SAC
3248,basketball,Daulton Hommes,NO
3249,basketball,Dedric Lawson,SA
3250,basketball,James Palmer,LAC
3251,basketball,Justin Simon,CHI
3252,basketball,Marques Bolden,GS
3253,basketball,Todd Withers,DET
3254,basketball,Donta Hall,ORL
3255,basketball,Jon Davis,ORL
3256,basketball,Kavion Pippen,GS
3257,basketball,Norense Odiase,PHO
3258,basketball,David Kramer,PHO
3259,basketball,Tariq Owens,PHO
3260,basketball,Jared Harper,NO
3261,basketball,Keljin Blevins,POR
3262,basketball,Barry Brown,MIN
3263,basketball,Tyus Battle,MIN
3264,basketball,CJ Massinburg,BKN
3265,basketball,Devin Cannady,NO
3266,basketball,Ahmad Caver,IND
3267,basketball,Anzejs Pasecniks,MIL
3268,basketball,BJ Taylor,LAC
3269,basketball,Shaq Buchanan,MEM
3270,basketball,Marcus Allen,LAL
3271,basketball,Matt Morgan,CHA
3272,basketball,Chad Brown,DAL
3273,basketball,Tre'Shawn Thurman,DET
3274,basketball,Bennie Boatwright,IND
3275,basketball,Matur Maker,HOU
3276,basketball,Kenny Gabriel,ATL
3277,basketball,Skyler Flatten,MIA
3278,basketball,Bubu Palo,MIA
3279,basketball,Mark Ogden,ATL
3280,basketball,Jeremy Pargo,GS
3281,basketball,Jontay Porter,TOR
3282,basketball,Anthony Edwards,MIN
3283,basketball,LaMelo Ball,MIN
3284,basketball,James Wiseman,IND
3285,basketball,Killian Hayes,SAC
3286,basketball,Deni Avdija,POR
3287,basketball,Obi Toppin,IND
3288,basketball,Onyeka Okongwu,ATL
3289,basketball,Tyrese Haliburton,IND
3290,basketball,Devin Vassell,SA
3291,basketball,Isaac Okoro,CHI
3292,basketball,Patrick Williams,CHI
3293,basketball,Cole Anthony,PHO
3294,basketball,Aaron Nesmith,IND
3295,basketball,Jalen Smith,CHI
3296,basketball,Vernon Carey,UTH
3297,basketball,Theo Maledon,PHO
3298,basketball,Precious Achiuwa,SAC
3299,basketball,Tyrell Terry,MEM
3300,basketball,Saddiq Bey,NO
3301,basketball,Tyrese Maxey,PHI
3302,basketball,Josh Green,UTH
3303,basketball,Jaden McDaniels,MIN
3304,basketball,Kira Lewis,WAS
3305,basketball,Nico Mannion,GS
3306,basketball,RJ Hampton,PHI
3307,basketball,Jahmi'us Ramsey,TOR
3308,basketball,Zeke Nnaji,DEN
3309,basketball,Devon Dotson,WAS
3310,basketball,Tyler Bey,HOU
3311,basketball,Daniel Oturu,TOR
3312,basketball,Isaiah Stewart,MEM
3313,basketball,Elijah Hughes,MIL
3314,basketball,Immanuel Quickley,TOR
3315,basketball,Paul Reed,DET
3316,basketball,Reggie Perry,POR
3317,basketball,Leandro Bolmaro,UTH
3318,basketball,Isaiah Joe,DET
3319,basketball,Filip Petrusev,SAC
3320,basketball,Udoka Azubuike,PHO
3321,basketball,Aleksej Pokusevski,CHA
3322,basketball,Cassius Stanley,DET
3323,basketball,CJ Elleby,MIN
3324,basketball,Tre Jones,CHI
3325,basketball,Malachi Flynn,CHA
3326,basketball,Payton Pritchard,BOS
3327,basketball,Nate Hinton,HOU
3328,basketball,Grant Riller,PHI
3329,basketball,Ashton Hagans,POR
3330,basketball,Jordan Nwora,TOR
3331,basketball,Cassius Winston,WAS
3332,basketball,Lamar Stevens,MEM
3333,basketball,Jay Scrubb,BOS
3334,basketball,Nick Richards,MIA
3335,basketball,Austin Wiley,FA
3336,basketball,Omer Yurtseven,GS
3337,basketball,Markus Howard,DEN
3338,basketball,Karim Mane,ORL
3339,basketball,Tyrique Jones,FA
3340,basketball,Mamadi Diakite,PHO
3341,basketball,Yoeli Childs,WAS
3347,basketball,Justinian Jessup,GS
3358,basketball,Robert Woodard,OKC
3361,basketball,Skylar Mays,MIN
3363,basketball,Sam Merrill,CLE
3367,basketball,Desmond Bane,ORL
3372,basketball,Jalen Harris,NY
3374,basketball,Saben Lee,PHO
3387,basketball,Xavier Tillman,CHA
3393,basketball,Sean McDermott,MEM
3394,basketball,Zavier Simpson,CHA
3395,basketball,Trevelin Queen,ORL
3396,basketball,Trent Forrest,ATL
3399,basketball,Myles Powell,PHI
3401,basketball,Rayshaun Hammonds,IND
3406,basketball,Nathan Knight,BOS
3407,basketball,Romaro Gill,UTH
3409,basketball,Marko Simonovic,CHI
3411,basketball,Vit Krejci,POR
3413,basketball,Yam Madar,BOS
3414,basketball,KJ Martin,UTH
3415,basketball,Facundo Campazzo,DAL
3416,basketball,Anthony Gill,WAS
3417,basketball,Jae'Sean Tate,HOU
3418,basketball,Dwayne Sutton,GS
3419,basketball,Anthony Lamb,GS
3420,basketball,Xavier Sneed,CHA
3422,basketball,Ty-Shon Alexander,CHA
3423,basketball,Killian Tillie,MEM
3424,basketball,Breein Tyree,TOR
3425,basketball,Paul Eboua,BKN
3426,basketball,Mason Jones,SAC
3428,basketball,Jahlil Tripp,MEM
3429,basketball,Charles Matthews,CLE
3430,basketball,Javin DeLaurier,MIL
3431,basketball,Kahlil Whitney,CHA
3432,basketball,Nate Darling,LAC
3433,basketball,Brodric Thomas,SAC
3434,basketball,Nate Sestina,BKN
3435,basketball,Jordan Bowden,BKN
3436,basketball,Jake Toolson,UTH
3438,basketball,Will Magnay,NO
3439,basketball,LiAngelo Ball,CHA
3440,basketball,Ade Murkey,SAC
3441,basketball,Lamine Diane,PHI
3442,basketball,EJ Montgomery,MIL
3444,basketball,Marlon Taylor,WAS
3445,basketball,Caleb Homesley,WAS
3446,basketball,Keandre Cook,CHA
3447,basketball,Kevon Harris,HOU
3448,basketball,Tres Tinkle,LAL
3449,basketball,Naji Marshall,DAL
3450,basketball,Jordan Ford,SAC
3451,basketball,Malik Fitts,LAC
3452,basketball,Devonte Patterson,DAL
3453,basketball,Freddie Gillespie,ORL
3454,basketball,Josh Hall,OKC
3455,basketball,Kaleb Wesson,GS
3456,basketball,Jon Teske,MEM
3457,basketball,Trevon Scott,BKN
3458,basketball,Christian Vital,MEM
3459,basketball,Trey Mourning,HOU
3460,basketball,Gabriel Deck,OKC
3461,basketball,Luca Vildoza,MIL
3462,basketball,Elijah Bryant,MIL
3463,basketball,Ayo Dosunmu,MIN
3464,basketball,Miles McBride,NY
3465,basketball,Jericho Sims,MIL
3466,basketball,Quentin Grimes,LAL
3467,basketball,Evan Mobley,CLE
3468,basketball,Isaiah Jackson,LAC
3469,basketball,Chris Duarte,CHI
3470,basketball,Moses Moody,GS
3472,basketball,Jaden Springer,NO
3473,basketball,Charles Bassey,GS
3474,basketball,Corey Kispert,ATL
3475,basketball,Cade Cunningham,DET
3476,basketball,Luka Garza,BOS
3477,basketball,Balsa Koprivica,UTH
3478,basketball,Isaiah Livers,PHO
3479,basketball,Kai Jones,DAL
3480,basketball,JT Thor,WAS
3481,basketball,James Bouknight,CHA
3482,basketball,Scottie Lewis,CHA
3483,basketball,Day'Ron Sharpe,BKN
3484,basketball,RaiQuan Gray,SA
3485,basketball,Kessler Edwards,DEN
3486,basketball,Cam Thomas,MIL
3487,basketball,Marcus Zegarowski,BKN
3488,basketball,Ziaire Williams,LAL
3489,basketball,Santi Aldama,DAL
3490,basketball,Josh Christopher,MIA
3491,basketball,Sharife Cooper,WAS
3492,basketball,Jalen Johnson,ATL
3493,basketball,Trey Murphy III,NO
3494,basketball,Herbert Jones,NO
3495,basketball,Joshua Primo,CHI
3496,basketball,Joe Wieskamp,DAL
3497,basketball,Scottie Barnes,TOR
3498,basketball,Dalano Banton,BOS
3499,basketball,David Johnson,TOR
3500,basketball,Brandon Boston,NO
3501,basketball,Keon Johnson,BKN
3502,basketball,Jason Preston,LAC
3503,basketball,Jared Butler,PHO
3504,basketball,Sandro Mamukelashvili,LAL
3505,basketball,Tre Mann,WAS
3506,basketball,Jeremiah Robinson-Earl,DAL
3507,basketball,Aaron Wiggins,ATL
3508,basketball,Greg Brown,DAL
3509,basketball,Davion Mitchell,MIA
3510,basketball,Neemias Queta,BOS
3511,basketball,Bones Hyland,MIN
3512,basketball,Franz Wagner,ORL
3513,basketball,Jalen Suggs,ORL
3514,basketball,Rokas Jokubaitis,NY
3515,basketball,Jonathan Kuminga,MIN
3516,basketball,Usman Garuba,GS
3517,basketball,Alperen Sengun,HOU
3518,basketball,Jalen Green,PHO
3519,basketball,Juhann Begarin,BOS
3520,basketball,Georgios Kalaitzakis,OKC
3521,basketball,Isaiah Todd,MEM
3522,basketball,Josh Giddey,CHI
3523,basketball,Joel Ayayi,ORL
3524,basketball,Austin Reaves,LAL
3525,basketball,Jock Landale,ATL
3526,basketball,Ish Wainright,PHO
3527,basketball,Duane Washington,CHA
3528,basketball,Terry Taylor,SAC
3529,basketball,Jose Alvarado,NY
3530,basketball,Chris Smith,DET
3531,basketball,McKinley Wright,DAL
3532,basketball,Matt Hurt,MEM
3533,basketball,Sam Hauser,BOS
3534,basketball,Julian Champagnie,SA
3535,basketball,Trendon Watford,NO
3536,basketball,Aaron Henry,PHI
3537,basketball,Yves Pons,MEM
3538,basketball,Chaundee Brown,SA
3539,basketball,Mac McClung,CHI
3540,basketball,Jay Huff,IND
3541,basketball,Eugene Omoruyi,TOR
3542,basketball,MaCio Teague,UTH
3543,basketball,Aamir Simms,NY
3544,basketball,A.J. Lawson,TOR
3545,basketball,M.J. Walker,PHO
3546,basketball,Jordan Goodwin,PHO
3547,basketball,EJ Onu,MEM
3548,basketball,Carlik Jones,CHI
3549,basketball,Feron Hunt,NY
3550,basketball,DeJon Jarreau,MEM
3551,basketball,Jaime Echenique,WAS
3552,basketball,Daishen Nix,SAC
3553,basketball,Marcus Garrett,CHA
3554,basketball,JaQuori McLaughlin,DAL
3555,basketball,Ethan Thompson,IND
3556,basketball,Jeff Dowtin,PHI
3557,basketball,Kevin Pangos,CLE
3558,basketball,Malcolm Hill,PHI
3559,basketball,Moses Wright,DAL
3560,basketball,RJ Nembhard,CLE
3561,basketball,Mitch Ballock,CLE
3562,basketball,Micah Potter,POR
3563,basketball,Javonte Smart,ORL
3564,basketball,Dru Smith,MIA
3565,basketball,Derrick Alston,UTH
3566,basketball,Jamorko Pickett,DEN
3567,basketball,David Duke,PHO
3568,basketball,D.J. Carton,TOR
3569,basketball,D.J. Stewart,DAL
3570,basketball,Petr Cornelie,DEN
3571,basketball,Isaiah Miller,POR
3572,basketball,Matt Lewis,MIN
3573,basketball,Anthony Tarke,DET
3574,basketball,Jordan Schakel,WAS
3575,basketball,Matt Coleman,SAC
3576,basketball,Rob Edwards,OKC
3577,basketball,DJ Steward,CHI
3578,basketball,Matt Ryan,NY
3579,basketball,Nate Renfro,SA
3580,basketball,Tyler Hall,DAL
3581,basketball,Denzel Mahoney,SA
3582,basketball,Jeremiah Tilmon,ORL
3583,basketball,Romeo Weems,MEM
3584,basketball,Jalen Crutcher,ORL
3585,basketball,Cameron McGriff,UTH
3586,basketball,James Banks,CHA
3587,basketball,Giorgi Bezhanishvili,IND
3588,basketball,Brandon Rachal,BKN
3589,basketball,Ibi Watson,ATL
3590,basketball,Marcus Foster,HOU
3591,basketball,Damien Jefferson,SAC
3592,basketball,John Petty,NO
3593,basketball,L.J. Figueroa,LAL
3594,basketball,Jordan Burns,SA
3595,basketball,Troy Baxter,CHI
3596,basketball,Devontae Shuler,WAS
3597,basketball,Derek Culver,IND
3598,basketball,Olivier Sarr,CLE
3599,basketball,Aleem Ford,ORL
3600,basketball,Malik Ellison,ATL
3601,basketball,Jarron Cumberland,POR
3602,basketball,Brandon Williams,GS
3603,basketball,Xavier Moon,LAC
3604,basketball,Justin Tillman,DEN
3605,basketball,Craig Sword,WAS
3606,basketball,Trayvon Palmer,DET
3607,basketball,Paris Bass,UTH
3608,basketball,Jaysean Paige,DET
3609,basketball,Braxton Key,MEM
3610,basketball,Lindy Waters III,SA
3611,basketball,Iffe Lundberg,PHO
3612,basketball,Lester Quinones,ORL
3613,basketball,Kenneth Lofton,CHI
3614,basketball,Shareef O'Neal,LAL
3615,basketball,Scotty Pippen Jr.,MEM
3616,basketball,Trevor Hudgins,HOU
3617,basketball,Ron Harper Jr.,BOS
3618,basketball,Michael Devoe,UTH
3619,basketball,Johnny Juzang,MIN
3620,basketball,Bryce Hamilton,LAL
3621,basketball,Jalen Adaway,SA
3622,basketball,Orlando Robinson,ORL
3623,basketball,AJ Green,MIL
3624,basketball,Collin Gillespie,PHO
3625,basketball,Justin Lewis,CHI
3626,basketball,Michael Foster,WAS
3627,basketball,Alondes Williams,WAS
3628,basketball,Theo John,MIN
3629,basketball,Cole Swider,TOR
3630,basketball,Dereon Seabron,DET
3631,basketball,Jamaree Bouyea,PHO
3632,basketball,Iverson Molinar,MIL
3633,basketball,Keon Ellis,BKN
3634,basketball,Dalen Terry,GS
3635,basketball,Trevor Keels,MIA
3636,basketball,Ochai Agbaji,BKN
3637,basketball,Isaiah Mobley,PHI
3638,basketball,Luke Travers,CLE
3639,basketball,Khalifa Diop,CLE
3640,basketball,Andrew Nembhard,IND
3641,basketball,Kendall Brown,BOS
3642,basketball,Bennedict Mathurin,NO
3643,basketball,Patrick Baldwin Jr.,SAC
3644,basketball,Ryan Rollins,MIL
3645,basketball,Gui Santos,GS
3646,basketball,Yannick Nzosa,WAS
3647,basketball,Johnny Davis,MEM
3648,basketball,Jalen Duren,DET
3649,basketball,Gabriele Procida,DET
3650,basketball,Jaden Ivey,CHI
3651,basketball,Bryce McGowens,NO
3652,basketball,Mark Williams,PHO
3653,basketball,Matteo Spagnolo,MIN
3655,basketball,Josh Minott,BKN
3656,basketball,Wendell Moore Jr.,DET
3657,basketball,Vince Williams,UTH
3658,basketball,David Roddy,DEN
3659,basketball,Kennedy Chandler,UTH
3660,basketball,Jake LaRavia,LAL
3661,basketball,Max Christie,DAL
3662,basketball,Jabari Smith Jr.,HOU
3663,basketball,TyTy Washington Jr.,LAC
3664,basketball,Tari Eason,HOU
3665,basketball,AJ Griffin,HOU
3666,basketball,Tyrese Martin,PHI
3667,basketball,Dyson Daniels,ATL
3668,basketball,E.J. Liddell,BKN
3669,basketball,Karlo Matkovic,NO
3670,basketball,JD Davison,HOU
3671,basketball,Blake Wesley,POR
3672,basketball,Jeremy Sochan,POR
3673,basketball,Malaki Branham,ORL
3674,basketball,Christian Koloko,NO
3675,basketball,Moussa Diabate,CHA
3676,basketball,Nikola Jovic,MIA
3677,basketball,Hugo Besson,MIL
3678,basketball,MarJon Beauchamp,PHI
3679,basketball,Jaden Hardy,LAL
3680,basketball,Jaylin Williams,OKC
3681,basketball,Jalen Williams,OKC
3682,basketball,Ousmane Dieng,MIL
3683,basketball,Chet Holmgren,OKC
3684,basketball,Shaedon Sharpe,POR
3685,basketball,Jabari Walker,PHI
3686,basketball,Keegan Murray,SAC
3687,basketball,Ismael Kamagate,DEN
3688,basketball,Peyton Watson,CLE
3689,basketball,Christian Braun,DEN
3690,basketball,Paolo Banchero,ORL
3691,basketball,Caleb Houstan,NO
3692,basketball,Dominick Barlow,PHI
3693,basketball,Buddy Boeheim,OKC
3694,basketball,Tyson Etienne,BKN
3695,basketball,Javon Freeman-Liberty,TOR
3696,basketball,Simone Fontecchio,MIA
3697,basketball,Kellan Grady,DEN
3698,basketball,John Butler,WAS
3700,basketball,Josh Minnott,FA
3701,basketball,Caleb Houston,FA
3702,basketball,JD Davidson,FA
3703,basketball,Tevin Brown,IND
3704,basketball,Jean Montero,FA
3705,basketball,Darius Days,PHI
3706,basketball,Jack White,MEM
3707,basketball,Chima Moneke,SAC
3708,basketball,Jordan Hall,BKN
3709,basketball,Javante McCoy,DET
3710,basketball,Fabian White,LAL
3711,basketball,Pat Spencer,PHO
3712,basketball,Sacha Killeya-Jones,OKC
3713,basketball,Drake Jeffries,ORL
3714,basketball,Gabe Brown,TOR
3715,basketball,Jared Rhoden,TOR
3716,basketball,Awudu Abass,CHI
3717,basketball,Makur Maker,TOR
3718,basketball,Mouhamadou Gueye,CHA
3719,basketball,Walker Kessler,LAL
3720,basketball,Tommy Kuhse,LAL
3721,basketball,Daeqwon Plowden,SAC
3722,basketball,Chandler Vaudrin,CLE
3723,basketball,Jaylen Sims,CHA
3724,basketball,Isaiah Whaley,CHA
3725,basketball,Anthony Duruji,CHA
3726,basketball,Izaiah Brockington,NO
3727,basketball,Davion Mintz,WAS
3728,basketball,Quenton Jackson,IND
3729,basketball,Keaton Wallace,ATL
3730,basketball,Kyler Edwards,BKN
3731,basketball,Lucas Williamson,MEM
3732,basketball,Ibou Badji,CHA
3733,basketball,Marcus Bingham,DAL
3734,basketball,Trevion Williams,GS
3735,basketball,Garrison Brooks,NO
3736,basketball,Jacob Gilyard,CLE
3737,basketball,Justin Bean,MEM
3738,basketball,Adonis Arms,NO
3739,basketball,Jules Bernard,MIN
3740,basketball,Stanley Umude,SA
3742,basketball,Grant Golden,DEN
3743,basketball,Jamal Cain,ORL
3744,basketball,Noah Kirkwood,BKN
3745,basketball,Jaden Shackelford,OKC
3746,basketball,Darryl Morsell,TOR
3747,basketball,A.J. Reeves,BOS
3748,basketball,Nate Williams,GS
3749,basketball,Nate Pierre-Louis,LAL
3750,basketball,Reggie Kissoonlal,BOS
3751,basketball,Pierria Henry,HOU
3752,basketball,Donovan Williams,GS
3753,basketball,Eric Demers,BOS
3754,basketball,Aminu Mohammed,PHI
3755,basketball,Alex O'Connell,NY
3756,basketball,Jeriah Horne,SAC
3758,basketball,Jermaine Samuels,HOU
3759,basketball,Eli Brooks,IND
3760,basketball,Bryson Williams,LAC
3761,basketball,Kyle Manzardo,FA
3762,basketball,Zack Gelof,FA
3763,basketball,Xavier Cooks,WAS
3764,basketball,Justin Minaya,ORL
3765,basketball,Chance Comanche,SAC
3766,basketball,Victor Wembanyama,SA
3767,basketball,Brandon Miller,CHA
3768,basketball,Scoot Henderson,POR
3769,basketball,Amen Thompson,HOU
3770,basketball,Cam Whitmore,CLE
3771,basketball,Ausar Thompson,DET
3772,basketball,Gradey Dick,TOR
3773,basketball,Jarace Walker,IND
3774,basketball,Anthony Black,ORL
3775,basketball,Leonard Miller,CHI
3776,basketball,Taylor Hendricks,MEM
3777,basketball,Keyonte George,UTH
3778,basketball,Nick Smith Jr.,LAL
3779,basketball,Jordan Hawkins,NO
3780,basketball,Cason Wallace,OKC
3781,basketball,Jalen Hood-Schifino,PHI
3782,basketball,Jett Howard,DAL
3783,basketball,GG Jackson,MEM
3784,basketball,Dereck Lively II,DAL
3785,basketball,Dariq Whitehead,MEM
3786,basketball,Maxwell Lewis,BKN
3787,basketball,Kobe Bufkin,NO
3788,basketball,Noah Clowney,BKN
3789,basketball,Kris Murray,MEM
3790,basketball,Bobi Klintman,DET
3791,basketball,Rayan Rupert,PHI
3792,basketball,Bilal Coulibaly,WAS
3793,basketball,Olivier-Maxence Prosper,MEM
3794,basketball,Trayce Jackson-Davis,TOR
3795,basketball,Brice Sensabaugh,UTH
3796,basketball,Marcus Sasser,DAL
3797,basketball,James Nnaji,NY
3798,basketball,Amari Bailey,BKN
3799,basketball,Sidy Cissoko,POR
3800,basketball,Dillon Mitchell,BOS
3801,basketball,Jordan Walsch,FA
3802,basketball,Julian Phillips,HOU
3803,basketball,Jaime Jaquez Jr.,MIL
3804,basketball,Terquavion Smith,PHI
3805,basketball,Andre Jackson Jr.,TOR
3806,basketball,Brandin Podziemski,GS
3807,basketball,Emoni Bates,PHI
3808,basketball,Colby Jones,DET
3809,basketball,Tristan Vukcevic,WAS
3810,basketball,Julian Strawther,DEN
3811,basketball,Kobe Brown,IND
3812,basketball,Seth Lundy,LAC
3813,basketball,Mouhamed Gueye,ATL
3814,basketball,Ben Sheppard,IND
3815,basketball,Adem Bona,PHI
3816,basketball,Jordan Miller,LAC
3817,basketball,Terrence Shannon Jr.,MIN
3818,basketball,Mojave King,IND
3819,basketball,Oscar Tshibwe,FA
3820,basketball,DaRon Holmes II,DEN
3821,basketball,Toumani Camara,POR
3822,basketball,Zach Edey,MEM
3823,basketball,Nikola Durisic,ATL
3856,basketball,Isaiah Wong,CHA
3862,basketball,Jalen Wilson,ATL
3864,basketball,Jaylen Clark,MIN
3866,basketball,Tarik Biberovic,DAL
3870,basketball,Jordan Walsh,BOS
3874,basketball,Chris Livingston,CLE
3876,basketball,Keyontae Johnson,CHA
3879,basketball,Jalen Slawson,IND
3880,basketball,Hunter Tyson,BKN
3881,basketball,Jalen Pickett,LAC
3882,basketball,Adama Sanogo,CHI
3883,basketball,Jaylen Martin,WAS
3884,basketball,Jacob Toppin,ATL
3885,basketball,Oscar Tshiebwe,HOU
3886,basketball,Ricky Council,BKN
3888,basketball,Azuolas Tubelis,PHI
3889,basketball,Sir'Jabari Rice,SA
3890,basketball,Markquis Nowell,HOU
3891,basketball,Joey Hauser,LAC
3892,basketball,Caleb Daniels,MIA
3893,basketball,Omari Moore,TOR
3894,basketball,Mike Miles,DAL
3895,basketball,Drew Timme,LAL
3896,basketball,Malcolm Cazalon,DET
3897,basketball,Craig Porter Jr.,CLE
3898,basketball,D'Moi Hodge,LAL
3899,basketball,Colin Castleton,ORL
3900,basketball,Miles Norris,BOS
3901,basketball,Leaky Black,WAS
3902,basketball,Onuralp Bitim,CHI
3903,basketball,Obadiah Noel,NY
3904,basketball,Dexter Dennis,SAC
3905,basketball,Souley Boum,DEN
3906,basketball,Jordan Walker,DAL
3907,basketball,Darius McGhee,IND
3908,basketball,Alex Fudge,DAL
3909,basketball,Javonte Cooke,POR
3910,basketball,George Conditt,POR
3911,basketball,Duop Reath,ATL
3912,basketball,Henri Drell,CHI
3913,basketball,Justin Powell,PHI
3914,basketball,Pete Nance,MIL
3915,basketball,Alex Morales,ORL
3916,basketball,Scottie Lindsey,BKN
3917,basketball,Kendric Davis,GS
3918,basketball,Drew Peterson,CHA
3919,basketball,Andrew Funk,CHI
3920,basketball,Armaan Franklin,DEN
3921,basketball,Nathan Mensah,SA
3922,basketball,Matthew Mayer,HOU
3923,basketball,Seth Millner,SA
3924,basketball,Charles Bediako,DET
3925,basketball,Max Heidegger,CHI
3926,basketball,Tosan Evbuomwan,CHA
3927,basketball,Antoine Davis,POR
3928,basketball,Damion Baugh,PHO
3929,basketball,Landers Nolley,NO
3930,basketball,Javan Johnson,GS
3931,basketball,Vincent Valerio-Bodon,LAL
3932,basketball,Jazian Gortman,OKC
3933,basketball,Nick Ongenda,UTH
3934,basketball,Taevion Kinsey,GS
3935,basketball,Chase Audiege,WAS
3936,basketball,Tevian Jones,NO
3937,basketball,Liam Robbins,MIL
3938,basketball,Trey Jemison III,TOR
3939,basketball,Keshawn Justice,UTH
3940,basketball,Au'Diese Toney,DEN
3941,basketball,Timmy Allen,MEM
3942,basketball,Taze Moore,POR
3943,basketball,Yuri Collins,GS
3944,basketball,Ben Brown,FA
3945,basketball,Kyle Mangas,SA
3946,basketball,Reid Travis,IND
3948,basketball,Hunter Maldonado,OKC
3949,basketball,KJ Williams,OKC
3950,basketball,Patrick Gardner,BKN
3951,basketball,Caleb McConnell,CHA
3952,basketball,Adam Flagler,SAC
3953,basketball,Bryce Wills,DEN
3954,basketball,Gabe Kalscheur,WAS
3955,basketball,Ryan Turell,DET
3956,basketball,Nate Roberts,DET
3957,basketball,Kihei Clark,MIL
3958,basketball,Dane Goodwin,SAC
3959,basketball,Jake Stephens,CHA
3960,basketball,Jarkel Joiner,ATL
3961,basketball,Malachi Smith,TOR
3962,basketball,Dmytro Skapintsev,BOS
3963,basketball,Jaylin Galloway,MIL
3964,basketball,Justin Champagnie,WAS
3965,basketball,Maozinha Pereira,MEM
3966,basketball,Malik Williams,ATL
3967,basketball,Jaylon Tyson,CLE
3968,basketball,Jared McCain,OKC
3969,basketball,Kyshawn George,WAS
3970,basketball,Bub Carrington,WAS
3972,basketball,Rob Dillingham,CHI
3974,basketball,Dalton Knecht,LAL
3975,basketball,Reed Sheppard,HOU
3976,basketball,Yves Missi,NO
3977,basketball,Baylor Scheierman,BOS
3978,basketball,Stephon Castle,SA
3979,basketball,Ja'Kobe Walter,TOR
3980,basketball,Isaiah Collier,UTH
3981,basketball,Cody Williams,MIN
3982,basketball,Kel'el Ware,MIL
3983,basketball,Ryan Dunn,PHO
3984,basketball,Dillon Jones,NY
3985,basketball,Donovan Clingan,POR
3986,basketball,Devin Carter,ATL
3988,basketball,Tristan da Silva,ORL
3989,basketball,Matas Buzelis,CHI
3990,basketball,Pacome Dadiet,NY
3991,basketball,Alex Sarr,WAS
3992,basketball,Ronald Holland II,DET
3993,basketball,Tidjane Salaun,CHA
3994,basketball,Zaccharie Risacher,DAL
3995,basketball,AJ Johnson,MEM
3996,basketball,Nikola Topic,OKC
3997,basketball,Kevin McCullar Jr.,NY
3998,basketball,Tyler Kolek,NY
3999,basketball,Ariel Hukporti,PHI
4000,basketball,DJ Burns,CLE
4001,basketball,Johnny Furphy,IND
4002,basketball,Tristen Newton,HOU
4003,basketball,Enrique Freeman,MIN
4004,basketball,Quinten Post,MEM
4005,basketball,Reece Beekman,ORL
4006,basketball,Justin Edwards,PHI
4008,basketball,Daniss Jenkins,DET
4010,basketball,KJ Simpson,DEN
4011,basketball,Cam Spencer,MEM
4012,basketball,Jaylen Wells,MEM
4013,basketball,Blake Hinson,UTH
4014,basketball,Armel Traore,LAL
4015,basketball,Bronny James,LAL
4016,basketball,N'Faly Dante,ATL
4018,basketball,Antonio Reeves,CHA
4019,basketball,Anton Watson,LAL
4020,basketball,Juan Nunez,SA
4021,basketball,Harrison Ingram,UTH
4022,basketball,Ulrich Chomche,TOR
4023,basketball,Branden Carlson,POR
4024,basketball,Jonathan Mogbo,SAC
4025,basketball,Jamal Shead,TOR
4026,basketball,Cam Christie,LAC
4027,basketball,Kyle Filipowski,UTH
4028,basketball,Keshad Johnson,MIA
4029,basketball,Pelle Larsson,MIA
4030,basketball,Tyler Smith,DAL
4031,basketball,Melvin Ajinca,DAL
4032,basketball,Jalen Bridges,BOS
4033,basketball,Oso Ighodaro,PHO
4034,basketball,Ajay Mitchell,OKC
4035,basketball,Alex Ducas,OKC
4036,basketball,Isaiah Crawford,HOU
4037,basketball,Isaac Jones,DET
4038,basketball,PJ Hall,CHA
4039,basketball,Zyon Pullin,MIN
4040,basketball,Allen Flanigan,GS
4041,basketball,Malik Hall,CHA
4042,basketball,Charles Pride,CHA
4043,basketball,Pedro Bradshaw,UTH
4044,basketball,Brandon Slater,CHA
4045,basketball,RaeQuan Battle,CHA
4046,basketball,Kevin Cross,CHA
4047,basketball,Drew Pember,CHA
4048,basketball,Jackson Rowe,GS
4049,basketball,Santiago Vescovi,GS
4050,basketball,Mantas Rubstavicius,GS
4051,basketball,Roman Sorkin,GS
4052,basketball,Christian Terrell,GS
4053,basketball,Jimmy Whitt,GS
4054,basketball,Sean East,UTH
4055,basketball,Mohamed Diarra,LAL
4056,basketball,Quincy Olivari,LAL
4057,basketball,Grayson Murphy,LAL
4058,basketball,Luke Avdalovic,SA
4059,basketball,Yauhen Massalski,SA
4060,basketball,Tyrece Radford,SA
4061,basketball,DJ Horne,SA
4062,basketball,Riley Minix,CLE
4063,basketball,Jameer Nelson,SA
4064,basketball,Tyson Ward,SA
4065,basketball,Darin Green,SA
4066,basketball,Jamuni McNeace,IND
4067,basketball,Lance Jones,IND
4068,basketball,Josiah-Jordan James,IND
4069,basketball,Trey Woodbury,IND
4070,basketball,Samson Froling,IND
4071,basketball,David Jones Garcia,SA
4072,basketball,Max Fiedler,PHI
4073,basketball,Keve Aluma,PHI
4074,basketball,Judah Mintz,PHI
4075,basketball,Jordan Tucker,PHI
4076,basketball,Joirdon Nicholas,LAL
4077,basketball,Trey Alexander,UTH
4078,basketball,Keisei Tominaga,IND
4079,basketball,Jesse Edwards,MIN
4080,basketball,Jack McVeigh,HOU
4081,basketball,Spencer Jones,DEN
4082,basketball,Jamarion Sharp,LAC
4083,basketball,Trentyn Flowers,CHI
4084,basketball,Yongxi Cui,BKN
4085,basketball,Tristan Enaruna,CLE
4086,basketball,Nae'Qwan Tomlin,CLE
4087,basketball,Gabe Osabuohien,CLE
4088,basketball,Galen Robinson,NO
4089,basketball,Jaylin Williams,DEN
4090,basketball,Gabe McGlothan,IND
4091,basketball,Jahmir Young,MIA
4092,basketball,Jaedon LeDee,MIN
4093,basketball,Kylor Kelley,NO
4094,basketball,Tyler Polley,IND
4095,basketball,Moses Wood,PHO
4096,basketball,Max Abmas,UTH
4097,basketball,Marcus Domask,CHI
4098,basketball,Keion Brooks,NO
4099,basketball,Emanuel Miller,SA
4100,basketball,Malevy Leons,GS
4101,basketball,Cormac Ryan,MIL
4102,basketball,Alex Reese,PHI
4103,basketball,Armando Bacot,MEM
4104,basketball,Yuki Kawamura,CHI
4105,basketball,RayJ Dennis,ATL
4106,basketball,James Akinjo,DEN
4107,basketball,Boogie Ellis,SAC
4108,basketball,Tolu Smith,DET
4109,basketball,Jamison Battle,TOR
4110,basketball,Isaiah Stevens,SAC
4111,basketball,Aaron Estrada,DET
4112,basketball,Miller Kopp,CLE
4113,basketball,Erik Stevenson,WAS
4114,basketball,Elijah Harkless,DET
4115,basketball,Warren Washington,MIA
4116,basketball,Trhae Mitchell,NO
4117,basketball,Taylor Funk,WAS
4118,basketball,Josh Oduro,NO
4119,basketball,Boo Buie,NY
4120,basketball,Taran Armstrong,GS
4121,basketball,Marcus Bagley,PHI
4122,basketball,Phillip Wheeler,ORL
4123,basketball,Noa Essengue,CHI
4124,basketball,VJ Edgecombe,PHI
4125,basketball,Tre Johnson,WAS
4126,basketball,Will Riley,WAS
4127,basketball,Kon Knueppel,CHA
4128,basketball,Liam McNeeley,CHA
4129,basketball,Nolan Traore,BKN
4130,basketball,Danny Wolf,BKN
4131,basketball,Egor Demin,BKN
4132,basketball,Drake Powell,BKN
4133,basketball,Ben Saraf,BKN
4134,basketball,Joan Beringer,MIN
4135,basketball,Cedric Coward,MEM
4136,basketball,Asa Newell,ATL
4137,basketball,Jeremiah Fears,NO
4138,basketball,Derik Queen,NO
4139,basketball,Hugo Gonzalez,BOS
4140,basketball,Carter Bryant,SA
4141,basketball,Dylan Harper,SA
4142,basketball,Collin Murray-Boyles,TOR
4143,basketball,Yanic Konan Niederhauser,LAC
4144,basketball,Walter Clayton Jr.,MEM
4145,basketball,Ace Bailey,UTH
4146,basketball,Kasparas Jakucionis,MIL
4147,basketball,Cooper Flagg,DAL
4148,basketball,Khaman Maluach,PHO
4149,basketball,Thomas Sorber,OKC
4150,basketball,Yang Hansen,POR
4151,basketball,Nique Clifford,SAC
4152,basketball,Jase Richardson,ORL
4153,basketball,Lachlan Olbrich,CHI
4154,basketball,Mohamed Diawara,NY
4155,basketball,Tyrese Proctor,CLE
4156,basketball,Saliou Niang,CLE
4157,basketball,Kam Jones,MIL
4158,basketball,Taelon Peter,SA
4159,basketball,Alex Toohey,GS
4160,basketball,Will Richard,GS
4161,basketball,Hunter Sallis,PHI
4162,basketball,Johni Broome,LAC
4163,basketball,Jamir Watkins,WAS
4164,basketball,Chaz Lanier,DET
4165,basketball,Ryan Kalkbrenner,CHA
4166,basketball,Sion James,CHA
4167,basketball,Rocco Zikarsky,MIN
4168,basketball,Javon Small,MEM
4169,basketball,Adou Thiero,LAL
4170,basketball,Jahmai Mashack,MEM
4171,basketball,Micah Peavy,NO
4172,basketball,Hunter Dickinson,NO
4173,basketball,Amari Williams,BOS
4174,basketball,Max Shulga,BOS
4175,basketball,Alijah Martin,TOR
4176,basketball,Kobe Sanders,LAC
4177,basketball,John Tonje,POR
4178,basketball,Bogoljub Markovic,MIL
4179,basketball,Mark Sears,MIL
4180,basketball,Miles Kelly,DAL
4181,basketball,Koby Brea,PHO
4182,basketball,Rasheer Fleming,PHO
4183,basketball,Brooks Barnhizer,OKC
4184,basketball,Maxime Raynaud,SAC
4185,basketball,Noah Penda,ORL
4186,basketball,Eric Dixon,CHA
4187,basketball,Eli John Ndiaye,ATL
4188,basketball,Chucky Hepburn,TOR
4189,basketball,RJ Luis,BOS
4190,basketball,Vladislav Goldin,MIA
4191,basketball,Caleb Love,PHI
4192,basketball,Tamar Bates,UTH
4193,basketball,Dylan Cardwell,SAC
4194,basketball,Ryan Nembhard,ATL
4195,basketball,CJ Huntley,PHO
4196,basketball,Cameron Matthews,HOU
4197,basketball,Curtis Jones,DEN
4198,basketball,Chris Manon,LAL
4199,basketball,Myron Gardner,MIA
4200,basketball,Augustas Marciulionis,LAL
4201,basketball,Arthur Kaluma,LAL
4202,basketball,R.J. Davis,LAL
4203,basketball,Tyrese Samuel,PHO
4204,basketball,Moussa Cisse,DAL
4205,basketball,Matthew Cleveland,DAL
4206,basketball,Norchad Omier,LAC
4207,basketball,Chaney Johnson,BKN
4208,basketball,Tyler Burton,MEM
4209,basketball,Lawson Lovering,MEM
4210,basketball,Keshon Gilbert,ATL
4211,basketball,Jonathan Pierre,WAS
4212,basketball,John Poulakidas,DAL
4213,basketball,Igor Milicic,PHI
4214,basketball,DJ Rodman,CHA
4215,basketball,Fanbo Zeng,BKN
4216,basketball,Christian Shumate,NO
4217,basketball,Matthew Murrell,UTH
4218,basketball,Steven Crowl,UTH
4219,basketball,Chris Youngblood,POR
4220,basketball,Zack Austin,OKC
4221,basketball,LJ Cryer,GS
4222,basketball,Dawson Garcia,DET
4223,basketball,Brice Williams,DET
4224,basketball,Jahmyl Telfort,LAC
4225,basketball,Dain Dainja,MIA
4226,basketball,Saint Thomas,PHI
4227,basketball,Johnell Davis,ORL
4228,basketball,Mitch Mascari,SAC
4229,basketball,Daniel Batcho,SAC
4230,basketball,Gabe Madsen,MIA
4231,basketball,Alex Antetokounmpo,MIL
4232,basketball,Kadary Richmond,WAS
4233,basketball,Lamont Butler,ATL
4234,basketball,Steve Settle,MIA
4235,basketball,Isaih Moore,CHA
4236,basketball,Julian Reese,DEN
4237,basketball,Sean Pedulla,HOU
4238,basketball,Grant Nelson,BKN
4239,basketball,Payton Sandfort,OKC
4240,basketball,Jayson Kent,POR
4241,basketball,Andersson Garcia,UTH
4242,basketball,Bez Mbeng,UTH
4243,basketball,Adama Bal,MEM
4244,basketball,Toby Okani,MEM
4245,basketball,Tyreke Key,TOR
4246,basketball,Hayden Gray,UTH
4247,basketball,Caleb Wilson,CHI
4248,basketball,Dailyn Swain,CHI
4249,basketball,Yaxel Lendeborg,GS
4250,basketball,Labaron Philon Jr.,PHI
4251,basketball,AJ Dybantsa,WAS
4252,basketball,Ebuka Okorie,DET
4253,basketball,Hannes Steinbach,CHA
4254,basketball,Joshua Jefferson,BKN
4255,basketball,Mikel Brown Jr.,BKN
4256,basketball,Karim Lopez,MEM
4257,basketball,Cameron Boozer,MEM
4258,basketball,Cameron Carr,LAL
4259,basketball,Zuby Ejiofor,ATL
4260,basketball,Kingston Flemings,ATL
4261,basketball,Chris Cenac Jr.,BOS
4262,basketball,Tarris Reed Jr.,SA
4263,basketball,Jayden Quaintance,SA
4264,basketball,Allen Graves,TOR
4265,basketball,Keaton Wagler,LAC
4266,basketball,Darryn Peterson,UTH
4267,basketball,Brayden Burries,MIL
4268,basketball,Nate Ament,MIL
4269,basketball,Morez Johnson Jr.,DAL
4270,basketball,Sergio De Larrea,DAL
4271,basketball,Koa Peat,PHO
4272,basketball,Aday Mara,OKC
4273,basketball,Bennett Stirtz,OKC
4274,basketball,Alex Karaban,SAC
4275,basketball,Darius Acuff Jr.,SAC
4276,basketball,Jack Kayil,NY
4277,basketball,Tyler Nickel,NY
4278,basketball,Ugonna Onyenso,DET
4279,basketball,Meleek Thomas,CLE
4280,basketball,Braden Smith,IND
4281,basketball,Lajae Jones,GS
4282,basketball,Tyler Bilodeau,BKN
4283,basketball,Isaiah Evans,MIN
4284,basketball,Trey Kaufman-Renn,MIN
4285,basketball,Richie Saunders,MEM
4286,basketball,Peter Suder,LAL
4287,basketball,AK Okereke,LAL
4288,basketball,Bruce Thornton,HOU
4289,basketball,Quadir Copeland,HOU
4290,basketball,Henri Veesaar,ATL
4291,basketball,Jaron Pierre Jr.,NO
4293,basketball,Ja'Kobi Gillespie,SA
4294,basketball,Maliq Brown,SA
4295,basketball,Jaden Bradley,TOR
4296,basketball,Nick Martinelli,LAC
4297,basketball,Narcisse Ngoy,LAC
4298,basketball,Baba Miller,LAC
4299,basketball,Tre Donaldson,MIA
4300,basketball,Ryan Conwell,MIA
4301,basketball,Malique Lewis,MIL
4302,basketball,Tobi Lawal,DAL
4303,basketball,Vsevolod Ishchenko,DAL
4304,basketball,Otega Oweh,OKC
4305,basketball,Josh Dix,OKC
4306,basketball,Emanuel Sharp,SAC
4307,basketball,Trevon Brazile,DEN
4308,basketball,Bryce Hopkins,DEN
4309,basketball,Izaiyah Nelson,ORL
4310,basketball,Felix Okpara,WAS
4311,basketball,Tobe Awaka,CHI
4312,basketball,Jaylin Sellers,CHI
4313,basketball,Carson Cooper,MEM
4314,basketball,Rafael Castro,HOU
4315,basketball,Ernest Udeh Jr.,CLE
4316,basketball,Michael Ajayi,CHA
4317,basketball,Kylan Boswell,CHA
4318,basketball,Alpha Diallo,DEN
4319,basketball,Christian Anderson Jr.,CHA
4320,basketball,Terrell Brown Jr.,UTH
4321,basketball,Kobe Stewart,CHA
4322,basketball,Malik Dia,NO
4323,basketball,Trey Townsend,CHA
615,football,Kent Shelby,LAC
1038,football,Leon Johnson,LAC
1533,football,Chase Cota,HOU
1807,football,Baltimore Ravens TDSP,BAL
1814,football,Atlanta Falcons TDSP,ATL
1821,football,Arizona Cardinals TDSP,ARZ
1828,football,Buffalo Bills TDSP,BUF
1835,football,Carolina Panthers TDSP,CAR
1842,football,Chicago Bears TDSP,CHI
1849,football,Cincinnati Bengals TDSP,CIN
1856,football,Dallas Cowboys TDSP,DAL
1863,football,Denver Broncos TDSP,DEN
1870,football,Detroit Lions TDSP,DET
1877,football,Green Bay Packers TDSP,GB
1884,football,Tennessee Titans TDSP,TEN
1891,football,Indianapolis Colts TDSP,IND
1898,football,Jacksonville Jaguars TDSP,JAX
1905,football,Kansas City Chiefs TDSP,KC
1912,football,Miami Dolphins TDSP,MIA
1919,football,Minnesota Vikings TDSP,MIN
1926,football,New England Patriots TDSP,NE
1933,football,New Orleans Saints TDSP,NO
1940,football,New York (NYG) Giants TDSP,NYG
1947,football,New York (NYJ) Jets TDSP,NYJ
1954,football,Las Vegas Raiders TDSP,LV
1961,football,Philadelphia Eagles TDSP,PHI
1968,football,Pittsburgh Steelers TDSP,PIT
1975,football,Los Angeles (LAC) Chargers TDSP,LAC
1982,football,San Francisco 49ers TDSP,SF
1989,football,Seattle Seahawks TDSP,SEA
1996,football,Los Angeles (LAR) Rams TDSP,LA
2003,football,Tampa Bay Buccaneers TDSP,TB
2010,football,Washington Commanders TDSP,WAS
2175,football,Jamaal Williams,NO
2871,football,Cleveland Browns TDSP,CLE
2956,football,Arizona Cardinals TK,ARZ
2957,football,Atlanta Falcons TK,ATL
2958,football,Baltimore Ravens TK,BAL
2959,football,Buffalo Bills TK,BUF
2960,football,Carolina Panthers TK,CAR
2961,football,Chicago Bears TK,CHI
2962,football,Cincinnati Bengals TK,CIN
2963,football,Cleveland Browns TK,CLE
2964,football,Dallas Cowboys TK,DAL
2965,football,Denver Broncos TK,DEN
2966,football,Detroit Lions TK,DET
2967,football,Green Bay Packers TK,GB
2968,football,Indianapolis Colts TK,IND
2969,football,Jacksonville Jaguars TK,JAX
2970,football,Kansas City Chiefs TK,KC
2971,football,Miami Dolphins TK,MIA
2972,football,Minnesota Vikings TK,MIN
2973,football,New England Patriots TK,NE
2974,football,New Orleans Saints TK,NO
2975,football,New York (NYJ) Jets TK,NYJ
2976,football,New York (NYG) Giants TK,NYG
2977,football,Las Vegas Raiders TK,LV
2978,football,Philadelphia Eagles TK,PHI
2979,football,Pittsburgh Steelers TK,PIT
2980,football,Los Angeles (LAC) Chargers TK,LAC
2981,football,San Francisco 49ers TK,SF
2982,football,Seattle Seahawks TK,SEA
2983,football,Los Angeles (LAR) Rams TK,LA
2984,football,Tampa Bay Buccaneers TK,TB
2985,football,Tennessee Titans TK,TEN
2986,football,Washington Commanders TK,WAS
3055,football,Chris Watson,FA
3469,football,Terrelle Smith,WAS
3477,football,Tom Brady,TB
4343,football,Houston Texans TDSP,HOU
4345,football,Houston Texans TK,HOU
4590,football,Matt Bryant,ATL
4990,football,Ben Johnson,LAC
5264,football,Larry Fitzgerald,ARZ
5266,football,Philip Rivers,IND
5273,football,Ben Roethlisberger,PIT
5712,football,Aaron Rodgers,PIT
5717,football,Mike Nugent,ARZ
5930,football,Matt Cassel,DET
5950,football,Ryan Fitzpatrick,WAS
5967,football,Adrian Peterson,SEA
6034,football,Nick Novak,LAC
6046,football,Robbie Gould,SF
6070,football,Jay Cutler,MIA
6072,football,Marcedes Lewis,DEN
6078,football,Kellen Clemens,LAC
6080,football,Anthony Fasano,MIA
6118,football,Delanie Walker,TEN
6140,football,Stephen Gostkowski,TEN
6576,football,Chad Henne,KC
6578,football,Drew Stanton,TB
6619,football,Nick Folk,ATL
6620,football,Mason Crosby,NYG
6705,football,Matt Prater,BUF
6709,football,DeSean Jackson,BAL
6710,football,Matt Ryan,IND
6725,football,C.J. Spiller,KC
6733,football,Pierre Thomas,WAS
6751,football,John Kuhn,NO
6796,football,Matt Moore,KC
7074,football,Eric Weems,TEN
7090,football,Joe Flacco,CIN
7159,football,Chris Johnson,ARZ
7163,football,Josh Johnson,CIN
7249,football,Gary Barnidge,CLE
7267,football,Matthew Slater,NE
7294,football,Pierre Garcon,SF
7359,football,Harry Douglas,TEN
7489,football,Dan Carpenter,BUF
7494,football,Danny Amendola,HOU
7501,football,Mike Tolbert,BUF
7502,football,Connor Barth,CHI
7673,football,Michael Crabtree,ARZ
7674,football,Kenny Britt,NE
7680,football,Jared Cook,LAC
7697,football,Matthew Stafford,LA
7707,football,Darrius Heyward-Bey,PIT
7745,football,Brandon Tate,NO
7747,football,Louis Murphy,SF
7766,football,Cedric Peerman,CIN
7824,football,Mike Wallace,PHI
8495,football,John Phillips,KC
8534,football,Fred Brown,TEN
8538,football,Ryan Succop,TB
8547,football,Graham Gano,NYG
8605,football,Brian Hoyer,LV
8639,football,Chase Daniel,LAC
8832,football,Sam Bradford,ARZ
8836,football,Dez Bryant,BAL
8837,football,Jermaine Gresham,ARZ
8844,football,Colt McCoy,ARZ
8873,football,Ryan Mathews,PHI
8900,football,Golden Tate,TEN
8901,football,Arrelious Benn,JAX
8924,football,Rob Gronkowski,TB
8927,football,Ed Dickson,SEA
8932,football,Michael Hoomanawanui,NO
9089,football,Joe Webb,NYG
9091,football,Emmanuel Sanders,BUF
9237,football,Demaryius Thomas,NYJ
9263,football,Brandon LaFell,LV
9269,football,Andre Roberts,CAR
9276,football,Jimmy Graham,NO
9299,football,Clay Harbor,NO
9361,football,James Starks,GB
9364,football,Antonio Brown,TB
9455,football,Joique Bell,DET
9506,football,Jeff Cumberland,LAC
9600,football,Chris Ivory,BUF
9781,football,Logan Paulsen,HOU
9961,football,Cam Newton,CAR
9963,football,A.J. Green,ARZ
9966,football,Julio Jones,PHI
9970,football,Blaine Gabbert,KC
9987,football,Mark Ingram,NO
9994,football,Andy Dalton,PHI
10000,football,Colin Kaepernick,SF
10006,football,Kyle Rudolph,TB
10009,football,Lance Kendricks,LAC
10014,football,Shane Vereen,NO
10021,football,Greg Little,ARZ
10025,football,Randall Cobb,NYJ
10035,football,Ryan Mallett,BAL
10036,football,Stevan Ridley,PIT
10071,football,Luke Stocker,MIN
10084,football,Julius Thomas,FA
10086,football,Taiwan Jones,NYG
10087,football,Bilal Powell,NYJ
10103,football,Jacquizz Rodgers,NO
10111,football,T.J. Yates,HOU
10115,football,Lee Smith,ATL
10116,football,Jeremy Kerley,BUF
10125,football,Dwayne Harris,CHI
10129,football,Charles Clay,ARZ
10136,football,Jordan Todman,HOU
10139,football,Aldrick Robinson,CAR
10144,football,Tyrod Taylor,GB
10161,football,Virgil Green,LAC
10173,football,Bruce Miller,JAX
10293,football,Dontrelle Inman,WAS
10344,football,Scott Tolzien,IND
10350,football,Chris Hogan,NO
10404,football,Andre Holmes,DEN
10549,football,Kamar Aiken,PHI
10588,football,Brandon Smith,PIT
10594,football,Dan Bailey,MIN
10761,football,Chris Matthews,BAL
10815,football,Kai Forbath,LA
10848,football,Terrelle Pryor,JAX
10884,football,Ryan Tannehill,TEN
10888,football,Michael Floyd,BAL
10893,football,Kendall Wright,ARZ
10895,football,Brandon Weeden,HOU
10905,football,Doug Martin,LV
10907,football,Coby Fleener,FA
10908,football,Brian Quick,WAS
10916,football,Alshon Jeffery,PHI
10940,football,Dwayne Allen,MIA
10946,football,DeVier Posey,BAL
10951,football,Russell Wilson,NYG
10954,football,Mohamed Sanu,MIA
10963,football,Nick Foles,IND
10967,football,T.Y. Hilton,DAL
10971,football,Travis Benjamin,SF
10973,football,Lamar Miller,NO
10974,football,Kirk Cousins,LV
10983,football,Robert Turbin,SEA
10986,football,Orson Charles,DEN
10989,football,Jarius Wright,CAR
11035,football,Randy Bullock,NYG
11038,football,Marvin Jones,DET
11043,football,Greg Zuerlein,NYJ
11044,football,Blair Walsh,NO
11047,football,Alfred Morris,NYG
11126,football,Ladarius Green,PIT
11133,football,Brittan Golden,NYG
11155,football,Sean McGrath,DET
11193,football,Travaris Cadet,CAR
11215,football,Bradley Sowell,CHI
11223,football,Cole Beasley,NYG
11227,football,Lance Dunbar,LA
11251,football,Brenton Bersin,CAR
11270,football,Josh Bellamy,NYJ
11380,football,Griff Whalen,LV
11426,football,Giorgio Tavecchio,TEN
11460,football,Derrick Coleman,ARZ
11477,football,Matt Simms,ATL
11505,football,Austin Davis,TEN
11555,football,Brandon Bolden,LV
11576,football,Derek Carrier,LV
11594,football,Rod Streater,CLE
11613,football,Bobby Rainey,BAL
11614,football,Deonte Thompson,NYJ
11647,football,Jonathan Grimes,JAX
11651,football,Case Keenum,CHI
11660,football,Phillip Supernaw,TEN
11696,football,Justin Tucker,BAL
11697,football,Jamize Olawale,DAL
11724,football,Josh Gordon,TEN
11757,football,Fozzy Whittaker,CAR
11758,football,Austin Johnson,TB
11769,football,Darren Fells,TB
11771,football,Ifeanyi Momah,ARZ
11787,football,Tavon Austin,BUF
11801,football,Tyler Eifert,JAX
11806,football,DeAndre Hopkins,BAL
11808,football,Cordarrelle Patterson,PIT
11813,football,Giovani Bernard,TB
11815,football,Justin Hunter,PIT
11816,football,Zach Ertz,WAS
11817,football,Robert Woods,PIT
11818,football,Geno Smith,NYJ
11822,football,Gavin Escobar,MIA
11825,football,Le'Veon Bell,TB
11841,football,Eddie Lacy,SEA
11842,football,Travis Kelce,KC
11844,football,Christine Michael,IND
11852,football,Mike Glennon,MIA
11853,football,Marquise Goodwin,CLE
11854,football,Terrance Williams,DAL
11857,football,Keenan Allen,IND
11864,football,Markus Wheaton,PHI
11875,football,Knile Davis,CHI
11877,football,Matt Barkley,JAX
11898,football,Landry Jones,LV
11907,football,Levine Toilolo,NYG
11911,football,Kyle Juszczyk,SF
11922,football,Kenny Stills,NO
11933,football,Chris Thompson,CHI
11937,football,Tavarres King,MIN
11946,football,Mike Gillislee,NO
11947,football,Caleb Sturgis,LAC
11950,football,Dustin Hopkins,CLE
11957,football,Latavius Murray,BUF
11958,football,Mychal Rivera,JAX
11963,football,Kenjon Barner,TB
11965,football,Rex Burkhead,HOU
11967,football,Andre Ellington,TB
11969,football,Mike James,DET
11971,football,Cobi Hamilton,IND
11976,football,Spencer Ware,CHI
11987,football,Brice Butler,MIA
11990,football,Tommy Bohanon,BAL
11993,football,Chris Gragg,NYJ
11996,football,Charles Johnson,PHI
12007,football,Kerwynn Williams,NO
12013,football,Marquess Wilson,PHI
12032,football,C.J. Anderson,DET
12101,football,Ryan Griffin,TB
12202,football,Tim Wright,KC
12207,football,Russell Shepard,NYG
12226,football,Jaron Brown,ARZ
12253,football,Brandon Williams,IND
12271,football,Brandon McManus,GB
12318,football,Benny Cunningham,JAX
12321,football,Tyler Bray,SF
12325,football,Demetrius Harris,ARZ
12351,football,Nick Williams,DEN
12371,football,MarQueis Gray,SF
12426,football,Adam Thielen,PIT
12449,football,Jack Doyle,IND
12455,football,Rashad Ross,CAR
12461,football,Ryan Griffin,CHI
12463,football,George Winn,IND
12520,football,Brett Maher,LA
12572,football,Marlon Brown,CHI
12577,football,Matt McGloin,KC
12653,football,Patrick Murray,TB
12679,football,Blake Bortles,NO
12681,football,Sammy Watkins,BAL
12684,football,Eric Ebron,PIT
12686,football,Mike Evans,SF
12688,football,Odell Beckham Jr.,NYG
12697,football,Brandin Cooks,BUF
12707,football,Kelvin Benjamin,NYG
12708,football,Teddy Bridgewater,DET
12712,football,Derek Carr,NO
12715,football,Austin Seferian-Jenkins,NE
12716,football,Marqise Lee,SF
12720,football,Jordan Matthews,CAR
12721,football,Jace Amaro,KC
12724,football,Paul Richardson,SEA
12728,football,Jeremy Hill,LV
12729,football,Davante Adams,LA
12731,football,Troy Niklas,TB
12732,football,Cody Latimer,WAS
12735,football,Carlos Hyde,JAX
12737,football,Jarvis Landry,NO
12738,football,Jimmy Garoppolo,LA
12740,football,Allen Robinson,DET
12744,football,Charles Sims,TB
12763,football,Donte Moncrief,HOU
12765,football,Josh Huff,NO
12766,football,John Brown,BUF
12769,football,Terrance West,NO
12771,football,Richard Rodgers,LAC
12772,football,Jerick McKinnon,KC
12775,football,Crockett Gillmore,BAL
12778,football,Devonta Freeman,BAL
12781,football,Bruce Ellington,NE
12788,football,Andre Williams,LAC
12795,football,Logan Thomas,SF
12796,football,Martavis Bryant,WAS
12799,football,De'Anthony Thomas,BAL
12805,football,James White,NE
12817,football,Tom Savage,DET
12823,football,Ryan Grant,GB
12841,football,AJ McCarron,CIN
12855,football,David Fales,NYJ
12863,football,Alfred Blue,JAX
12865,football,TJ Jones,NYG
12868,football,Matt Hazel,IND
12875,football,Walter Powell,JAX
12881,football,Quincy Enunwa,NYJ
12884,football,Tyler Gaffney,NE
12887,football,Garrett Gilbert,NE
12893,football,Jay Prosch,HOU
12902,football,Michael Campanaro,TEN
12909,football,Zach Hocker,TB
12911,football,James Wright,IND
12913,football,Jeff Janis,CLE
12936,football,Trey Burton,IND
12937,football,David Fluellen,TEN
12968,football,Kapri Bibbs,GB
12969,football,Isaiah Burse,LAC
12973,football,Bennie Fowler,SF
13021,football,Allen Hurns,MIA
13025,football,Stephen Morris,HOU
13044,football,Dom Williams,PHI
13055,football,Cody Parkey,NO
13059,football,Erik Swoope,SF
13065,football,Brandon Coleman,NO
13070,football,Je'Ron Hamm,IND
13072,football,Seantavius Jones,IND
13091,football,Corey Brown,DEN
13094,football,Marcus Lucas,DAL
13099,football,Travis Coons,LAC
13120,football,Jeremy Butler,BUF
13158,football,Ryan Hewitt,TEN
13168,football,Isaiah Crowell,LV
13175,football,Willie Snead,MIA
13180,football,Charcandrick West,IND
13181,football,Albert Wilson,LV
13204,football,Freddie Martino,TB
13209,football,Bernard Reedy,TB
13284,football,Keith Smith,ATL
13290,football,Asante Cleveland,LAC
13306,football,Ryan Jones,NYG
13309,football,Orleans Darkwa,NYG
13327,football,Xavier Grimble,BAL
13328,football,George Atkinson,NYJ
13331,football,Chris Boswell,PIT
13335,football,Anthony Denham,PHI
13357,football,Seth Roberts,GB
13358,football,Scott Simonson,NYG
13366,football,Senorise Perry,TEN
13370,football,Cairo Santos,CHI
13410,football,Cameron Brate,TB
13415,football,Branden Oliver,IND
13419,football,Diontae Spencer,NYJ
13426,football,Fitzgerald Toussaint,PIT
13442,football,Sergio Castillo,NYJ
13489,football,Jerome Cunningham,WAS
13501,football,Chris Manhertz,NYG
13518,football,Jason Myers,SEA
13529,football,Jameis Winston,NYG
13530,football,Marcus Mariota,WAS
13532,football,Amari Cooper,LV
13536,football,Kevin White,NO
13539,football,Todd Gurley,ATL
13541,football,DeVante Parker,PHI
13543,football,Melvin Gordon,BAL
13549,football,Nelson Agholor,BAL
13556,football,Phillip Dorsett II,LV
13557,football,Breshad Perriman,IND
13564,football,T.J. Yeldon,BUF
13570,football,Devin Funchess,DET
13578,football,Jake Fisher,BUF
13582,football,Ameer Abdullah,JAX
13586,football,Maxx Williams,ARZ
13595,football,Clive Walford,MIA
13596,football,Tyler Lockett,LV
13598,football,Jaelen Strong,CLE
13599,football,Tevin Coleman,SF
13602,football,Garrett Grayson,DEN
13605,football,Duke Johnson,BUF
13607,football,Chris Conley,SF
13610,football,Tyler Kroft,MIA
13615,football,David Johnson,NO
13616,football,Sammie Coates,KC
13620,football,Jeff Heuerman,DEN
13621,football,Ty Montgomery,NE
13625,football,Matt Jones,PHI
13629,football,Justin Hardy,CHI
13630,football,Jeremy Langford,ATL
13632,football,Bryce Petty,MIA
13633,football,Jamison Crowder,WAS
13638,football,Jalston Fowler,TEN
13645,football,Vince Mayle,LAC
13650,football,Blake Bell,KC
13655,football,Mike Davis,BAL
13658,football,Javorius Allen,NYG
13665,football,DeAndre Smelter,JAX
13667,football,Rashad Greene,JAX
13671,football,Stefon Diggs,WAS
13672,football,MyCole Pruitt,PIT
13675,football,Brett Hundley,BAL
13682,football,C.J. Uzomah,PHI
13692,football,J.J. Nelson,IND
13693,football,Jesse James,LV
13695,football,Kenny Bell,DEN
13696,football,Michael Burton,CLE
13699,football,James O'Shaughnessy,MIN
13701,football,Cameron Artis-Payne,CAR
13703,football,Nick Boyle,BAL
13710,football,Geremy Davis,DET
13711,football,Kaelin Clay,NYG
13715,football,Nick O'Leary,LV
13724,football,Malcolm Johnson,GB
13725,football,Randall Telfer,IND
13728,football,A.J. Derby,NO
13733,football,Aaron Ripkowski,KC
13738,football,Darren Waller,CAR
13756,football,Ben Koyack,JAX
13757,football,Neal Sterling,KC
13762,football,Marcus Murphy,CAR
13768,football,Geoff Swaim,CLE
13770,football,Tre McBride,JAX
13780,football,Trevor Siemian,ATL
13785,football,Rasheed Bailey,CAR
13794,football,Raheem Mostert,LV
13798,football,Eric Tomlinson,LAC
13809,football,Eli Rogers,PIT
13825,football,Josh Lambo,TEN
13828,football,Brian Parker,NO
13831,football,Tyrell Williams,DET
13844,football,Cameron Meredith,NE
13854,football,Thomas Rawls,JAX
13858,football,Rod Smith,CAR
13867,football,Jordan Taylor,MIN
13870,football,Damiere Byrd,BUF
13880,football,Quan Bray,HOU
13927,football,Rannell Hall,ATL
13933,football,Dres Anderson,DAL
13940,football,DeAndrew White,BAL
13953,football,Gannon Sinclair,PHI
13972,football,Terron Ward,ATL
13974,football,Shane Wynn,NO
13979,football,Taylor Heinicke,LAC
13980,football,Jordan Leslie,DEN
13987,football,Corey Grant,GB
14001,football,Ty Long,NYJ
14005,football,Trey Williams,DAL
14014,football,Akeem Hunt,TEN
14015,football,Matt LaCosse,NE
14027,football,Zach Zenner,MIA
14033,football,Khari Lee,DET
14049,football,Andrew Franks,MIA
14062,football,John Crockett,BAL
14070,football,Larry Pinkard,CLE
14081,football,Wes Saxton,WAS
14087,football,DeAndre Carter,CLE
14093,football,Terrence Magee,ATL
14104,football,Gabe Holmes,TEN
14114,football,Jake Kumerow,BUF
14115,football,Matt Lengel,IND
14136,football,Zach Laskey,LA
14141,football,Bradley Marquez,DET
14164,football,Lucky Whitehead,NYJ
14179,football,Darius Jennings,DET
14187,football,Will Tye,PHI
14203,football,Tim Semisch,DEN
14209,football,Donteea Dye,TB
14210,football,Adam Humphries,HOU
14224,football,Mack Brown,LV
14234,football,Manasseh Garner,KC
14241,football,Daniel Brown,NYJ
14291,football,Kasen Williams,IND
14317,football,Terrell Watson,LAC
14323,football,Bronson Hill,GB
14351,football,Ross Travis,DET
14352,football,Elijhaa Penny,NYG
14356,football,Hakeem Valles,NYG
14374,football,Austin Hooper,ATL
14375,football,Nick Rose,LAC
14381,football,J.D. McKissic,WAS
14387,football,Joshua Perkins,NYJ
14399,football,Brandon Wilds,SF
14404,football,Wil Lutz,DEN
14407,football,Bronson Kaufusi,GB
14408,football,Kenneth Dixon,NYJ
14410,football,Keenan Reynolds,SEA
14425,football,Chris Moore,BAL
14431,football,Cardale Jones,SEA
14434,football,Jonathan Williams,WAS
14436,football,Kolby Listenbee,IND
14448,football,Jalen Simmons,ARZ
14458,football,Jake McGee,PIT
14463,football,Beau Sandland,ARZ
14466,football,Daniel Braverman,ARZ
14474,football,Jordan Howard,NO
14477,football,Ben Braunecker,CHI
14493,football,Tra Carson,DET
14494,football,Jon Brown,JAX
14498,football,Tyler Boyd,TEN
14500,football,Cody Core,MIA
14508,football,Alex Erickson,HOU
14510,football,Alonzo Russell,NYG
14512,football,Rashard Higgins,CAR
14516,football,Cody Kessler,NE
14526,football,J.P. Holtz,NO
14530,football,Ricardo Louis,MIA
14531,football,Seth DeValve,ARZ
14532,football,Corey Coleman,KC
14540,football,Rico Gathers,CLE
14545,football,Ed Eagan,NYG
14552,football,Austin Traylor,DET
14553,football,Dak Prescott,DAL
14554,football,Ezekiel Elliott,LAC
14556,football,Andy Jones,NYG
14557,football,Darius Jackson,HOU
14564,football,Mose Frazier,CAR
14565,football,Paxton Lynch,PIT
14571,football,Devontae Booker,NYG
14572,football,Kalif Raymond,CHI
14577,football,Andy Janovich,HOU
14580,football,Henry Krieger-Coble,LA
14586,football,Bralon Addison,MIN
14590,football,Cole Wick,NO
14607,football,Dwayne Washington,DEN
14611,football,Jace Billingsley,NE
14618,football,Trevor Davis,ATL
14626,football,Geronimo Allison,ATL
14627,football,Joe Callahan,DET
14647,football,Ka'imi Fairbairn,HOU
14652,football,William Fuller,MIA
14654,football,Tyler Ervin,GB
14658,football,Tevin Jones,JAX
14659,football,Stephen Anderson,LAC
14661,football,Braxton Miller,CAR
14667,football,Chester Rogers,CLE
14671,football,Josh Ferguson,WAS
14672,football,Josh Woodrum,WAS
14679,football,Mekale McKay,DAL
14689,football,Tevaun Smith,JAX
14696,football,Brandon Allen,NYG
14708,football,Braedon Bowman,LAC
14712,football,Kevin Hogan,TEN
14714,football,Demarcus Robinson,SF
14725,football,Tyreek Hill,MIA
14727,football,Paul McRoberts,LA
14730,football,Sean Mannion,SEA
14731,football,Aaron Green,BUF
14732,football,Taylor Bertolet,LAC
14736,football,Pharoh Cooper,ARZ
14737,football,Nelson Spruce,LAC
14738,football,Duke Williams,BUF
14739,football,Malcolm Brown,LA
14743,football,Tyler Higbee,LA
14747,football,Temarrick Hemingway,WAS
14748,football,Jared Goff,DET
14749,football,Michael Thomas,NO
14754,football,Kenyan Drake,GB
14755,football,Jakeem Grant,ATL
14760,football,Brandon Shippen,TEN
14762,football,Brandon Doughty,ARZ
14763,football,Thomas Duarte,ATL
14764,football,Rashawn Scott,MIA
14769,football,Leonte Carroo,MIA
14773,football,Marshall Koehn,NYG
14776,football,David Morgan,MIN
14781,football,C.J. Ham,MIN
14783,football,Moritz Bohringer,CIN
14784,football,Laquon Treadwell,IND
14785,football,Jhurell Pressley,NYG
14789,football,Kyle Carter,BUF
14794,football,Marken Michel,WAS
14795,football,D.J. Foster,ARZ
14798,football,Bryce Williams,ARZ
14802,football,Jacoby Brissett,ARZ
14810,football,Malcolm Mitchell,NE
14811,football,Devin Lucien,NE
14815,football,Jake Lampman,NO
14819,football,Tommylee Lewis,MIA
14823,football,Jordan Williams-Lambert,CHI
14833,football,Daniel Lasco,NO
14841,football,Paul Perkins,IND
14846,football,K.J. Maye,NE
14847,football,Sterling Shepard,HOU
14854,football,Ryan Malleck,PIT
14855,football,Darius Powe,NYG
14856,football,Roger Lewis,IND
14857,football,Jerell Adams,TB
14862,football,Jalin Marshall,LV
14870,football,Ross Martin,CLE
14872,football,Robbie Chosen,WAS
14874,football,Lawrence Thomas,NYJ
14875,football,Charone Peake,JAX
14878,football,Johnny Holton,NYG
14887,football,Max McCaffrey,SF
14892,football,DeAndre Washington,MIA
14895,football,K.J. Brent,TB
14897,football,Connor Cook,DET
14898,football,Ryan O'Malley,NYG
14901,football,Jaydon Mickens,IND
14904,football,Jalen Richard,LV
14908,football,Byron Marshall,BAL
14910,football,Hunter Sharp,CIN
14911,football,Carson Wentz,MIN
14913,football,Paul Turner,NE
14917,football,Cayleb Jones,MIN
14920,football,Wendell Smallwood,WAS
14936,football,Demarcus Ayers,CHI
14937,football,Canaan Severin,NYG
14949,football,Kenneth Farrow,MIA
14966,football,Jamaal Jones,CAR
14968,football,Hunter Henry,NE
14970,football,Derek Watt,PIT
14979,football,Trevone Boykin,SEA
14980,football,Nick Vannett,SEA
14985,football,Tre Madden,SEA
14993,football,Tanner McEvoy,TEN
14994,football,C.J. Prosise,TB
15004,football,Jeff Driskel,WAS
15008,football,Kelvin Taylor,CLE
15010,football,Devon Cajuste,CLE
15011,football,Aaron Burbridge,DEN
15022,football,Bryce Treggs,PHI
15024,football,Roberto Aguayo,NE
15026,football,Russell Hansbrough,WAS
15029,football,Alan Cross,TB
15037,football,Peyton Barber,LV
15047,football,Tajae Sharpe,SF
15055,football,Derrick Henry,BAL
15056,football,Alex Ellis,ARZ
15071,football,Aldrick Rosas,DET
15072,football,Maurice Harris,NO
15073,football,Josh Doctson,ARZ
15081,football,Nate Sudfeld,SF
15085,football,Joe Kerridge,CLE
15086,football,Keith Marshall,WAS
15091,football,Marquis Bundy,NYG
15106,football,Garrett Griffin,DET
15109,football,Marvin Hall,JAX
15111,football,Marcus Tucker,PIT
15116,football,Reece Horn,CIN
15118,football,Robert Kelley,NO
15129,football,Sam Ficken,DET
15136,football,Kendal Thompson,LA
15154,football,Troymaine Pope,TB
15164,football,Jason Vander Laan,NO
15167,football,Matt Weiser,TB
15208,football,Nick Truesdell,NYJ
15214,football,Mo Alie-Cox,IND
15222,football,Christian McCaffrey,SF
15223,football,Mitchell Trubisky,TEN
15224,football,John Ross,PHI
15227,football,David Njoku,LAC
15231,football,Deshaun Watson,CLE
15233,football,Leonard Fournette,BUF
15234,football,Patrick Mahomes,KC
15238,football,Evan Engram,DEN
15245,football,O.J. Howard,LV
15246,football,Corey Davis,NYJ
15249,football,Chad Williams,KC
15256,football,Zay Jones,HOU
15257,football,Curtis Samuel,BUF
15260,football,Adam Shaheen,MIA
15261,football,Joe Mixon,HOU
15263,football,DeShone Kizer,TEN
15267,football,Carlos Henderson,WAS
15269,football,Brendan Langley,SEA
15271,football,Kenny Golladay,NYG
15276,football,D'Onta Foreman,CLE
15281,football,Kareem Hunt,KC
15283,football,Cooper Kupp,SEA
15285,football,Gerald Everett,CHI
15289,football,Dalvin Cook,DAL
15293,football,Alvin Kamara,NO
15297,football,Davis Webb,NYG
15299,football,ArDarius Stewart,WAS
15305,football,JuJu Smith-Schuster,NYG
15306,football,James Conner,ARZ
15312,football,Amara Darboh,DEN
15313,football,C.J. Beathard,DET
15316,football,Chris Godwin Jr.,TB
15318,football,Taywan Taylor,HOU
15319,football,Jonnu Smith,GB
15326,football,Tarik Cohen,NYJ
15331,football,Josh Malone,PIT
15333,football,Ryan Switzer,CAR
15336,football,Michael Roberts,MIA
15341,football,Marlon Mack,ARZ
15344,football,Dede Westbrook,GB
15345,football,Jehu Chesson,NYJ
15346,football,Josh Reynolds,NYJ
15351,football,Wayne Gallman,SEA
15352,football,Chad Hansen,ATL
15353,football,Jordan Leggett,DEN
15355,football,Mack Hollins,NE
15356,football,Donnel Pumphrey,PHI
15357,football,Joshua Dobbs,DET
15359,football,Joe Williams,SF
15360,football,George Kittle,SF
15362,football,Samaje Perine,CIN
15363,football,T.J. Logan,TB
15366,football,Eric Saubert,SEA
15367,football,Brian Hill,SF
15372,football,Nathan Peterman,DEN
15373,football,Alex Armah,WAS
15375,football,Harrison Butker,KC
15376,football,Jake Elliott,PHI
15380,football,Zane Gonzalez,MIA
15384,football,Noah Brown,LV
15387,football,Isaiah McKenzie,MIA
15388,football,De'Angelo Henderson,PHI
15389,football,Jamal Agnew,WAS
15391,football,Brad Kaaya,CIN
15392,football,Aaron Jones Sr.,MIN
15394,football,Devante Mays,JAX
15395,football,DeAngelo Yancey,TEN
15400,football,Marquez Williams,CLE
15403,football,Sam Rogers,BUF
15409,football,Isaiah Ford,CHI
15412,football,Temuchin Hodges,NYJ
15413,football,Rodney Adams,NYJ
15414,football,Stacy Coley,NYJ
15421,football,Elijah McGuire,KC
15427,football,Elijah Hood,JAX
15429,football,Shelton Gibson,CAR
15434,football,David Moore,CAR
15439,football,Trent Taylor,SF
15441,football,Jeremy McNichols,WAS
15442,football,Khalfani Muhammad,ARZ
15450,football,Jeremy Sprinkle,DAL
15451,football,Robert Davis,LV
15452,football,Fred Ross,CAR
15454,football,Mason Schreck,HOU
15455,football,Matt Dayes,NO
15457,football,Chad Kelly,IND
15459,football,Malachi Dupre,LAC
15464,football,Chris Carson,SEA
15465,football,Ricky Seals-Jones,IND
15466,football,Krishawn Hogan,CAR
15467,football,Tim Patrick,NYJ
15468,football,Quincy Adeboyejo,NE
15470,football,Tanner Gentry,BUF
15475,football,Cethan Carter,MIA
15479,football,Cooper Rush,ATL
15480,football,Blake Jarwin,DAL
15486,football,Bug Howard,TB
15487,football,Darrell Daniels,DET
15489,football,Amba Etta-Tawo,NYG
15493,football,Gehrig Dieter,KC
15495,football,Justin Davis,ARZ
15496,football,Artavis Scott,HOU
15497,football,De'Veon Smith,WAS
15503,football,Josiah Price,MIN
15510,football,Jacob Hollister,CAR
15512,football,Cody Hollister,TEN
15514,football,Austin Carr,NO
15518,football,Travin Dural,NO
15520,football,Travis Rudolph,MIA
15530,football,Keon Hatcher,NYJ
15533,football,Corey Clement,ARZ
15539,football,K.D. Cannon,DAL
15540,football,Cole Hikutini,NYG
15542,football,Nick Mullens,JAX
15548,football,Trey Griffey,PIT
15555,football,Johnny Mundt,PHI
15563,football,Scott Orndoff,PHI
15576,football,Reggie Davis,DAL
15584,football,Tim Cook,JAX
15589,football,Keelan Cole,LV
15592,football,I'Tavius Mathers,JAX
15599,football,Antony Auclair,TEN
15602,football,Bobo Wilson,CAR
15605,football,Thomas Sperbeck,TB
15608,football,Alek Torgersen,ARZ
15630,football,Carlton Agudosi,PHI
15631,football,Trevor Knight,ATL
15641,football,P.J. Walker,SEA
15646,football,Colin Jeter,TB
15647,football,Brandon Radcliff,MIA
15650,football,Dalton Crossan,TB
15654,football,JoJo Natson,CLE
15659,football,Zach Pascal,NYG
15665,football,Matt Breida,SF
15666,football,Victor Bolden,HOU
15671,football,Kendrick Bourne,ARZ
15678,football,Jarveon Williams,CIN
15684,football,Pharaoh Brown,IND
15698,football,LeShun Daniels,GB
15702,football,William Stanback,LV
15716,football,Keith Towbridge,WAS
15718,football,Jason Croom,PHI
15719,football,Brandon Reilly,PIT
15720,football,Devine Redding,TB
15723,football,Emanuel Byrd,GB
15735,football,Marcus Kemp,WAS
15741,football,Drew Morgan,MIA
15743,football,Damore'ea Stringfellow,SEA
15748,football,Brandon Barnes,LV
15751,football,Robert Tonyan,PIT
15755,football,Tion Green,IND
15757,football,Dontez Ford,DET
15765,football,Keeon Johnson,NYG
15767,football,Anthony Firkser,DET
15768,football,Brisly Estime,NYJ
15775,football,Billy Brown,IND
15777,football,Algernon Brown,KC
15780,football,Tyrone Swoopes,WAS
15789,football,Jahad Thomas,NYJ
15792,football,Brian Brown,DET
15799,football,Riley McCarron,NE
15802,football,Evan Baylis,KC
15806,football,Deante' Gray,HOU
15807,football,Zach Conque,IND
15816,football,Montay Crockett,LV
15821,football,Michael Clark,GB
15841,football,Trey Edmunds,PIT
15848,football,Tyler Ferguson,TEN
15852,football,Akeem Judd,GB
15858,football,Dare Ogunbowale,LV
15859,football,Chris Thompson,SF
15860,football,Justin Thomas,PIT
15866,football,Ricky Ortiz,NO
15868,football,C.J. Board,TEN
15869,football,Taquan Mizzell,NYG
15874,football,Isaac Whitney,ARZ
15885,football,Cyril Grayson,CLE
15895,football,Younghoe Koo,NYJ
15896,football,Austin Ekeler,WAS
15898,football,Andre Patton,PHI
15899,football,Sean Culkin,KC
15903,football,Mike Williams,LAC
15910,football,Austin Duke,CAR
15924,football,Kyle Sloter,JAX
15925,football,Lenard Tillery,TEN
15927,football,Malcolm Lewis,MIA
15931,football,Joel Bouagnon,NYJ
15938,football,Taysom Hill,NO
15960,football,Francis Owusu,MIA
15964,football,Greg Ward,IND
15965,football,Colby Pearson,ATL
15972,football,Dan Arnold,PHI
15977,football,Patrick Ricard,NYG
15978,football,Tim White,NO
15985,football,Lance Lenoir,LA
15991,football,Alex Gray,ATL
15996,football,Adam Zaruba,PHI
16003,football,Kermit Whitfield,CIN
16012,football,Colin Thompson,MIN
16019,football,Marvin Bracy,SEA
16020,football,Joshua Rounds,CLE
16022,football,Darius Victor,ARZ
16024,football,De'Quan Hampton,SEA
16033,football,Rashard Davis,NYJ
16034,football,David Grinnage,JAX
16035,football,Daniel Williams,CLE
16038,football,Justice Liggins,LAC
16052,football,River Cracraft,WAS
16055,football,Kent Taylor,CAR
16056,football,Jevoni Robinson,HOU
16057,football,Chris Bazile,ARZ
16059,football,Brandon Zylstra,DET
16062,football,Saquon Barkley,PHI
16065,football,Calvin Ridley,TEN
16066,football,Courtland Sutton,DEN
16067,football,Nick Chubb,HOU
16068,football,Ronald Jones,DAL
16069,football,Baker Mayfield,TB
16070,football,Rashaad Penny,CAR
16071,football,Josh Rosen,MIN
16073,football,James Washington,ATL
16074,football,Josh Allen,BUF
16075,football,Mark Andrews,BAL
16077,football,Sam Darnold,SEA
16078,football,Sony Michel,LA
16079,football,Bryce Love,
16080,football,Mason Rudolph,PIT
16081,football,Lamar Jackson,BAL
16083,football,Akrum Wadley,TEN
16084,football,Josh Adams,NO
16085,football,Kerryon Johnson,SF
16086,football,Jaylen Samuels,ARZ
16087,football,Phillip Lindsay,IND
16088,football,Bo Scarbrough,LV
16089,football,Mark Walton,MIA
16090,football,Royce Freeman,LAC
16091,football,Kamryn Pettway,MIN
16092,football,John Kelly,CLE
16093,football,Justin Jackson,DET
16094,football,Kalen Ballage,PIT
16095,football,Nyheim Miller-Hines,NO
16097,football,Jarvion Franklin,PIT
16098,football,Ralph Webb,PIT
16099,football,Demario Richard,ATL
16100,football,Nick Wilson,
16101,football,Roc Thomas,JAX
16102,football,Allen Lazard,NYJ
16104,football,Auden Tate,ARZ
16105,football,Simmie Cobbs,NO
16106,football,Javon Wims,CAR
16107,football,Tre'Quan Smith,DET
16108,football,Michael Gallup,WAS
16109,football,Marcell Ateman,BUF
16110,football,Deontay Burnett,DAL
16111,football,DaeSean Hamilton,MIA
16112,football,Austin Proehl,NYG
16113,football,Darren Carrington,DAL
16114,football,Cedrick Wilson Jr.,DET
16115,football,Robert Foster,IND
16116,football,Elijah Marks,KC
16117,football,Cam Phillips,CAR
16118,football,Jester Weah,CHI
16119,football,J'Mon Moore,ATL
16120,football,Jordan Lasley,DET
16122,football,Bryce Bobo,
16123,football,Davon Grayson,KC
16124,football,Keke Coutee,MIA
16125,football,Jaleel Scott,NYJ
16126,football,Trey Quinn,DET
16127,football,Jake Wieneke,MIN
16128,football,Daurice Fountain,DET
16129,football,Korey Robertson,MIN
16130,football,DJ Chark,ATL
16131,football,Darren Andrews,
16132,football,Christian Kirk,SF
16133,football,Dante Pettis,BUF
16134,football,DJ Moore,BUF
16135,football,Deon Cain,BUF
16136,football,Equanimeous St. Brown,SF
16137,football,Braxton Berrios,NYG
16138,football,Anthony Miller,BAL
16139,football,Antonio Callaway,DAL
16140,football,Luke Falk,NYJ
16141,football,J.T. Barrett,PIT
16142,football,Riley Ferguson,MIA
16143,football,Mike White,CAR
16144,football,Tanner Lee,JAX
16145,football,Kurt Benkert,SF
16146,football,Kyle Lauletta,CLE
16147,football,Nick Stevens,
16148,football,Quinton Flowers,IND
16149,football,Mike Gesicki,CIN
16151,football,Dallas Goedert,PHI
16152,football,Ryan Izzo,CAR
16153,football,Durham Smythe,BAL
16154,football,Adam Breneman,
16155,football,Ian Thomas,LV
16156,football,Chris Herndon,NO
16157,football,Hayden Hurst,LAC
16158,football,Daniel Carlson,NO
16159,football,Eddy Pineiro,SF
16160,football,Michael Badgley,BUF
16161,football,Justin Yoon,
16162,football,Aidan Schneider,
16163,football,Derrius Guice,WAS
16167,football,Lamar Atkins,JAX
16170,football,David Williams,IND
16214,football,Jordan Akins,JAX
16246,football,Chase Edmonds,WAS
16247,football,Ito Smith,DAL
16255,football,Dalton Schultz,HOU
16281,football,Justin Watson,HOU
16285,football,Russell Gage,SF
16292,football,Ray-Ray McCloud III,CHI
16303,football,Damion Ratley,MIN
16305,football,Troy Fumagalli,MIN
16309,football,Nick Bawden,HOU
16312,football,Marquez Valdes-Scantling,DAL
16315,football,Jordan Thomas,ATL
16318,football,Jordan Wilkins,CLE
16332,football,Dylan Cantrell,WAS
16334,football,Jason Sanders,NYJ
16343,football,Danny Etling,GB
16345,football,Boston Scott,PIT
16349,football,Trenton Cannon,TEN
16359,football,Alex McGough,GB
16368,football,Logan Woodside,ARZ
16377,football,Jeff Badet,LV
16379,football,Tyler Conklin,DET
16387,football,Pharoah McKever,GB
16393,football,Quadree Henderson,PIT
16395,football,Richie James,KC
16397,football,Trent Sherfield,BUF
16400,football,Austin Ramesh,ARZ
16411,football,Andrew Vollert,IND
16415,football,Corey Willis,ARZ
16416,football,Chad Kanoff,TB
16422,football,Christian Blake,PIT
16423,football,Dontez Byrd,ATL
16438,football,David Wells,TB
16443,football,Teo Redding,GB
16445,football,Ryan Santoso,NYG
16455,football,Chase Litton,JAX
16466,football,Anthony Manzo-Lewis,LAC
16470,football,J.J. Jones,NYJ
16473,football,Nic Shimonek,WAS
16474,football,Cole Hunt,CAR
16476,football,Detrez Newsome,LAC
16477,football,Jason Cabinda,DET
16486,football,Dimitri Flowers,JAX
16487,football,Marcus Baugh,PIT
16488,football,Jeremiah Briscoe,PHI
16495,football,Ka'Raun White,PIT
16501,football,Donnie Ernsberger,TEN
16502,football,Austin Allen,TB
16514,football,Malik Williams,PIT
16518,football,Jake Roh,ATL
16521,football,Troy Mangen,ATL
16524,football,Damoun Patterson,NE
16525,football,Lamar Jordan,ATL
16526,football,Luke McNitt,MIN
16531,football,Detrich Clark,ATL
16533,football,David Marvin,ATL
16534,football,Devin Gray,KC
16536,football,Daniel Marx,SEA
16537,football,Jaelon Acklin,BAL
16539,football,Andre Levrone,CAR
16549,football,Kaare Vedvik,JAX
16550,football,Gus Edwards,LAC
16554,football,Tyler Davis,BUF
16560,football,Reggie Bonnafon,WAS
16562,football,Kyle Allen,BUF
16564,football,Mike Boone,MIA
16567,football,Armanti Foreman,MIN
16569,football,Tyler Hoppes,MIN
16573,football,Ryan Nall,DAL
16577,football,Garrett Johnson,CHI
16582,football,Ray Lawry,KC
16583,football,Jordan Franks,KC
16585,football,Devonte Boyd,CIN
16586,football,Adonis Jennings,GB
16587,football,Peter Pujals,MIN
16588,football,Evan Berry,CLE
16590,football,Da'Mari Scott,NYG
16593,football,Darvin Kidsy,SEA
16601,football,Dalton Sturm,DAL
16604,football,Marchie Murdock,DAL
16608,football,Malik Earl,DAL
16610,football,Jordan Chunn,NYG
16614,football,Jimmy Williams,DEN
16619,football,DeAndre Goolsby,JAX
16625,football,Brandon Powell,MIN
16627,football,Kyle Lewis,GB
16632,football,Tim Boyle,TEN
16633,football,Kevin Rader,NO
16635,football,Damon Gibson,GB
16645,football,Lavon Coleman,GB
16646,football,Terry Swanson,HOU
16650,football,Vyncint Smith,IND
16653,football,Matt McCrane,DET
16654,football,Alec Bloom,ARZ
16655,football,Jonah Trinnaman,NYJ
16656,football,Jalen Tolliver,KC
16657,football,Dorren Miller,PHI
16666,football,Steve Ishmael,IND
16679,football,Byron Pringle,WAS
16683,football,Darrel Williams,NO
16684,football,Blake Mack,KC
16685,football,J.D. Moore,KC
16689,football,Codey McElroy,TB
16690,football,Luis Perez,LAC
16691,football,Steven Mitchell,HOU
16695,football,Dalton Keene,NE
16705,football,Buddy Howell,LA
16706,football,Greg Joseph,LV
16708,football,Chris Lacy,LV
16711,football,Shane Wimann,NE
16716,football,Keith Kirkwood,BAL
16721,football,Cam Serigne,CAR
16724,football,Deon Yelder,ARZ
16729,football,Jack Heneghan,SF
16731,football,Ross Dwelley,CAR
16732,football,Steven Dunbar,DEN
16734,football,Godwin Igwebuike,PIT
16735,football,Ervin Philips,TB
16736,football,Jason Reese,CAR
16739,football,Sergio Bailey,TB
16740,football,Tanner Hudson,CIN
16741,football,Shaun Wilson,TEN
16744,football,Trevor Moore,TB
16745,football,Justin Crawford,ATL
16747,football,Christopher Ezeala,BAL
16749,football,Christian Scotland-Williamson,PIT
16750,football,Cameron Batson,ATL
16752,football,De'Mornay Pierson-El,DEN
16753,football,Elijah Wellman,GB
16755,football,Martez Carter,WAS
16756,football,Mikah Holder,WAS
16757,football,Shay Fields,DEN
16759,football,Cam Sims,CAR
16761,football,Matt Flanagan,JAX
16763,football,John Diarse,DEN
16767,football,Stephen Baggett,CLE
16770,football,Jawill Davis,GB
16773,football,Vic Enwere,NYJ
16774,football,Canon Rooker,NYJ
16780,football,Ryan Green,NYJ
16788,football,Saeed Blacknall,PIT
16793,football,Anthony Mahoungou,PHI
16794,football,Jordon Gandy,PHI
16796,football,Brandon Silvers,NYJ
16798,football,Ray Bolden,PHI
16801,football,Troy Williams,SEA
16803,football,Taj Williams,ATL
16804,football,Caleb Scott,TEN
16813,football,Nick Sharga,SF
16817,football,J.T. Luper,TEN
16818,football,Jordan Veasy,LV
16827,football,Devin Ross,LV
16828,football,Larry Rose,LA
16830,football,Ethan Wolf,NO
16831,football,Jeff Wilson,MIA
16833,football,Will Dissly,LAC
16834,football,LaQuvionte Gonzalez,LA
16841,football,Dontrell Hilliard,TEN
16847,football,Julian Allen,CLE
16855,football,Janarion Grant,BAL
16856,football,Ryan Smith,GB
16859,football,Johnny Stanton,CLE
16860,football,Chad Beebe,HOU
16863,football,Henry Poggi,NE
16864,football,Paul Butler,NE
16865,football,Chris Warren,LV
16869,football,Jordan Smallwood,LAC
16872,football,De'Lance Turner,MIA
16873,football,Mark Thompson,LV
16887,football,Zach Olstad,BUF
16889,football,Matt Fleming,CHI
16892,football,Brogan Roback,PIT
16893,football,Deontez Alexander,SEA
16900,football,Robert Martin,NE
16901,football,Tim Wilson,PHI
16907,football,C.J. Duncan,ARZ
16909,football,Keith Ford,GB
16911,football,John Franklin,TB
16917,football,Clayton Wilson,SEA
16923,football,Ricky Jeune,DAL
16926,football,Ryan Yurachek,DAL
16929,football,Nick Holley,LA
16931,football,Kayaune Ross,CIN
16933,football,Austin Roberts,LAC
16934,football,Garrett Hudson,WAS
16935,football,Jaeden Graham,PHI
16936,football,Sherman Badie,ARZ
16937,football,Garrett Dickerson,NYG
16942,football,Josh Crockett,KC
16945,football,Josh Smith,NO
16950,football,Aaron Lacombe,LA
16953,football,Eldridge Massington,NO
16954,football,Khalid Hill,SEA
16955,football,Dalyn Dawkins,DET
16956,football,Jared Murphy,CIN
16957,football,Mark Chapman,DEN
16959,football,Blake Jackson,CLE
16960,football,KhaDarel Hodge,SF
16961,football,Malik Turner,SF
16964,football,James Butler,LV
16966,football,Malachi Jones,CHI
16967,football,Marcus Peterson,LAC
16968,football,Bryce Bobo,DEN
16970,football,Gerald Holmes,SEA
16975,football,Austin Wolf,ARZ
16976,football,Darren Andrews,NE
16977,football,Justin Stockton,DET
16978,football,Darius Prince,PHI
16979,football,Allenzae Staggers,WAS
16980,football,Julian Williams,ATL
16981,football,Kobe McCrary,MIN
16983,football,John Wolford,MIN
16985,football,Connor Jessop,WAS
16986,football,Ja'Quan Gardner,SF
16988,football,Frank Stephens,SF
16996,football,Bryant Mitchell,TB
16997,football,Redford Jones,CHI
16998,football,Josh Jacobs,GB
16999,football,Trayveon Williams,DET
17000,football,Damien Harris,BUF
17001,football,Benny Snell,DET
17002,football,DK Metcalf,PIT
17003,football,N'Keal Harry,SEA
17004,football,A.J. Brown,NE
17005,football,Darrell Henderson,LA
17007,football,Hollywood Brown,PHI
17008,football,Daniel Jones,IND
17009,football,Kyler Murray,MIN
17010,football,Rodney Anderson,CIN
17011,football,Parris Campbell,DAL
17012,football,Drew Lock,SEA
17013,football,Will Grier,CAR
17014,football,T.J. Hockenson,MIN
17015,football,Irv Smith,HOU
17016,football,David Montgomery,HOU
17017,football,Myles Gaskin,SEA
17018,football,Kelvin Harmon,DAL
17019,football,Deebo Samuel Sr.,SF
17020,football,Justice Hill,BAL
17021,football,Noah Fant,NO
17022,football,Jarrett Stidham,DEN
17023,football,Clayton Thorson,NYG
17024,football,Brett Rypien,HOU
17025,football,Gardner Minshew II,ARZ
17026,football,Ryan Finley,HOU
17027,football,Tyree Jackson,WAS
17029,football,Easton Stick,TB
17030,football,Dexter Williams,GB
17031,football,Bryce Love,WAS
17032,football,Karan Higdon,HOU
17033,football,Elijah Holyfield,CIN
17034,football,Devin Singletary,NYG
17035,football,Jordan Scarlett,MIA
17036,football,Travis Homer,PIT
17037,football,Qadree Ollison,PIT
17038,football,Damarea Crockett,NYJ
17039,football,Miles Sanders,DAL
17040,football,Bruce Anderson,IND
17041,football,Wes Hills,DET
17042,football,Alexander Mattison,MIA
17043,football,James Williams,DET
17044,football,Kerrith Whyte,GB
17045,football,Darwin Thompson,LV
17046,football,Ty Johnson,BUF
17047,football,Devine Ozigbo,DET
17048,football,J.J. Arcega-Whiteside,ATL
17049,football,Lil'Jordan Humphrey,DEN
17050,football,David Sills V,TB
17051,football,Riley Ridley,CHI
17052,football,Hakeem Butler,DEN
17053,football,Mecole Hardman Jr.,BUF
17054,football,Miles Boykin,CHI
17055,football,Hunter Renfrow,CAR
17056,football,Gary Jennings,LAC
17057,football,Greg Dortch,BUF
17058,football,Emanuel Hall,WAS
17059,football,Anthony Johnson,PIT
17060,football,Tyre Brady,JAX
17061,football,Jakobi Meyers,JAX
17062,football,Terry McLaurin,WAS
17063,football,Penny Hart,ATL
17064,football,KeeSean Johnson,BUF
17065,football,DaMarkus Lodge,CIN
17066,football,Tyron Billy-Johnson,DAL
17067,football,Tony Pollard,TEN
17068,football,Andy Isabella,SF
17069,football,Jaylen Smith,SEA
17070,football,Keelan Doss,LV
17071,football,Cody Thompson,TB
17072,football,Antoine Wesley,LV
17073,football,Jalen Hurd,NE
17074,football,Preston Williams,CAR
17075,football,Emmanuel Butler,NO
17076,football,Dillon Mitchell,MIN
17077,football,Stanley Morgan,TEN
17078,football,Diontae Johnson,CLE
17079,football,Anthony Ratliff-Williams,SEA
17080,football,Kaden Smith,WAS
17081,football,Caleb Wilson,DEN
17082,football,Josh Oliver,MIN
17083,football,Alize Mack,TEN
17084,football,Isaac Nauta,GB
17085,football,Jace Sternberger,BUF
17086,football,C.J. Conrad,NYG
17087,football,Donald Parham,PIT
17088,football,Dawson Knox,BUF
17089,football,Dax Raymond,PIT
17090,football,Phillip Andersen,TB
17091,football,Mike Thomas,BAL
17092,football,Mike Weber,NYG
17093,football,Alex Barnes,FA
17094,football,Chris Blewitt,CLE
17096,football,Christian Wade,BUF
17100,football,Raphael Leonard,JAX
17103,football,Jeff Smith,ARZ
17105,football,Papi White,TEN
17106,football,Michael Walker,PHI
17110,football,Ryquell Armstead,JAX
17112,football,Michael Colubiale,JAX
17120,football,Dredrick Snelson,JAX
17122,football,Carson Meier,MIA
17135,football,Micah Wright,NO
17136,football,Cole Murphy,ARZ
17143,football,A.J. Richardson,ARZ
17148,football,Drew Belcher,WAS
17151,football,Dontae Strickland,ARZ
17154,football,Steven Peoples,ARZ
17155,football,Drew Anderson,ARZ
17157,football,Xavier Turner,SEA
17166,football,C.J. Worton,ATL
17170,football,Olamide Zaccheaus,ATL
17172,football,Kahlil Lewis,SEA
17175,football,Shawn Bane,ATL
17177,football,Marcus Green,PHI
17186,football,Charles Scarff,BAL
17187,football,Trace McSorley,WAS
17195,football,Nick Easley,BUF
17196,football,Tommy Sweeney,CHI
17207,football,Terry Godwin,TEN
17219,football,Elliott Fry,DEN
17225,football,Drew Sample,CIN
17228,football,Tristan Vizcaino,DAL
17232,football,Jacob Dolegala,MIA
17236,football,Trayone Gray,CLE
17238,football,Ishmael Hyman,GB
17240,football,Darrin Hall,PIT
17242,football,Dorian Baker,CLE
17247,football,David Blough,DET
17248,football,Stephen Carlson,CHI
17255,football,Damon Sheehy-Guiseppi,CLE
17256,football,Austin Seibert,WAS
17271,football,Kelvin McKnight,DEN
17273,football,George Aston,NYG
17277,football,Devontae Jackson,DEN
17279,football,Trinity Benson,CLE
17280,football,Austin Fort,TEN
17281,football,Juwann Winfree,HOU
17288,football,Nate Becker,GB
17293,football,Travis Fulgham,GB
17297,football,Jonathan Duhart,DET
17303,football,Andre Wilson,DET
17308,football,Manny Wilkins,GB
17317,football,Matthew Eaton,TB
17318,football,Davis Koppenhaver,GB
17323,football,Kahale Warring,NO
17338,football,Stephen Louis,HOU
17346,football,Johnnie Dixon,DAL
17354,football,Marquis Young,IND
17366,football,Ashton Dulin,IND
17370,football,John Lovett,MIA
17371,football,T.J. Linta,KC
17376,football,Felton Davis,KC
17382,football,Jamal Custis,PIT
17385,football,Logan Parker,KC
17386,football,Jamire Jordan,KC
17388,football,Andre Lindsey,KC
17389,football,Gaje Ferguson,KC
17390,football,Jody Fortson,KC
17391,football,Kyle Shurmur,WAS
17396,football,Alex Bachman,LA
17399,football,Matt Colburn,JAX
17401,football,Kendall Blanton,KC
17402,football,Romello Brooker,LA
17408,football,Nsimba Webster,CHI
17412,football,Keenen Brown,HOU
17425,football,Trenton Irwin,SF
17442,football,Chandler Cox,MIA
17445,football,Davion Davis,WAS
17447,football,Brandon Dillon,WAS
17450,football,Jake Browning,TB
17452,football,Alexander Hollins,CLE
17456,football,Bisi Johnson,MIN
17461,football,Khari Blasingame,PHI
17469,football,Ryan Davis,NE
17480,football,Nick Brossette,DET
17481,football,Xavier Ubosi,TB
17486,football,Andrew Beck,NYJ
17488,football,Jakob Johnson,HOU
17499,football,Jake Powell,NYG
17504,football,Deonte Harty,BAL
17507,football,Darnell Holland,NO
17512,football,Darius Slayton,NYG
17528,football,Jalin Moore,NYJ
17531,football,Trevon Wesco,LV
17535,football,Valentine Holmes,NYJ
17548,football,Foster Moreau,HOU
17557,football,Matthew Wright,BUF
17558,football,Travon McMillian,PIT
17559,football,Zach Gentry,LV
17562,football,Trevor Wood,PIT
17571,football,Sutton Smith,LV
17577,football,Delane Hart-Johnson,SEA
17580,football,Mik'Quan Deane,CLE
17587,football,John Ursua,SEA
17588,football,Jazz Ferguson,SEA
17591,football,Taryn Christion,PIT
17600,football,Malik Henry,NO
17601,football,Wilton Speight,SF
17608,football,Tyree Mayfield,SF
17618,football,Cortrelle Simpson,TB
17621,football,Isaiah Searight,NYG
17622,football,Scotty Miller,CHI
17628,football,Matt Gay,LV
17629,football,Nick Fitzgerald,TB
17630,football,Malik Taylor,DET
17633,football,Alex Barnes,TEN
17659,football,Ellis Richardson,CHI
17662,football,Spencer Schnell,TB
17664,football,John Baron,CHI
17676,football,Jalen Guyton,LV
17681,football,Jon'Vea Johnson,CHI
17684,football,Johnathan Lloyd,LA
17686,football,Justin Sumpter,LA
17689,football,Matt Sokol,PIT
17693,football,Jeremy Cox,DEN
17695,football,Trevion Thompson,TEN
17699,football,Daniel Helm,DET
17704,football,Jason Moore,DET
17709,football,Alex Wesley,CHI
17711,football,Reggie White,NYG
17713,football,Jon Hilliman,NYG
17718,football,Alec Ingold,LAC
17729,football,Nico Evans,PHI
17736,football,DeAndre Thompkins,GB
17740,football,T.J. Rahming,MIA
17742,football,Kano Dillon,WAS
17744,football,Steven Sims,ARZ
17751,football,Jerome Washington,ARZ
17753,football,Romell Guerrier,DEN
17754,football,LJ Scott,CLE
17759,football,Sean Modster,BAL
17769,football,Cole Herdman,TEN
17773,football,D.J. Montgomery,IND
17782,football,Clayton Hatfield,IND
17785,football,Adam Choice,SEA
17786,football,Terry Wright,MIA
17788,football,Justin Johnson,ARZ
17789,football,Shawn Poindexter,SF
17792,football,Ian Bunting,DAL
17800,football,Thomas Ives,CHI
17802,football,Cole Hedlund,IND
17810,football,Darrius Shepherd,LAC
17812,football,Austin Walter,LV
17815,football,Joey Slye,TEN
17817,football,Nyqwan Murray,SEA
17820,football,Marcus Marshall,TEN
17826,football,Eric Dungey,CIN
17834,football,Brian Burt,LV
17836,football,Ventell Bryant,CAR
17837,football,Tony Brooks-James,PIT
17838,football,Tom Kennedy,DET
17839,football,Charles Jones,PIT
17846,football,Jalan McClendon,WAS
17847,football,Moral Stephens,DEN
17851,football,Chase McLaughlin,TB
17852,football,Jesper Horsted,CAR
17853,football,Damion Willis,PIT
17857,football,Isaac Zico,ARZ
17861,football,A.J. Ouellette,CLE
17862,football,Devlin Hodges,LA
17864,football,Parker Hesse,DET
17866,football,Joe Parker,TEN
17870,football,Craig Reynolds,WAS
17874,football,Jalen Greene,LA
17876,football,Joe Horn,BAL
17878,football,Juston Christian,BAL
17882,football,Jordan Ellis,CIN
17890,football,Floyd Allen,HOU
17891,football,Gunner Olszewski,NYG
17892,football,Marcelias Sutton,SEA
17894,football,Fred Trevillion,LAC
17898,football,Josh Caldwell,CHI
17900,football,Patrick Laird,TB
17901,football,Chris Myarick,LV
17903,football,Damion Jeanpiere,CAR
17910,football,Marcus Simms,SEA
17911,football,Jamarius Way,DEN
17913,football,Holder Defense1 TDSP,XXX
17914,football,Holder Defense2 TDSP,YYY
17919,football,D'Ernest Johnson,TEN
17921,football,Vincent Testaverde,TB
17923,football,Derrick Gore,WAS
17924,football,Charles Holland,CIN
17926,football,Aca'Cedric Ware,TB
17927,football,Taj McGowan,JAX
17934,football,Joe Walker,CHI
17935,football,Jackson Harris,SEA
17937,football,Jordan Ta'amu,MIN
17945,football,Micky Crum,PIT
17953,football,Josh Gable,NE
17954,football,Tavonn Salter,ATL
17958,football,Darion Clark,CHI
17959,football,Reggie Begelton,GB
17961,football,D'Andre Swift,CHI
17962,football,Jonathan Taylor,IND
17963,football,J.K. Dobbins,DEN
17964,football,Jerry Jeudy,CLE
17965,football,CeeDee Lamb,DAL
17966,football,Cam Akers,SEA
17967,football,Clyde Edwards-Helaire,KC
17968,football,Joe Burrow,CIN
17969,football,Henry Ruggs,LV
17970,football,Laviska Shenault,BUF
17971,football,Tee Higgins,CIN
17972,football,Justin Jefferson,MIN
17973,football,Zack Moss,CIN
17974,football,Ke'Shawn Vaughn,SF
17975,football,Tua Tagovailoa,ATL
17976,football,Justin Herbert,LAC
17977,football,Jalen Reagor,MIA
17978,football,Bryan Edwards,NO
17979,football,Tyler Johnson,DAL
17980,football,Eno Benjamin,NO
17981,football,KJ Hamler,BUF
17982,football,Antonio Gandy-Golden,WAS
17983,football,Brandon Aiyuk,SF
17984,football,Lynn Bowden,NO
17985,football,Anthony McFarland,MIA
17986,football,Thaddeus Moss,CIN
17987,football,Donovan Peoples-Jones,NO
17988,football,Isaiah Hodgins,NYG
17989,football,Devin Duvernay,ARZ
17990,football,Collin Johnson,LV
17991,football,Michael Warren,DET
17992,football,Quintez Cephus,HOU
17993,football,Brycen Hopkins,LA
17994,football,Salvon Ahmed,CHI
17995,football,Michael Pittman Jr.,PIT
17996,football,AJ Dillon,CAR
17997,football,Jordan Love,GB
17998,football,La'Mical Perine,PIT
17999,football,Jalen Hurts,PHI
18000,football,Albert Okwuegbunam Jr.,LV
18001,football,Hunter Bryant,DET
18002,football,Jacob Eason,GB
18003,football,Jake Fromm,DET
18004,football,Jared Pinkney,CHI
18005,football,DeeJay Dallas,JAX
18006,football,Javon Leake,DET
18007,football,J.J. Taylor,HOU
18008,football,Denzel Mims,DAL
18009,football,KJ Hill,LAC
18010,football,Cole Kmet,CHI
18011,football,Patrick Taylor Jr.,SF
18012,football,Gabe Davis,BUF
18013,football,Chase Claypool,BUF
18014,football,Quartney Davis,IND
18015,football,Van Jefferson,WAS
18016,football,Aaron Fuller,SEA
18017,football,John Hightower,LAC
18018,football,Colby Parkinson,LA
18019,football,Joshua Kelley,TEN
18020,football,Harrison Bryant,SEA
18021,football,Jacob Breeland,BAL
18022,football,James Proche,TEN
18023,football,Raymond Calais,LA
18024,football,Tavien Feaster,ARZ
18025,football,Devin Asiasi,TEN
18026,football,Darrynton Evans,BUF
18027,football,Darius Anderson,HOU
18028,football,Rodney Smith,DET
18029,football,Kennedy McKoy,FA
18030,football,Chris Streveler,NYJ
18031,football,Anthony Gordon,KC
18032,football,Adam Trautman,DEN
18033,football,Jauan Jennings,MIN
18034,football,Antonio Gibson,NE
18035,football,JaMycal Hasty,NE
18036,football,Rico Dowdle,PIT
18037,football,Rodrigo Blankenship,TB
18038,football,Lirim Hajrullahu,DAL
18039,football,Austin MacGinnis,LA
18040,football,Jacques Patrick,NYJ
18041,football,James Robinson,NO
18042,football,Ramiz Ahmed,WAS
18104,football,Josiah Deguara,NYG
18128,football,Dalton Keene,HOU
18158,football,Tyler Bass,BUF
18169,football,Darnell Mooney,NYG
18182,football,Jason Huntley,IND
18191,football,Isaiah Coulter,BUF
18197,football,Dezmon Patmon,CAR
18202,football,Tyler Davis,NE
18207,football,Jake Luton,LV
18214,football,Sam Sloman,SF
18219,football,Joe Reed,CHI
18224,football,Malcolm Perry,NE
18228,football,Nate Stanley,MIN
18231,football,K.J. Osborn,TEN
18240,football,Justin Rohrwasser,NE
18241,football,Tommy Stevens,NYG
18252,football,James Morgan,ARZ
18257,football,Quez Watkins,PHI
18265,football,Freddie Swain,CHI
18268,football,Stephen Sullivan,CAR
18271,football,Charlie Woerner,ATL
18278,football,Cole McDonald,ARZ
18290,football,Ben DiNucci,DEN
18291,football,Tyrie Cleveland,IND
18298,football,Rashad Medaris,ARZ
18300,football,Shane Leatherbury,ARZ
18302,football,Jermiah Braswell,ARZ
18303,football,Sirgeo Hoffman,ARZ
18304,football,Jonathan Ward,BAL
18305,football,Parker Houston,ARZ
18308,football,Ryan Becker,ATL
18311,football,JoJo Ward,CLE
18320,football,Juwan Green,KC
18324,football,Jalen McCleskey,NO
18326,football,Chris Rowland,TEN
18327,football,Caleb Repp,ATL
18328,football,Mikey Daniel,CAR
18329,football,Seth Dawkins,SEA
18332,football,Tyler Mabry,CAR
18334,football,Dominick Wood-Anderson,SEA
18340,football,Anthony Jones,SEA
18345,football,Travis Jonsen,TB
18347,football,John Hurst,IND
18350,football,Josh Pearson,TB
18351,football,Reid Sinnett,CIN
18356,football,Kyle Williams,TEN
18357,football,Kristian Wilkerson,ATL
18359,football,Tommy Hudson,NO
18362,football,Tucker McCann,TEN
18363,football,Mason Kinsey,TEN
18364,football,Cameron Scarlett,SEA
18368,football,Isaiah Wright,WAS
18369,football,Johnathon Johnson,WAS
18371,football,Steven Montez,DET
18380,football,Bronson Rechsteiner,BAL
18381,football,Jaylon Moore,SF
18393,football,Ty'Son Williams,ARZ
18395,football,Eli Wolf,WAS
18396,football,Nick Vogel,BAL
18397,football,Michael Dereus,BAL
18405,football,Antonio Williams,NYG
18406,football,Reggie Gilliam,NE
18407,football,Trevontae Hights,CAR
18410,football,Cam Sutton,SEA
18413,football,Omar Bayless,KC
18418,football,Giovanni Ricci,DET
18422,football,Artavis Pierce,DEN
18424,football,Ahmad Wagner,CHI
18426,football,Scotty Washington,BAL
18427,football,Devwah Whaley,CIN
18436,football,Tony Brown,WAS
18437,football,Kevin Davidson,CLE
18439,football,Nate Wieting,NYG
18444,football,Brian Herrien,CLE
18445,football,Ja'Marcus Bradley,PIT
18446,football,Benny LeMay,CLE
18447,football,Kendrick Rogers,DAL
18451,football,Stephen Guidry,DAL
18452,football,Sean McKeon,IND
18454,football,Charlie Taumoepeau,DET
18458,football,Aaron Parker,KC
18461,football,Sewo Olonilua,DAL
18465,football,LeVante Bellamy,DEN
18466,football,Riley Neal,DEN
18467,football,Kendall Hinton,DEN
18468,football,Zimari Manning,DEN
18473,football,Luke Sellers,DET
18476,football,Jalen Morton,IND
18480,football,Darrell Stewart,CAR
18485,football,Jordan Jones,GB
18492,football,Dylan Stapleton,HOU
18493,football,Tyler Simmons,PIT
18494,football,Scottie Phillips,HOU
18499,football,Binjimen Victor,BAL
18501,football,Rysen John,CHI
18503,football,Austin Mack,ATL
18505,football,Kyle Markway,LA
18506,football,Case Cookus,LA
18507,football,Derrick Dillon,CLE
18515,football,Lawrence Cager,WAS
18517,football,George Campbell,NYJ
18521,football,Manasseh Bailey,NYJ
18525,football,Adrian Killins,DEN
18528,football,Khalil Tate,PHI
18530,football,Noah Togiai,PHI
18540,football,Spencer Nigh,PIT
18546,football,Broc Rutter,SF
18547,football,Chase Harrell,SF
18548,football,Chris Finke,CHI
18558,football,Nakia Griffin-Stewart,IND
18564,football,Jake Burt,NE
18567,football,Will Hastings,NE
18569,football,Brian Lewerke,NYG
18570,football,Jeff Thomas,NE
18571,football,J'Mar Smith,NE
18572,football,Sean Riley,NE
18576,football,Isaiah Zuber,LV
18582,football,Juwan Johnson,NO
18584,football,Marquez Callaway,LV
18587,football,Tony Jones,ARZ
18591,football,Easop Winston,NYJ
18592,football,Josh Love,CAR
18593,football,Trishton Jackson,ARZ
18596,football,Brandon Polk,LA
18598,football,Earnest Edwards,LA
18599,football,James Gilbert,LA
18600,football,J.J. Koski,DEN
18603,football,Bryce Perkins,CAR
18605,football,Xavier Jones,LA
18610,football,Matt Cole,WAS
18611,football,Kirk Merritt,NO
18619,football,Mitchell Wilcox,MIA
18624,football,Tyler Huntley,BAL
18625,football,Nick Tiano,HOU
18630,football,DeMichael Harris,IND
18631,football,Farrod Green,IND
18636,football,Marvelle Ross,JAX
18638,football,Josh Hammond,DEN
18642,football,Nathan Cottrell,JAX
18644,football,Ben Ellefson,MIN
18645,football,Connor Slomka,JAX
18650,football,Aleva Hifo,ARZ
18651,football,Dominik Eberle,DET
18653,football,Nick Bowers,MIA
18657,football,Siaosi Mariner,BAL
18664,football,Cody White,LV
18666,football,Maurice Ffrench,LAC
18668,football,Andre Baccellia,ARZ
18673,football,Justice Shelton-Mosley,KC
18675,football,Kalija Lipscomb,TEN
18677,football,Bobby Holly,LAC
18681,football,Gabe Nabers,LAC
18683,football,Darius Bradwell,CAR
18684,football,Dalton Schoen,WAS
18685,football,Jeff Cotton,GB
18686,football,Jared Rice,LAC
18696,football,Jake Bargas,NO
18698,football,Dan Chisena,CAR
18700,football,Josh Hokit,ARZ
18710,football,Shea Patterson,KC
18711,football,Devin Phelps,ARZ
18716,football,Napoleon Maxwell,CHI
18719,football,Nick Westbrook-Ikhine,IND
18724,football,Patrick Carr,SEA
18732,football,Connor Davis,CLE
18734,football,Sandro Platzgummer,NYG
18736,football,Paul Quessenberry,HOU
18738,football,Dominique Dafney,CAR
18739,football,Pete Guerriero,PIT
18743,football,JJ Molson,GB
18744,football,Taylor Russolino,DEN
18747,football,Chris Blair,ATL
18770,football,Travis Etienne Jr.,NO
18771,football,Javonte Williams,DAL
18772,football,Kenny Gainwell,TB
18773,football,Chuba Hubbard,CAR
18774,football,Jaret Patterson,LAC
18775,football,Ja'Marr Chase,CIN
18776,football,Javian Hawkins,LA
18777,football,Pooka Williams,CIN
18778,football,DeVonta Smith,PHI
18779,football,Trevor Lawrence,JAX
18780,football,Rakeem Boyd,DET
18781,football,Jaylen Waddle,DEN
18782,football,Kylin Hill,GB
18783,football,Justin Fields,KC
18784,football,Jermar Jefferson,MIN
18785,football,Rashod Bateman,BAL
18786,football,Dyami Brown,WAS
18787,football,Brenden Knox,KC
18788,football,Demetric Felton,WAS
18789,football,Kyle Pitts Sr.,ATL
18790,football,Rondale Moore,MIN
18791,football,Rhamondre Stevenson,NE
18792,football,Pat Freiermuth,PIT
18793,football,Tylan Wallace,CLE
18794,football,Seth Williams,LV
18795,football,Elijah Moore,PHI
18797,football,Brevin Jordan,HOU
18798,football,Terrace Marshall Jr.,MIA
18799,football,Trey Lance,LAC
18800,football,Mac Jones,SF
18801,football,Hunter Long,ARZ
18802,football,Tutu Atwell,LA
18803,football,Sage Surratt,ARZ
18804,football,Anthony Schwartz,MIA
18806,football,Zach Wilson,NO
18807,football,Tommy Tremble,CAR
18809,football,Damonte Coxie,FA
18810,football,Kyle Trask,CAR
18811,football,Brennan Eagles,DAL
18812,football,Simi Fehoko,ARZ
18813,football,Adrian Hardy,FA
18814,football,Pro Wells,CIN
18815,football,Cade Johnson,SEA
18816,football,Isaiah McCoy,FA
18817,football,Dax Milne,CAR
18818,football,Blake Proehl,MIN
18820,football,Marlon Williams,HOU
18826,football,Najee Harris,NYG
18827,football,Amon-Ra St. Brown,DET
18828,football,Michael Carter,TEN
18829,football,Trey Sermon,ATL
18830,football,Khalil Herbert,SF
18831,football,CJ Verdell,IND
18832,football,Zamir White,NO
18833,football,Master Teague,PIT
18834,football,Kadarius Toney,CLE
18835,football,Dee Eskridge,MIA
18836,football,Nico Collins,HOU
18837,football,Trevon Grimes,PHI
18838,football,Larry Rountree,HOU
18839,football,Amari Rodgers,IND
18840,football,Elijah Mitchell,PHI
18841,football,Jaelon Darden,SEA
18842,football,Marquez Stevenson,CAR
18843,football,Shi Smith,KC
18844,football,Tamorrion Terry,SEA
18845,football,Frank Darby,SF
18846,football,Josh Imatorbhebhe,JAX
18847,football,Dez Fitzpatrick,LAC
18849,football,Kellen Mond,NO
18850,football,Darius Clark,CAR
18852,football,Kai Locksley,MIA
18853,football,Matt Ammendola,HOU
18854,football,Team Zendejas,FA
18855,football,Chris Evans,CIN
18856,football,Micah Simon,CAR
18857,football,Mathew Sexton,MIA
18860,football,Sammis Reyes,MIN
18861,football,Darece Roberson,SEA
18862,football,Joshua Palmer,BUF
18863,football,Carson Williams,LV
18922,football,Davis Mills,HOU
18933,football,Tre' McKitty,WAS
18982,football,Kylen Granson,TEN
18988,football,Jacob Harris,TB
18992,football,Kene Nwangwu,NYJ
18995,football,Ian Book,PHI
19005,football,John Bates,WAS
19007,football,Josh Pederson,JAX
19008,football,Austin Watkins,PHI
19009,football,Cary Angeline,PHI
19010,football,Feleipe Franks,CAR
19015,football,Antonio Nunn,ATL
19016,football,Austin Trammell,JAX
19019,football,Bruno Labelle,ARZ
19028,football,Avery Williams,NYJ
19029,football,Caleb Huntley,ATL
19038,football,Ben Mason,LAC
19044,football,Spencer Brown,ATL
19046,football,Mason Stokke,CAR
19053,football,Dazz Newsome,SF
19062,football,CJ Marable,NE
19064,football,Scooter Harrington,CHI
19068,football,Evan McPherson,CIN
19076,football,Nick Eubanks,IND
19077,football,Osirus Mitchell,GB
19082,football,T.J. Vasher,DAL
19083,football,JaQuan Hardy,DEN
19086,football,Artayvious Lynn,DAL
19100,football,Javon McKinley,PIT
19101,football,Brock Wright,DET
19103,football,Dedrick Mills,DET
19104,football,Jonathan Adams,DET
19111,football,Bailey Gaither,BAL
19121,football,Sam Ehlinger,DEN
19124,football,Luke Farrell,SF
19125,football,Jalen Camp,CLE
19127,football,Cornell Powell,PIT
19128,football,Noah Gray,KC
19129,football,Ben Skowronek,PIT
19131,football,Jake Funk,JAX
19138,football,Gerrid Doaks,HOU
19140,football,Ihmir Smith-Marsette,ARZ
19144,football,Tre Nixon,NE
19147,football,Kawaan Baker,GB
19149,football,Gary Brightwell,CIN
19166,football,Roland Rivers,PIT
19168,football,Isaiah McKoy,IND
19170,football,Rico Bussey,PIT
19185,football,Tory Carter,TEN
19186,football,Racey McMath,DAL
19188,football,Briley Moore,TEN
19189,football,Miller Forristall,LA
19190,football,Blake Haubeil,CAR
19197,football,Nick Ralston,DAL
19201,football,Jeremiah Haydel,LA
19203,football,Landen Akers,LA
19207,football,Alex Kessman,CAR
19209,football,Eli Stove,LAC
19212,football,Hunter Kampmoyer,DEN
19218,football,Carl Tucker,MIA
19219,football,Myron Mitchell,MIN
19221,football,Whop Philyor,MIN
19222,football,A.J. Rose,LA
19227,football,Riley Patterson,MIA
19228,football,Stevie Scott,ARZ
19229,football,Dylan Soehner,NO
19242,football,Kenny Yeboah,ARZ
19250,football,Michael Strachan,WAS
19252,football,Zach Davidson,NYG
19253,football,Jack Stoll,CLE
19254,football,Jamie Newman,PHI
19257,football,Jhamon Ausbon,PHI
19260,football,B.J. Emmons,HOU
19262,football,Connor Wedington,SEA
19270,football,T.J. Simmons,TB
19271,football,Jose Borregales,TB
19279,football,Tim Tebow,JAX
19281,football,John Raine,ATL
19285,football,Tony Poljan,BAL
19290,football,Tre Walker,BUF
19291,football,Quintin Morris,JAX
19292,football,Collin Hill,CIN
19298,football,Riley Lees,CIN
19305,football,Shane Buechele,BUF
19306,football,DJ Turner,HOU
19307,football,Garrett Groshek,MIN
19309,football,Matt Bushman,KC
19310,football,Trey Ragas,LA
19313,football,Dillon Stoner,LV
19316,football,Damon Hazelton,HOU
19319,football,Deon Jackson,DET
19320,football,Tarik Black,DET
19323,football,Tyler Vaughns,PIT
19329,football,Tim Jones,JAX
19332,football,Tre Harbison,CLE
19335,football,Devontres Dukes,DEN
19337,football,Shaun Beyer,GB
19338,football,Branden Mack,DEN
19340,football,Warren Jackson,LA
19343,football,Adam Prentice,DEN
19344,football,Landon Rice,DEN
19347,football,Bernhard Seikovits,ARZ
19352,football,Jibri Blount,MIA
19353,football,Quinn Nordin,NE
19355,football,Nick Guggemos,BUF
19356,football,Shane Zylstra,BUF
19358,football,Chris Naggar,DAL
19365,football,Cheyenne O'Grady,CIN
19367,football,Josh Johnson,SEA
19368,football,Donte Sylencieux,BAL
19369,football,Khalil McClain,MIA
19372,football,Brian Johnson,WAS
19373,football,Jake Verity,TB
19374,football,Kenji Bahar,BAL
19375,football,Nate McCrary,GB
19378,football,Jake Hausmann,WAS
19385,football,C.J. Saunders,ATL
19387,football,Travis Toivonen,MIN
19390,football,Matt Seybert,LAC
19392,football,Michael Bandy,DEN
19393,football,Otis Anderson,LA
19400,football,Mekhi Sargent,JAX
19402,football,Jeff Holder TK,FA
19403,football,K.J. Costello,NO
19404,football,Kalif Jackson,MIA
19405,football,Sal Cannella,CLE
19407,football,Daniel Crawford,GB
19408,football,Corey Taylor,CLE
19409,football,Graham Adomitis,IND
19411,football,Michael Jacobson,NO
19417,football,Mark Vital,KC
19418,football,DeShon Williams,SEA
19419,football,Ryan Willis,CHI
19421,football,Brayden Lenius,ATL
19423,football,Nikola Kalinic,CHI
19424,football,DeVonte Dedmon,MIA
19427,football,Breece Hall,NYJ
19428,football,Isaiah Spiller,LV
19429,football,Treylon Burks,WAS
19430,football,Kenneth Walker III,KC
19431,football,Garrett Wilson,NYJ
19432,football,Chris Olave,NO
19433,football,Drake London,ATL
19434,football,Desmond Ridder,GB
19435,football,Jameson Williams,DET
19436,football,Rachaad White,WAS
19437,football,George Pickens,DAL
19438,football,Jalen Wydermyer,IND
19439,football,Trey McBride,ARZ
19440,football,David Bell,CLE
19441,football,Tyler Allgeier,ARZ
19442,football,Kenny Pickett,CAR
19443,football,Jerome Ford,WAS
19444,football,Matt Corral,MIN
19445,football,Christian Watson,GB
19446,football,Keaontay Ingram,KC
19447,football,Dameon Pierce,PHI
19448,football,Eric Gray,NYG
19449,football,Sam Howell,DAL
19450,football,Kyren Williams,LA
19451,football,Bam Knight,ARZ
19452,football,Jahan Dotson,ATL
19453,football,Jalen Tolbert,MIA
19454,football,John Metchie III,CAR
19455,football,Romeo Doubs,NE
19456,football,Justyn Ross,KC
19457,football,Erik Ezukanma,PHI
19458,football,Malik Willis,MIA
19459,football,Carson Strong,ARZ
19460,football,Wan'Dale Robinson,TEN
19461,football,Bailey Zappe,NYJ
19462,football,Khalil Shakir,BUF
19463,football,Alec Pierce,IND
19464,football,Isaiah Likely,NYG
19465,football,Skyy Moore,GB
19466,football,Kennedy Brooks,PHI
19467,football,James Cook III,BUF
19468,football,Brian Robinson,ATL
19469,football,Zach Charbonnet,SEA
19470,football,Jerrion Ealy,KC
19471,football,Ty Chandler,NO
19472,football,Tyler Goodson,ATL
19473,football,Tyler Badie,DEN
19474,football,Samori Toure,PHI
19475,football,Abram Smith,MIN
19476,football,Jake Ferguson,DAL
19477,football,Greg Dulcich,MIA
19479,football,Pierre Strong Jr.,GB
19480,football,Calvin Austin III,NYG
19481,football,Kevin Harris,JAX
19482,football,Charlie Kolar,LAC
19483,football,Hassan Haskins,NE
19484,football,Jelani Woods,NYJ
19486,football,Isiah Pacheco,DET
19487,football,Makai Polk,ATL
19488,football,ZaQuandre White,MIA
19489,football,Devon Allen,PHI
19491,football,Tyquan Thornton,KC
19493,football,Danny Gray,PHI
19538,football,Velus Jones Jr.,SEA
19578,football,Jeremy Ruckert,NYJ
19587,football,Tyrion Davis-Price,GB
19607,football,Cade York,NYJ
19625,football,Daniel Bellinger,TEN
19632,football,Cade Otton,TB
19633,football,Chig Okonkwo,WAS
19642,football,John FitzPatrick,GB
19654,football,Trestan Ebner,CHI
19663,football,Michael Woods II,DEN
19675,football,Montrell Washington,HOU
19680,football,James Mitchell,CAR
19686,football,Teagan Quitoriano,ARZ
19689,football,Drew Ogletree,IND
19693,football,Snoop Conner,DAL
19710,football,Brittain Brown,CHI
19714,football,Skylar Thompson,BAL
19715,football,Jalen Nailor,LV
19717,football,Nick Muse,ATL
19731,football,Grant Calcaterra,PHI
19733,football,Connor Heyward,LV
19734,football,Chris Oladokun,KC
19735,football,Dareke Young,LV
19736,football,Bo Melton,GB
19742,football,Brock Purdy,SF
19746,football,Ko Kieft,TB
19749,football,Kyle Philips,LV
19753,football,Cole Turner,MIA
19754,football,Zander Horvath,MIA
19755,football,Seth Green,NO
19759,football,Drew Estrada,HOU
19763,football,Johnny Johnson,HOU
19765,football,Thomas Hennigan,MIN
19773,football,Reggie Roberson,TEN
19776,football,Caleb Shudak,TEN
19781,football,Devon Williams,BAL
19782,football,Anthony Brown,BUF
19786,football,Ricky Person,SEA
19788,football,Trevon Clark,BAL
19789,football,Slade Bolden,ATL
19792,football,Emeka Emezie,ATL
19800,football,Charleston Rambo,PHI
19803,football,John Lovett,PIT
19806,football,Derek Wright,CAR
19808,football,Josh Babicz,GB
19809,football,Ra'Shaun Henry,SEA
19810,football,Andrew Parchment,CAR
19811,football,Davis Cheek,CAR
19812,football,Talolo Limi-Jones,CAR
19815,football,Kevin Marks,LAC
19816,football,Erik Krommenhoek,LAC
19818,football,James McCourt,LV
19819,football,Stone Smartt,NO
19821,football,Brandon Peters,LAC
19823,football,Trevon Bradford,LAC
19826,football,Leddie Brown,LAC
19830,football,Mataeo Durant,PIT
19833,football,Jaylen Warren,PIT
19837,football,Marcus Santos-Silva,CLE
19838,football,Danny Davis,GB
19844,football,BJ Baylor,ATL
19853,football,Armani Rogers,BUF
19855,football,Cole Kelley,WAS
19857,football,Curtis Hodges,CAR
19858,football,Jequez Ezzard,WAS
19860,football,Kyric McGowan,MIA
19865,football,Taysir Mack,SF
19869,football,Tay Martin,DET
19870,football,Garrett Walston,SF
19872,football,Jordan Mason,MIN
19878,football,Changa Hodge,ARZ
19879,football,Ronnie Rivers,LA
19881,football,JaVonta Payton,ARZ
19882,football,Jontre Kirklin,SF
19883,football,Stephon Robinson,ARZ
19884,football,Chris Pierce,CAR
19889,football,Grayson Gunter,JAX
19890,football,Gerrit Prince,KC
19891,football,Kevin Austin Jr.,NO
19898,football,Lujuan Winningham,JAX
19905,football,Stanley Berryhill,DET
19907,football,Tyshaun James,ATL
19914,football,Jared Bernhardt,ATL
19921,football,Lucas Krull,DEN
19923,football,Parker Romo,ATL
19932,football,Gabe Brkic,GB
19933,football,Dai'Jean Dixon,NO
19934,football,Rashid Shaheed,SEA
19936,football,Julius Chestnut,TEN
19938,football,E.J. Perry,JAX
19939,football,Levi Lewis,SEA
19943,football,John Mitchell,SEA
19945,football,Demetris Robertson,SEA
19948,football,Jake Herslow,SEA
19952,football,Cade Brewer,SEA
19954,football,Henry Litwin,CHI
19955,football,Chase Allen,CHI
19959,football,Kevin Shaa,CHI
19960,football,Jake Tonges,SF
19961,football,Cyrus Holder,CHI
19962,football,Savon Scarver,CHI
19968,football,Landon Lenoir,CHI
19970,football,Tayon Fleet-Davis,KC
19975,football,Dustin Crum,KC
19984,football,Britain Covey,PHI
19995,football,De'Montre Tuggle,CHI
19997,football,Calvin Jackson,MIA
20004,football,D'Eriq King,CAR
20006,football,Cameron Dicker,LAC
20007,football,Bryant Koback,SEA
20009,football,Shemar Bridges,BAL
20010,football,Raleigh Webb,TB
20021,football,Roger Carter,LA
20022,football,Jamal Pettigrew,LA
20027,football,Lance McCutcheon,TEN
20031,football,Kaden Davis,CHI
20033,football,Tyreik McAllister,LV
20035,football,Dylan Parham,DEN
20037,football,Jalen Virgil,BUF
20038,football,Brandon Johnson,PIT
20039,football,Rodney Williams,PIT
20041,football,Dre Miller,GB
20047,football,Austin Allen,GB
20048,football,Jeremiah Hall,NYG
20053,football,Josh Bist,CAR
20054,football,Andrew Mevis,JAX
20056,football,Malik Williams,BUF
20061,football,Neil Pau'u,BUF
20063,football,Jaivon Heiligh,CIN
20064,football,Justin Rigg,TEN
20067,football,Kwamie Lassiter,CIN
20070,football,Kendric Pryor,CIN
20073,football,Jack Sorenson,CIN
20076,football,Shermari Jones,CIN
20079,football,Mike Harley,MIA
20083,football,Travell Harris,CLE
20088,football,Isaiah Weston,CLE
20090,football,Felix Harper,CLE
20091,football,Zaire Mitchell-Paden,HOU
20092,football,Ty Fryfogle,KC
20093,football,Dennis Houston,TB
20098,football,Jaquarii Roberson,LA
20100,football,Malik Davis,DAL
20104,football,Peyton Hendershot,KC
20106,football,Aaron Shampklin,MIA
20108,football,Dontario Drummond,DAL
20111,football,Jonathan Garibay,DAL
20114,football,Josh Johnson,DET
20115,football,Greg Bell,PIT
20117,football,Kalil Pimpleton,NYG
20119,football,Nolan Givan,DET
20120,football,Corey Sutton,DET
20121,football,Derrick Deese,DET
20124,football,Anthony Turner,GB
20125,football,Troy Hairston,CLE
20131,football,Jack Coan,IND
20135,football,Samson Nacua,NO
20136,football,Kekoa Crawford,KC
20137,football,Max Borghi,PIT
20142,football,Michael Young,HOU
20143,football,D'Vonte Price,IND
20147,football,Ethan Fernea,IND
20151,football,Sincere McCormick,SF
20152,football,Cole Fotheringham,NE
20155,football,Justin Hall,MIN
20162,football,Tre Turner,LV
20163,football,Chase Garbers,LV
20165,football,Braylon Sanders,WAS
20170,football,Tanner Conner,NYG
20179,football,Jashaun Corbin,DAL
20183,football,Keshunn Abram,NYJ
20184,football,Irv Charles,SEA
20186,football,Ben Beise,TB
20187,football,Deven Thompkins,LV
20188,football,Jerreth Sterns,LA
20189,football,Kaylon Geiger,TB
20199,football,Raheem Blackshear,DET
20202,football,Jared Scott,IND
20204,football,Kevin Kassis,SEA
20206,football,Willie Johnson,JAX
20208,football,Tucker Fisk,LAC
20211,football,JJ Howland,TB
20212,football,Kameron Brown,TB
20215,football,Naz Bohannon,JAX
20216,football,Ryan McDaniel,JAX
20218,football,Keric Wheatfall,PHI
20219,football,Jared Smart,ARZ
20221,football,Jarrett Guarantano,DEN
20223,football,T.J. Pledger,ARZ
20228,football,Travis Koontz,LV
20230,football,Nick Sciba,PIT
20231,football,Tyler Snead,PIT
20238,football,Brandon Lewis,TEN
20245,football,Drew Plitt,CIN
20247,football,KaVontae Turpin,DAL
20251,football,Maurice Alexander,CHI
20254,football,Thomas Odukoya,NE
20258,football,Daylen Baldwin,ARZ
20260,football,DeAndre Torrey,PHI
20262,football,Joe Lolich,FA
20264,football,Missing Link TK,FA
20265,football,Butt Kicker TK,FA
20266,football,Josh Ali,ATL
20267,football,Lucas Havrisik,GB
20270,football,Clint Ratkovich,ATL
20271,football,Bijan Robinson,ATL
20272,football,Jahmyr Gibbs,DET
20273,football,Jaxon Smith-Njigba,SEA
20274,football,Jordan Addison,MIN
20275,football,Zach Evans,NYJ
20276,football,Quentin Johnston,LAC
20277,football,Jalin Hyatt,NYG
20278,football,Blake Corum,LA
20279,football,Tank Bigsby,PHI
20280,football,C.J. Stroud,HOU
20281,football,Bryce Young,CAR
20282,football,Michael Mayer,LV
20283,football,Josh Downs,IND
20284,football,De'Von Achane,MIA
20285,football,Sean Tucker,TB
20286,football,Kenny McIntosh,SEA
20287,football,Rashee Rice,KC
20288,football,Zay Flowers,BAL
20289,football,Hendon Hooker,TEN
20290,football,Cedric Tillman,NO
20291,football,Parker Washington,JAX
20292,football,Chase Brown,CIN
20293,football,Marvin Mims Jr.,DEN
20294,football,Anthony Richardson Sr.,IND
20295,football,Will Levis,TEN
20296,football,Jaren Hall,SEA
20297,football,Tanner McKee,PHI
20298,football,Michael Penix Jr.,ATL
20299,football,Bo Nix,DEN
20300,football,Dalton Kincaid,BUF
20301,football,Darnell Washington,PIT
20302,football,Arik Gilbert,FA
20303,football,Luke Musgrave,GB
20304,football,Kendre Miller,NO
20305,football,Xavier Hutchinson,HOU
20306,football,Israel Abanikanda,DAL
20307,football,Jase McClellan,TB
20308,football,Chris Rodriguez Jr.,JAX
20309,football,Jermaine Burton,CIN
20310,football,Cam Ward,TEN
20311,football,Jayden Reed,GB
20312,football,Tucker Kraft,GB
20313,football,DeWayne McBride,MIN
20314,football,Dontayvion Wicks,PHI
20315,football,Ronnie Bell,NO
20316,football,Mohamed Ibrahim,MIN
20317,football,Camerun Peoples,CAR
20318,football,Rakim Jarrett,PIT
20319,football,Cornelius Johnson,BAL
20320,football,Xazavian Valladay,MIN
20321,football,Zakhari Franklin,LV
20322,football,Jake Haener,NYG
20323,football,Tank Dell,HOU
20325,football,Parker White,GB
20326,football,Kayshon Boutte,HOU
20327,football,Nathan Rourke,ATL
20328,football,Deuce Vaughn,HOU
20329,football,Tyjae Spears,TEN
20330,football,Tyler Scott,LA
20331,football,A.T. Perry,PIT
20332,football,Jonathan Mingo,DAL
20333,football,Dontay Demus Jr.,FA
20334,football,Roschon Johnson,CHI
20335,football,Rome Odunze,CHI
20336,football,Puka Nacua,LA
20337,football,Andrei Iosivas,CIN
20338,football,Alex Quevedo,NO
20339,football,Sam LaPorta,DET
20340,football,Michael Wilson,ARZ
20341,football,DeMario Douglas,NE
20342,football,Payne Durham,TB
20343,football,Trey Palmer,NO
20344,football,Keaton Mitchell,LAC
20346,football,Elijah Higgins,ARZ
20347,football,Will Mallory,IND
20348,football,Bryce Ford-Wheaton,NYG
20349,football,Zack Kuntz,DAL
20351,football,Deneric Prince,NE
20352,football,Evan Hull,ARZ
20353,football,Luke Schoonmaker,DAL
20354,football,Tiyon Evans,CAR
20355,football,Grant DuBose,BUF
20356,football,C.J. Johnson,SEA
20357,football,Tre Tucker,LV
20358,football,Jalen Moreno-Cropper,NO
20359,football,Jason Brownlee,KC
20425,football,Brenton Strange,JAX
20453,football,Cameron Latu,NE
20455,football,Jake Moody,BAL
20468,football,Charlie Jones,NYG
20479,football,Stetson Bennett IV,LA
20480,football,Derius Davis,LAC
20481,football,Aidan O'Connell,LV
20486,football,Chad Ryland,ARZ
20496,football,Clayton Tune,HOU
20504,football,Justin Shorter,LV
20518,football,Dorian Thompson-Robinson,PHI
20519,football,Jalen Brooks,ARZ
20526,football,Antoine Green,DET
20527,football,Sean Clifford,SF
20529,football,Anders Carlson,NYJ
20530,football,Lew Nichols,PIT
20535,football,Jared Wayne,HOU
20557,football,Davis Allen,LA
20566,football,Scott Matlock,LAC
20567,football,Max Duggan,LAC
20597,football,Tanner Morgan,MIN
20603,football,Brayden Willis,SF
20614,football,Josh Whyle,GB
20615,football,Colton Dowell,PIT
20620,football,Robert Burns,ATL
20623,football,Adrian Martinez,SF
20628,football,Malik Cunningham,DET
20629,football,Blake Grupe,NYJ
20630,football,Thayer Thomas,DEN
20634,football,Jack Podlesny,GB
20637,football,Malik Knowles,SF
20638,football,Cephus Johnson,TB
20639,football,Ben Sims,MIA
20646,football,Monte Pottebaum,PIT
20647,football,Jordan Byrd,PIT
20649,football,B.T. Potter,TB
20655,football,Kearis Jackson,HOU
20658,football,Charles McClelland,TEN
20659,football,Mitch Tinsley,HOU
20661,football,Kazmeir Allen,WAS
20664,football,Shaquan Davis,PIT
20670,football,Sy Barnett,NO
20671,football,SaRodorick Thompson,LA
20672,football,Joel Wilson,TEN
20674,football,Elijah Dotson,ATL
20675,football,Terrell Bynum,LV
20678,football,Tyler Hoosman,LAC
20683,football,Michael Ezeike,SEA
20688,football,Pokey Wilson,NYJ
20690,football,Jaray Jenkins,PIT
20693,football,Oliver Martin,JAX
20696,football,Elijah Cooks,CAR
20697,football,Leonard Taylor,JAX
20700,football,Tyler Hudson,LA
20701,football,Sam James,LA
20706,football,Christian Sims,LA
20710,football,Tanner Brown,NO
20712,football,Christopher Dunn,LA
20717,football,Joel Honigford,ARZ
20719,football,Emari Demercado,DAL
20721,football,Daniel Arias,ARZ
20722,football,Blake Whiteheart,CLE
20726,football,Carlos Washington Jr.,MIA
20729,football,Zay Malone,ATL
20730,football,Keilahn Harris,PIT
20731,football,Justin Marshall,SEA
20736,football,Xavier Smith,LA
20737,football,Dresser Winn,LA
20739,football,Malik Flowers,LV
20740,football,Shae Wyatt,SF
20742,football,Jack Colletto,PIT
20744,football,Khalan Laborn,SF
20750,football,Ronald Awatt,SF
20751,football,Brycen Tremayne,CAR
20752,football,Jalen Sample,WAS
20753,football,Zion Bowens,WAS
20757,football,Tim DeMorat,WAS
20758,football,Duece Watts,PIT
20764,football,Henry Pearson,GB
20765,football,Malik Heath,ATL
20769,football,Camren McDonald,LA
20770,football,Calvin Tyler,CIN
20771,football,Matt Landers,TEN
20772,football,John Hall,SEA
20775,football,Holton Ahlers,SEA
20776,football,Griffin Hebert,PHI
20779,football,Marcus Cooper,SEA
20780,football,Jake Bobo,SEA
20782,football,Noah Gindorff,PIT
20784,football,Tyjon Lindsey,SEA
20788,football,Isaiah Winstead,PIT
20790,football,Jacob Saylors,DET
20791,football,Christian Trahan,CIN
20798,football,Patrick Murtagh,DEN
20806,football,Andre Szmyt,CLE
20807,football,Damien Caffrey,CHI
20813,football,Thyrick Pitts,GB
20814,football,Tyson Bagent,CHI
20815,football,Aron Cruickshank,PIT
20817,football,Mac Hippenhammer,CIN
20818,football,Shedrick Jackson,LV
20825,football,Hassan Hall,ARZ
20828,football,Johnny King,PHI
20829,football,Zavier Scott,CHI
20830,football,Darius Hagans,PIT
20836,football,Cody Chrest,IND
20840,football,Titus Swen,IND
20845,football,Tommy DeVito,NE
20849,football,Ben VanSumeren,KC
20852,football,Joseph Ngata,PHI
20855,football,Jadon Haselwood,PHI
20857,football,Brady Russell,SEA
20859,football,Braxton Westfield,IND
20862,football,Travis Dye,NYJ
20863,football,E.J. Jenkins,PHI
20865,football,T.J. Luther,CAR
20866,football,Xavier Gipson,NYG
20874,football,Josh Vann,CAR
20899,football,Ty Scott,SEA
20908,football,Thomas Greaney,CLE
20910,football,Keytaon Thompson,DET
20913,football,Chase Cota,CLE
20919,football,Chris Smith,SEA
20925,football,Tyler Adams,IND
20926,football,Kody Case,IND
20929,football,Chris Coleman,MIA
20930,football,Daewood Davis,CAR
20932,football,Tyrell Shavers,BUF
20933,football,Jordan Mims,PHI
20934,football,Jalen Wayne,GB
20938,football,Julian Hill,NE
20941,football,James Blackman,MIA
20944,football,Travis Vokolek,ARZ
20945,football,Dontay Demus,BAL
20947,football,Owen Wright,HOU
20948,football,Brian Walker,BAL
20950,football,Sean Ryan,BAL
20951,football,Nolan Henderson,BAL
20954,football,Chris Brooks,GB
20955,football,Johnny Lumpkin,GB
20975,football,Braxton Burmeister,LA
20982,football,Ronnie Brown,TB
20986,football,Tanner Taula,TB
20987,football,Taye Barber,TB
20992,football,Kade Warner,TB
20996,football,Ryan Miller,MIA
20997,football,Isaiah Bowser,BUF
21001,football,Emanuel Wilson,SEA
21004,football,Dallas Daniels,DEN
21005,football,Jaleel McLaughlin,CLE
21011,football,Nate Adkins,DEN
21012,football,Taylor Grimes,DEN
21014,football,Kris Leach,DEN
21020,football,Jesse Matthews,ATL
21032,football,John Samuel Shenker,LV
21035,football,Jacob Copeland,PIT
21037,football,Tre'Shaun Harrison,TEN
21038,football,Trey Wolff,TEN
21040,football,Alfonzo Graham,PIT
21045,football,Dylan Drummond,ATL
21048,football,Ellis Merriweather,GB
21053,football,Gavin Holmes,TEN
21056,football,Zach Ojile,MIN
21058,football,Austin Aune,ATL
21062,football,Bryan Thompson,BUF
21063,football,Braydon Johnson,BUF
21066,football,Jordan Murray,CHI
21069,football,Brian Cobbs,ARZ
21072,football,Jose Barbon,DAL
21073,football,David Durden,DAL
21077,football,Princeton Fant,DAL
21079,football,Hunter Luepke,DAL
21080,football,John Stephens,DAL
21088,football,Lucky Jackson,DET
21089,football,Jadakis Bonds,GB
21090,football,Jerome Kapp,NYJ
21091,football,Cody Chrest,GB
21092,football,Malachi Carter,CIN
21094,football,Izaiah Gathings,KC
21096,football,Garett Maag,MIN
21097,football,Ed Lee,NE
21099,football,Matthew Trickett,ATL
21100,football,Brandon Aubrey,DAL
21103,football,Milton Wright,LAC
21104,football,Wayne Taulapapa,SEA
21105,football,Jake Bates,DET
21106,football,Toriano Clinton,IND
21107,football,La'Michael Pettway,NE
21109,football,Lachlan Pitts,CHI
21110,football,Avery Davis,DET
21113,football,Aaron Dykes,MIN
21121,football,Marvin Harrison Jr.,ARZ
21122,football,Malik Nabers,NYG
21123,football,Brock Bowers,LV
21124,football,Caleb Williams,CHI
21125,football,Drake Maye,NE
21126,football,Jayden Daniels,WAS
21127,football,Troy Franklin,DEN
21128,football,Xavier Worthy,KC
21129,football,Adonai Mitchell,NYJ
21130,football,Keon Coleman,BUF
21131,football,Brian Thomas Jr.,JAX
21132,football,Braelon Allen,NYJ
21133,football,Jonathon Brooks,CAR
21134,football,Audric Estime,NO
21135,football,Trey Benson,ARZ
21136,football,Bucky Irving,TB
21137,football,Xavier Legette,CAR
21138,football,Devontez Walker,BAL
21139,football,Ladd McConkey,LAC
21140,football,Ja'Lynn Polk,NO
21141,football,Will Shipley,PHI
21142,football,Malachi Corley,CLE
21143,football,Ja'Tavion Sanders,CAR
21144,football,MarShawn Lloyd,GB
21145,football,Johnny Wilson,PHI
21146,football,Ricky Pearsall,SF
21147,football,Brenden Rice,GB
21148,football,Roman Wilson,PIT
21149,football,Donovan Edwards,MIA
21150,football,J.J. McCarthy,MIN
21151,football,Ray Davis,BUF
21152,football,Cade Stover,HOU
21153,football,Jalen McMillan,TB
21154,football,Malik Washington,MIA
21155,football,Jamari Thrash,CLE
21156,football,Jacob Cowing,SF
21157,football,Daijun Edwards,PIT
21158,football,Moose Muhammad,CAR
21159,football,Dillon Johnson,CAR
21160,football,Jaylen Wright,MIA
21161,football,Isaiah Davis,NYJ
21162,football,Ainias Smith,CAR
21163,football,Jawhar Jordan,HOU
21164,football,Ben Sinnott,WAS
21165,football,Michael Pratt,TB
21166,football,Frank Gore Jr.,BUF
21167,football,Rasheen Ali,BAL
21168,football,Luke McCaffrey,WAS
21169,football,Kimani Vidal,LAC
21170,football,De'Corian Clark,FA
21171,football,Tory Horton,SEA
21172,football,Drake Stoops,LA
21173,football,Javon Baker,SF
21175,football,Dylan Laube,LV
21176,football,Xavier Weaver,ARZ
21177,football,Jha'Quan Jackson,TB
21178,football,Isaac Guerendo,SF
21179,football,Jaheim Bell,PIT
21180,football,Cody Schrader,DEN
21181,football,Theo Johnson,NYG
21182,football,Blake Watson,TEN
21183,football,Tyrone Tracy Jr.,NYG
21184,football,Dallin Holker,NO
21185,football,Louis Rees-Zammit,JAX
21186,football,Charlie Smyth,NO
21187,football,Dante Miller,NYG
21221,football,Tip Reiman,ARZ
21295,football,Erick All Jr.,CIN
21297,football,Sione Vaki,DET
21304,football,Jared Wiley,KC
21315,football,AJ Barner,SEA
21324,football,Tejhaun Palmer,NE
21326,football,Casey Washington,CAR
21329,football,Devin Leary,BAL
21343,football,Tanner McLachlan,SF
21355,football,Ryan Flournoy,DAL
21357,football,Devaughn Vele,NO
21376,football,Anthony Gould,IND
21378,football,Cam Little,JAX
21380,football,Keilan Robinson,NYJ
21386,football,Joshua Karty,ARZ
21389,football,Jordan Whittington,LA
21398,football,Tahj Washington,PHI
21404,football,Will Reichard,MIN
21408,football,Joe Milton III,DAL
21413,football,Spencer Rattler,NO
21414,football,Bub Means,NO
21419,football,Jordan Travis,NYJ
21434,football,Devin Culp,TB
21442,football,Luke Benson,LAC
21443,football,Zach Heins,LAC
21444,football,Casey Bauman,LAC
21447,football,Jaelen Gill,CLE
21458,football,Jaylen Johnson,LAC
21462,football,Jeff Foreman,LV
21463,football,Carter Bradley,JAX
21476,football,Ramel Keyton,TEN
21477,football,Tulu Griffin,GB
21480,football,John Rhys Plumlee,PIT
21484,football,Jacob Kibodi,CLE
21488,football,Kyle Sheets,KC
21492,football,Mason Tipton,NO
21495,football,Jermaine Jackson,NO
21502,football,Ahmarean Brown,BUF
21505,football,Trey Knox,MIN
21506,football,Ty James,MIN
21513,football,Jeshaun Jones,MIN
21515,football,Devron Harper,MIN
21521,football,Tanner Mordecai,SF
21522,football,Terique Owens,SF
21523,football,Austin Reed,BAL
21527,football,Mike DiLiello,TEN
21528,football,Nathaniel Peat,DAL
21532,football,JaQuae Jackson,LAC
21533,football,Isaiah Wooden,CLE
21536,football,Colson Yankoff,WAS
21541,football,Michael Wiley,TB
21542,football,Emory Jones,ATL
21548,football,Tayvion Robinson,CAR
21550,football,DeAngelo Hardy,BAL
21552,football,Chris Collier,LV
21553,football,Dayton Wade,BAL
21556,football,Isaiah Washington,BAL
21560,football,Xavier Johnson,CIN
21561,football,Lawrence Keys,DET
21563,football,Gunnar Watson,BUF
21569,football,Jack Plummer,CAR
21570,football,Jalen Coker,CAR
21571,football,Sam Pinckney,CAR
21574,football,Emani Bailey,CAR
21589,football,Brayden Narveson,TEN
21592,football,Sam Schnee,TEN
21596,football,Jordan Terrell,TEN
21598,football,Bryce Oliver,TEN
21599,football,Steven Stilianos,DET
21600,football,Austin Jones,WAS
21601,football,Sam Hartman,WAS
21602,football,Marcus Rosemy-Jacksaint,PHI
21607,football,Jaden Shirden,CAR
21609,football,Harrison Mevis,LA
21612,football,Devin Carter,CAR
21615,football,OJ Hiliare,ATL
21618,football,Ian Wheeler,BUF
21621,football,TD Ayo-Durojaiye,KC
21632,football,D.J. Williams,TB
21634,football,Kameron Johnson,TB
21635,football,Zack Annexstad,TB
21642,football,Noah Cain,CIN
21643,football,Cam Grandy,CIN
21644,football,Rocky Lombardi,CIN
21648,football,Elijah Collins,CIN
21649,football,Treyton Welch,NO
21650,football,Aidan Robbins,CLE
21655,football,Alec Holler,DAL
21656,football,Cam Johnson,CAR
21660,football,Corey Crooms,DAL
21662,football,Brevyn Spann-Ford,DAL
21669,football,Dylan Leonard,DEN
21671,football,Lincoln Victor,DEN
21675,football,Camden Lewis,DEN
21676,football,Thomas Yassmin,GB
21678,football,Joshua Cephus,JAX
21679,football,Geordon Porter,NYG
21681,football,Jjay Mcafee,NYG
21683,football,Ayir Asante,NYG
21686,football,Chris Autman-Bell,NYG
21689,football,Tyler Harrell,NYJ
21696,football,McCallan Castles,GB
21701,football,Talik Keaton,PHI
21702,football,Kendall Milton,CIN
21704,football,Garrett Greene,TB
21705,football,Jack Westover,WAS
21706,football,Chevan Cordeiro,SEA
21707,football,Hayden Hatten,SEA
21709,football,George Holani,SEA
21711,football,Kobe Lewis,SEA
21714,football,TaMerik Williams,SEA
21716,football,Mason Pline,KC
21717,football,Deshaun Fenwick,GB
21721,football,Jacob Warren,NE
21727,football,Isaac Rex,LAC
21729,football,Isaiah Williams,NYJ
21731,football,James Turner,GB
21736,football,Jalon Calhoun,DET
21741,football,Jarveon Howard,BUF
21746,football,Julian Hicks,SEA
21751,football,Alex McNulty,GB
21753,football,Messiah Swinson,CLE
21754,football,British Brooks,HOU
21758,football,Jaxon Janke,HOU
21760,football,Kedon Slovis,GB
21762,football,Malcolm Epps,IND
21763,football,Justin Strong,IND
21764,football,Xavier White,IND
21765,football,Jason Bean,IND
21766,football,Trent Pennix,IND
21769,football,Carson Steele,PHI
21772,football,Spencer Sanders,KC
21773,football,Trey Potts,KC
21775,football,Zach Mathis,KC
21776,football,Reggie Brown,KC
21777,football,Jaaron Hayek,KC
21780,football,Sam Wiglusz,LA
21781,football,Neal Johnson,NYJ
21790,football,Je'Quan Burton,MIA
21796,football,Gavin Hardison,MIA
21798,football,Austin Stogner,ATL
21801,football,John Paddock,ATL
21803,football,Kevin Foelsch,PIT
21806,football,Cole Burgess,PIT
21808,football,Spencer Shrader,IND
21811,football,Joseph Scates,JAX
21812,football,Shawn Bowman,ARZ
21813,football,Jalen Jackson,JAX
21815,football,Wayne Ruby,JAX
21817,football,David White,BUF
21818,football,Brevin Easton,JAX
21820,football,Lorenzo Lingard,NYG
21835,football,JJ Laap,LA
21840,football,Peewee Jarrett,NYJ
21843,football,Mike Rigerman,BAL
21848,football,Jelani Baker,BAL
21849,football,Riley Sharp,BAL
21852,football,Marcus Riley,NYJ
21853,football,Lincoln Sefcik,NYJ
21858,football,Phillip Brooks,KC
21861,football,Baylor Cupp,ARZ
21863,football,Taulia Tagovailoa,ARZ
21865,football,Cole Beck,ATL
21868,football,Qadir Ismail,CHI
21870,football,Mason Fairchild,NO
21877,football,RJ Mobley,CHI
21878,football,Jacob Sirmon,CLE
21881,football,John Matocha,DEN
21882,football,Dimitri Stanley,GB
21883,football,Colby Suits,NYJ
21885,football,Andrew Peasley,NYJ
21889,football,Michael Herzog,DET
21890,football,Cade Peterson,DET
21893,football,Dylan McDuffie,GB
21896,football,Dakota Caton,IND
21901,football,Kaylon Horton,IND
21903,football,Joshua Lingenfelter,JAX
21907,football,Daniel George,KC
21908,football,Noah Rauschenberg,KC
21909,football,Mathieu Severance,KC
21912,football,La'Damian Webb,MIA
21914,football,Samson Evans,MIA
21918,football,Beau Corrales,NE
21929,football,Treyton Pickering,NYG
21933,football,William Thompson,NYG
21935,football,Markese Stepp,NYJ
21941,football,Dakereon Joyner,SEA
21948,football,Alex Larson,SEA
21954,football,Anthony Grant,TB
21956,football,Jeremy Moussa,TB
21962,football,Latreal Jones,TB
21963,football,Aeneas Dennis,PIT
21965,football,Xavier Wade,PIT
21966,football,Easton Dean,TEN
21968,football,Treveyon Pratt,TEN
21972,football,Jabari Small,DET
21973,football,David Martin-Robinson,TEN
21974,football,Vincent Blanchard,NE
21976,football,Praise Olatoke,CAR
21977,football,Peter LeBlanc,CHI
21978,football,Brenden Bates,CLE
21989,football,Jude McAtamney,NYG
21990,football,John Jiles,NE
21991,football,Tre Mosley,CIN
21996,football,Hayden Rucci,JAX
21998,football,Jadon Janke,GB
21999,football,Tanner Knue,TB
22002,football,John Jackson,CHI
22003,football,Caleb Chapman,TB
22006,football,Ramon Jefferson,TB
22007,football,Valentino Ambrosio,TB
22008,football,Colton Theaker,TB
22012,football,Michael Hiers,TB
22014,football,Terrell Jennings,NE
22017,football,Hamze El-Zayat,NYJ
22023,football,David Wallis,NE
22026,football,Derek Slywka,IND
22033,football,Rory Starkey,GB
22034,football,Nikko Remigio,KC
22036,football,Ben Bryant,NYJ
22037,football,Kairee Robinson,SEA
22038,football,Geor'Quarius Spivey,KC
22041,football,Alex Hale,GB
22045,football,Devon Garrison,SEA
22055,football,Ashton Jeanty,LV
22056,football,Shedeur Sanders,CLE
22057,football,Joe Smith,FA
22058,football,Travis Hunter,JAX
22059,football,Tetairoa McMillan,CAR
22060,football,Luther Burden III,CHI
22061,football,Isaiah Bond,CLE
22062,football,Quinshon Judkins,CLE
22063,football,Emeka Egbuka,TB
22064,football,Jalen Milroe,SEA
22065,football,Nic Anderson,FA
22066,football,Kaden Prather,GB
22067,football,Tyler Warren,IND
22068,football,Evan Stewart,FA
22069,football,Omarion Hampton,LAC
22070,football,Quinn Ewers,JAX
22071,football,Ollie Gordon II,MIA
22072,football,TreVeyon Henderson,NE
22073,football,Savion Williams,GB
22074,football,Tre' Harris,LAC
22075,football,Colston Loveland,CHI
22077,football,Cam Skattebo,NYG
22078,football,Deion Burks,IND
22079,football,Jayden Ott,FA
22081,football,Arian Smith,NYJ
22082,football,Jack Velling,ATL
22083,football,Damien Martinez,GB
22084,football,Riley Leonard,IND
22085,football,Matthew Golden,GB
22086,football,Mitchell Evans,CAR
22087,football,Jaxson Dart,NYG
22089,football,Ontaria Wilson,NYJ
22090,football,LeQuint Allen Jr.,JAX
22091,football,Elic Ayomanor,TEN
22092,football,Jaydon Blue,PHI
22094,football,Trevor Etienne,CAR
22095,football,Harold Fannin Jr.,CLE
22096,football,DJ Giddens,IND
22097,football,Jordan James,SF
22098,football,Kaleb Johnson,GB
22099,football,Dylan Sampson,CLE
22100,football,Thomas Fidone II,NYG
22101,football,Oronde Gadsden,LAC
22102,football,Tristan Michaud,FA
22103,football,Xavier Restrepo,TEN
22104,football,Devin Neal,NO
22105,football,Ajou Ajou,IND
22106,football,Bhayshul Tuten,JAX
22107,football,Jalen Royals,KC
22108,football,Tez Johnson,TB
22109,football,Woody Marks,HOU
22110,football,Brant Kuithe,FA
22111,football,RJ Harvey,DEN
22112,football,Jack Bech,LV
22113,football,Ricky White III,SEA
22114,football,Jayden Higgins,HOU
22115,football,Pat Bryant,DEN
22116,football,Jaylin Noel,HOU
22117,football,Brashard Smith,KC
22118,football,Kalel Mullings,TEN
22119,football,Kyle Monangai,CHI
22120,football,Mason Taylor,NYJ
22121,football,Elijah Arroyo,SEA
22122,football,Ja'Corey Brooks,WAS
22123,football,Gunnar Helm,TEN
22124,football,Jarquez Hunter,MIA
22126,football,Dont'e Thornton Jr.,LV
22127,football,Luke Lachey,GB
22128,football,Kyle Williams,NE
22129,football,Lenny Krieg,GB
22130,football,Jacory Croskey-Merritt,WAS
22131,football,Jordan Petaia,LAC
22133,football,Colin Granger,CAR
22134,football,Isaac TeSlaa,DET
22182,football,Dillon Gabriel,CLE
22206,football,Terrance Ferguson,LA
22214,football,Tai Felton,MIN
22220,football,Tyler Shough,NO
22267,football,Jordan Watkins,SF
22269,football,Chimere Dike,TEN
22272,football,Jaylin Lane,WAS
22279,football,Tyler Loop,BAL
22283,football,LaJohntay Wester,BAL
22287,football,Jackson Hawes,BUF
22291,football,Jimmy Horn Jr.,CAR
22292,football,JP Richardson,CHI
22299,football,Jonathan Kim,CHI
22300,football,Tahj Brooks,CIN
22305,football,Phil Mafah,DAL
22310,football,Caleb Lohner,DEN
22314,football,Dominic Lovett,DET
22320,football,Graham Mertz,HOU
22334,football,Konata Mumpfield,LA
22336,football,KeAndre Lambert-Smith,LAC
22340,football,Cam Miller,MIA
22343,football,Tommy Mellott,NO
22352,football,Gavin Bartholomew,MIN
22356,football,Andy Borregales,NE
22358,football,Moliki Matavao,NO
22368,football,Kyle McCord,MIA
22376,football,Will Howard,PIT
22383,football,Robbie Ouzts,SEA
22385,football,Kurtis Rourke,SF
22388,football,Junior Bergen,NYJ
22398,football,Kelly Akharaiyi,ARZ
22400,football,Stephen Gosnell,BUF
22401,football,Hal Presley,TEN
22402,football,Keleki Latu,BUF
22408,football,Rashod Owens,CIN
22410,football,Jordan Moore,CIN
22412,football,Payton Thorne,CIN
22413,football,Jamoi Mayes,CIN
22418,football,Joaquin Davis,PIT
22420,football,Jerjuan Newton,DEN
22426,football,Courtney Jackson,TEN
22427,football,DJ Uiagalelei,LAC
22429,football,Max Brosmer,MIN
22431,football,Connor Bazelak,TB
22432,football,Anthony Landphere,TB
22433,football,Josh Williams,TB
22434,football,Will Sheppard,MIA
22437,football,Bryson Green,ARZ
22438,football,Oscar Cardenas,ARZ
22439,football,Ahmani Marshall,CLE
22442,football,Ryan Coe,TB
22449,football,Luke Grimm,LAC
22454,football,Landon Parker,IND
22455,football,Coleman Owen,IND
22457,football,Maddux Trujillo,BUF
22460,football,Tyler Kahmann,IND
22461,football,Ulysses Bentley IV,IND
22462,football,Blayne Taylor,IND
22466,football,Jake Briningstool,KC
22469,football,Mac Dalena,BUF
22470,football,Elijhah Badger,KC
22471,football,Elijah Young,BUF
22479,football,Jimmy Bell,LAC
22481,football,Stevo Klotz,LAC
22484,football,Josh Kelly,HOU
22485,football,Traeshon Holden,DAL
22486,football,Tyler Neville,DAL
22487,football,Rivaldo Fairweather,ARZ
22488,football,Raheim Sanders,CLE
22505,football,Nate Noel,IND
22506,football,Theo Wease Jr.,MIA
22510,football,Andrew Armstrong,KC
22513,football,AJ Henning,MIA
22516,football,Jalin Conyers,MIA
22518,football,Monaray Baldwin,MIA
22519,football,Montrell Johnson,CAR
22522,football,Silas Bolden,HOU
22532,football,Joshua Simon,WAS
22535,football,Quincy Skinner Jr.,NYJ
22536,football,Nathan Carter,KC
22538,football,Nick Nash,WAS
22540,football,Seth Henigan,IND
22543,football,Patrick Herbert,LAC
22546,football,Dalen Cambre,NYG
22547,football,Beaux Collins,ATL
22549,football,Jordan Bly,NYG
22550,football,Da'Quan Felton,NYJ
22551,football,Nate McCollum,ARZ
22555,football,Chandler Brayboy,JAX
22556,football,John Copenhaver,JAX
22557,football,Eli Pancol,IND
22561,football,Ja'Quinden Jackson,PHI
22563,football,J.J. Jones,JAX
22564,football,Cam Camper,NYJ
22569,football,Quentin Skinner,BUF
22573,football,Ryan Fitzgerald,CAR
22576,football,Ethan Garbers,CAR
22577,football,Jacolby George,CAR
22578,football,Kye Robichaux,DET
22579,football,Caden Prieskorn,CAR
22581,football,Jakobie Keeney-James,PIT
22584,football,Jackson Meeks,DET
22585,football,Anthony Tyus III,CAR
22590,football,Jalen White,GB
22591,football,Amar Johnson,LAC
22596,football,Tre Stewart,ARZ
22598,football,Bryson Nesbit,MIN
22601,football,Dontae Fleming,MIN
22605,football,Robert Lewis,MIN
22608,football,Brady Cook,NYJ
22613,football,Jamaal Pritchett,NYJ
22615,football,Bryce Pierre,CAR
22616,football,Kayron Lynch-Adams,CAR
22620,football,DeMeer Blankumsee,NE
22623,football,Lan Larison,NE
22625,football,Ke'Shawn Williams,CIN
22626,football,Roc Taylor,CAR
22627,football,DJ Thomas-Jones,PIT
22629,football,JJ Galbreath,IND
22634,football,Sone Ntoh,BAL
22639,football,Jahmal Banks,BAL
22640,football,Xavier Guillory,BAL
22645,football,Mario Williams,LA
22647,football,Tru Edwards,LA
22649,football,Anthony Torres,LA
22654,football,Jordan Waters,LA
22655,football,Brennan Presley,LA
22657,football,Mark Redman,GB
22659,football,Pat Conroy,LV
22666,football,Hajj-Malik Williams,LV
22673,football,Efton Chism III,NE
22676,football,Gee Scott,NYJ
22678,football,Brock Lampe,SEA
22679,football,CJ Dippre,NE
22684,football,Marcus Yarns,NO
22703,football,Daniel Jackson,HOU
22705,football,Darius Lassiter,JAX
22706,football,Dorian Singer,JAX
22707,football,Ben Wooldridge,NE
22709,football,Moochie Dixon,NO
22710,football,Chris Tyree,NO
22711,football,Ben Sauls,NYG
22712,football,Marshall Lang,MIN
22716,football,Jacardia Wright,SEA
22721,football,Isaiah Neyor,GB
22722,football,Corey Kiner,NE
22734,football,Myles Price,MIN
22742,football,Kobe Hudson,CAR
22746,football,Jahdae Walker,CHI
22747,football,Deion Hankins,CHI
22752,football,Kole Taylor,CIN
22755,football,Quali Conley,CIN
22758,football,Eli Wilson,CLE
22759,football,Gage Larvadain,CLE
22765,football,Zach Horton,DET
22767,football,Julian Fleming,GB
22771,football,Dante Wright,KC
22775,football,Tre Watson,MIA
22776,football,Qualan Jones,KC
22778,football,Carter Runyon,LV
22780,football,Ben Yurosek,MIN
22781,football,Jeremiah Webb,NE
22783,football,Redd Douglas,NYG
22785,football,Juice Wells Jr.,ATL
22788,football,Rushawn Baker,NE
22789,football,Jermaine Terry,CLE
22790,football,Dymere Miller,NYJ
22794,football,Caden Davis,BUF
22795,football,Taylor Morin,PHI
22796,football,ShunDerrick Powell,KC
22805,football,Micah Bernard,NE
22807,football,Collin Schlee,WAS
22808,football,Jacoby Jones,WAS
22809,football,Darius Cooper,PHI
22810,football,Nick Kallerup,SEA
22811,football,Justin Lockhart,KC
22812,football,Giles Jackson,PHI
22814,football,Marcus Major,BAL
22817,football,Sam Pitz,BAL
22818,football,Kisean Johnson,GB
22820,football,Reggie Brown,CHI
22822,football,Max Mang,NYG
22833,football,Jimmy Holiday,KC
22835,football,Kinkead Dent,JAX
22839,football,Ja'seem Reed,CAR
22849,football,Luke Floriea,CLE
22850,football,Taylor Elgersma,GB
22851,football,TJ Sheffield,TEN
22852,football,Wesley Steiner,SEA
22853,football,Ketron Jackson,LV
22854,football,Key'Shawn Smith,KC
22856,football,John Hoyland,BAL
22858,football,Kyrese Rowan,DEN
22860,football,Luke Deal,DET
22862,football,Dalevon Campbell,LAC
22867,football,Max Hurleman,PIT
22869,football,Montorie Foster Jr.,SEA
22871,football,Drake Dabney,GB
22872,football,Cade McDonald,CLE
22873,football,Lucas Scott,BAL
22875,football,Hunter Dekkers,NO
22881,football,Brett Gabbert,MIA
22882,football,Montana Lemonious-Craig,PIT
22884,football,Sam Brown,GB
22887,football,Mitch Van Vooren,DAL
22888,football,Ife Adeyi,PHI
22897,football,Mark McNamee,GB
22898,football,Winston Wright,CLE
22900,football,Toa Taua,CLE
22901,football,Lawrance Toafili,NYJ
22902,football,D.K. Kaufman,SEA
22906,football,Jaden Smith,DAL
22909,football,Thomas Gordon,DET
22910,football,Nay'Quan Wright,IND
22911,football,Gunnar Oakes,DET
22915,football,Shane Watts,NE
22916,football,Roderick Daniels,NO
22921,football,Phil Lutz,NE
22922,football,Layne Pryor,HOU
22925,football,Dohnte Meyers,CIN
22928,football,Fernando Mendoza,LV
22929,football,Carnell Tate,TEN
22930,football,Jeremiyah Love,ARZ
22931,football,Jordyn Tyson,NO
22932,football,Makai Lemon,PHI
22933,football,KC Concepcion,CLE
22934,football,Denzel Boston,CLE
22935,football,Kenyon Sadiq,NYJ
22936,football,Ty Simpson,LA
22937,football,Trinidad Chambliss,FA
22938,football,Jadarian Price,SEA
22939,football,Emmett Johnson,KC
22940,football,Kaytron Allen,WAS
22941,football,Jonah Coleman,DEN
22942,football,Eli Stowers,PHI
22943,football,Nicholas Singleton,TEN
22944,football,Demond Claiborne,MIN
22945,football,Seth McGowan,IND
22946,football,Chris Bell,MIA
22947,football,Germie Bernard,PIT
22948,football,Omar Cooper Jr.,NYJ
22949,football,Elijah Sarratt,BAL
22950,football,CJ Daniels,LA
22951,football,Zachariah Branch,ATL
22952,football,Malachi Fields,NYG
22953,football,Robert Henry Jr.,WAS
22954,football,Chris Brazzell II,CAR
22955,football,Mike Washington Jr.,LV
22956,football,Antonio Williams,WAS
22957,football,Skyler Bell,BUF
22958,football,Max Klare,LA
22959,football,Ja'Kobi Lane,BAL
22960,football,Adam Randall,BAL
22961,football,Carson Towt,IND
22962,football,Myles Montgomery,NE
22963,football,Michael Trigg,DAL
22965,football,Damien Alford,NO
22966,football,Garrett Nussmeier,KC
22967,football,Ted Hurst III,TB
22968,football,Eli Heidenreich,PIT
22969,football,Bryce Lance,NO
22970,football,Oscar Delp,NO
23003,football,Carson Beck,ARZ
23013,football,Zavion Thomas,CHI
23014,football,Sam Roush,CHI
23026,football,Marlin Klein,HOU
23031,football,Nate Boerkircher,JAX
23042,football,Will Kacmarek,MIA
23043,football,Caleb Douglas,MIA
23050,football,Eli Raridon,NE
23058,football,Drew Allar,PIT
23064,football,Kaelon Black,SF
23066,football,De'Zhaun Stribling,SF
23074,football,Matt Hibner,BAL
23080,football,Colbie Young,CIN
23097,football,Brenen Thompson,LAC
23104,football,Cade Klubnik,NYJ
23106,football,Kaden Wetjen,PIT
23111,football,Reggie Virgil,ARZ
23118,football,Josh Cuevas,BAL
23133,football,Jack Endries,CIN
23135,football,Taylen Green,CLE
23136,football,Joe Royer,CLE
23137,football,Carsen Ryan,CLE
23140,football,Anthony Smith,DAL
23141,football,Justin Joly,DEN
23142,football,Dallen Bentley,DEN
23147,football,Kendrick Law,DET
23151,football,Trey Smack,GB
23153,football,Lewis Bond,HOU
23159,football,Josh Cameron,JAX
23161,football,CJ Williams,JAX
23162,football,Tanner Koziol,JAX
23165,football,Cyrus Allen,KC
23172,football,Malik Benson,LV
23176,football,Kevin Coleman Jr.,MIA
23180,football,Seydou Traore,MIA
23184,football,Max Bredeson,MIN
23185,football,Behren Morton,NE
23189,football,Jam Miller,NE
23192,football,Barion Brown,NO
23203,football,Cole Payton,PHI
23207,football,Riley Nowakowski,PIT
23211,football,Emmanuel Henderson Jr.,SEA
23216,football,Bauer Sharp,TB
23219,football,Jaren Kanak,TEN
23225,football,Athan Kaliakmanis,WAS
23226,football,Jack Strand,ATL
23227,football,Cash Jones,ATL
23228,football,Miller Moss,CHI
23232,football,Luke Altmyer,DET
23233,football,Kyron Drones,GB
23234,football,J'Mari Taylor,JAX
23235,football,Jeff Caldwell,KC
23236,football,Jaydn Ott,KC
23237,football,Matthew Caldwell,LA
23240,football,Sawyer Robertson,LV
23242,football,Le'Veon Moss,MIA
23243,football,Dae'Quan Wright,CLE
23246,football,Chandler Morris,TB
23247,football,Tyren Montgomery,TEN
23249,football,Haynes King,CAR
23250,football,Ben Patterson,CLE
23251,football,Alex Bullock,JAX
23253,football,Michael Wortham,JAX
23254,football,Trebor Pena,JAX
23255,football,Brady Boyd,JAX
23262,football,Joey Aguilar,JAX
23265,football,Ethan Conner,MIA
23267,football,Gregory Desrosiers,LAC
23270,football,Sincere Brown,LAC
23272,football,Evan Svoboda,LAC
23275,football,Devonte Ross,LAC
23281,football,Jerand Bradley,LAC
23290,football,Luke Wysong,MIN
23292,football,Kejon Owens,MIN
23293,football,Marcus Sanders Jr.,MIN
23295,football,Dillon Bell,MIN
23298,football,Shaleak Knotts,MIN
23302,football,CJ Donaldson,NO
23309,football,Mason Shipley,NO
23311,football,Will Pauling,SF
23313,football,Wesley Grimes,SF
23314,football,Jalon Daniels,TB
23316,football,Khalil Dinkins,SF
23321,football,Marcus Burke,TEN
23322,football,Harrison Wallace III,ARZ
23324,football,Trent Battle,ATL
23327,football,Kaidon Salter,TEN
23332,football,Chris Hilton Jr.,GB
23335,football,Vinny Anthony II,ATL
23337,football,Malik Rutherford,ATL
23340,football,Diego Pavia,BAL
23344,football,Ty Pezza,BAL
23345,football,Luke Drzewiecki,BAL
23349,football,Joe Fagnano,BAL
23356,football,Ja'Mori Maclin,BUF
23358,football,Max Tomczak,BUF
23362,football,Kobe Prentice,NYG
23364,football,Gabriel Plascencia,CHI
23366,football,Hayden Large,CHI
23372,football,Noah Thomas,CIN
23373,football,Josh Kattus,CIN
23383,football,Davon Booth,IND
23384,football,Kole Wilson,CLE
23385,football,TJ Harden,SEA
23389,football,Aaron Anderson,CLE
23391,football,Dominic Richardson,NYJ
23392,football,Camden Brown,DAL
23393,football,Jordan Hudson,DAL
23396,football,DJ Rogers,DAL
23401,football,Joseph Manjack,DEN
23402,football,Cameron Ross,DEN
23405,football,Miles Kitselman,DET
23409,football,J. Michael Sturdivant,GB
23411,football,Eni Falayi,GB
23412,football,Isaiah Jacobs,GB
23415,football,RJ Maryland,GB
23416,football,Chris Freeman,HOU
23420,football,Joshua Pitsenberger,HOU
23422,football,Raylen Sharpe,IND
23430,football,EJ Smith,KC
23434,football,Al-Jay Henderson,NYJ
23436,football,Terion Stewart,KC
23438,football,Ken Seals,KC
23440,football,John Michael Gyllenborg,KC
23442,football,Jadyn Ott,KC
23443,football,Chamon Metayer,CAR
23446,football,Lake McRee,PIT
23447,football,Jake Retzlaff,SEA
23455,football,Lance Mason,PIT
23457,football,Ademola Faleye,TB
23461,football,Eric Rivers Jr.,TB
23462,football,Noah Short,TB
23464,football,Hank Beatty,TEN
23465,football,Jaden Bradley,WAS
23470,football,Dan Villari,LA
23472,football,Rohan Jones,LA
23475,football,Dean Connors,LA
23478,football,Chase Roberts,LV
23480,football,Jacob Clark,LV
23482,football,Kansei Matsuzawa,LV
23483,football,E.J. Williams Jr.,LV
23484,football,Matt Lauter,MIN
23486,football,Roman Hemby,LV
23488,football,Mark Gronowski,MIA
23489,football,Donaven McCulley,MIA
23491,football,Anthony Hankerson,SEA
23492,football,Romello Brinson,DAL
23493,football,Tanner Arkin,NE
23496,football,Kyle Dixon,NE
23499,football,Laith Marjan,PIT
23501,football,Cody Hardy,NO
23502,football,Mekhi Mews,NO
23503,football,Kevorian Barnes,NYG
23505,football,Dominic Zvada,NYG
23506,football,Malik McClain,NYJ
23508,football,DT Sheffield,NYJ
23509,football,Caullin Lacy,NYJ
23511,football,Will Ferrin,NYJ
23512,football,Chase Curtis,NYJ
23521,football,Cortez Braham Jr.,BAL
23523,football,Dontae McMillan,BAL
23524,football,Ethan Sanchez,SF
23526,football,Octavian Smith Jr.,BAL
23528,football,Desmond Reid,BUF
23530,football,Coleman Bennett,MIA
23533,football,Dane Key,DEN
23534,football,Sean Brown,DEN
23537,football,Jalen Walthall,NYJ
23539,football,Daniel Sobkowicz,HOU
23540,football,Treyvhon Saunders,HOU
23541,football,Noah Whittington,HOU
23549,football,Quentin Moore,WAS
23552,football,Jameson Geers,ARZ
23560,football,Sam Scott,NYJ
23562,football,Chip Trayanum,NYJ
23568,football,DeShawn Hanika,IND
23569,football,Michael Briscoe,MIN
23570,football,Levi Wentz,PIT
23578,football,Corey Rucker,LV
23579,football,Elijah Tau-Tolliver,BAL
23581,football,Jaden Nixon,GB
23589,football,Jacob De Jesus,KC
23590,football,Omari Evans,KC
23593,football,Patrick Gurd,LV
23597,football,Xavier Loyd,KC
23600,football,Jonathan Brady,LV
23608,football,Sahmir Hagans,IND
23609,football,Jordon Vaughn,IND
23610,football,E.J. Horton,IND
23612,football,Jackson Acker,BUF
23614,football,Gabriel Benyard,CAR
23616,football,Omari Kelly,CHI
23618,football,Squirrel White,CHI
23620,football,Kentrel Bullock,CIN
23621,football,Jamal Haynes,CIN
23624,football,Lincoln Pare,IND
23630,football,Brandon Frazier,ATL
23631,football,Keelan Marion,ATL
23633,football,Le'Meke Brockington,ATL
23640,football,Cameron Dorner,NE
23644,football,Jimmy Kibble,NE
23645,football,Nick DeGennaro,NE
23646,football,Damon Bankston,NYG
23653,football,Kenny Fletcher Jr.,TB
23660,football,Drew Stevens,WAS
23661,football,Kolbe Katsis,DEN
23669,football,Stone Eby,DEN
23671,football,E.J. Warner,DEN
23672,football,Paul Geelen,DEN
23681,football,Trent Howland,DEN
23688,football,Julius Davis,DEN
23689,football,Brett Weaver,DEN
23693,football,Jordan Nubin,DEN
23694,football,Tommy Thomas,DEN
23698,football,Rodney Hammond Jr.,DEN
23701,football,Dean Patterson IV,TB
23702,football,Kadarius Calloway,TB
23706,football,Kyron Hudson,CHI
23707,football,Johnny Pascuzzi,LAC
23708,football,DJ Herman,MIA
23714,football,Brock Rechsteiner,NO
23717,football,Mante Morrow,LAC
23718,football,Terrill Davis,MIN
23719,football,Rashad Rochelle,SEA
23720,football,Trayvon Rudolph,MIN
23721,football,Anderson Castle,IND
23723,football,Miles Davis,CAR
23726,football,Heinrich Haarberg,CAR
23728,football,Brandon Hayes,PHI
23734,football,Louis Hansen,HOU
23735,football,Kyre Duplessis,DEN
23737,football,Malick Meiga,CAR
23740,football,Jeremiah Franklin,MIA
23741,football,Tyler Moore,IND
23742,football,Liam Clifford,LAC
23743,football,Roydell Williams,DET
23746,football,Jeff Weimer,KC
23747,football,Drew Biber,CLE
23748,football,Connor Hulstein,NYJ
23750,football,Grant Finley,NYG
23756,football,Justin Jones,SEA
23759,football,Barika Kpeenu,TB
23761,football,Alex Tecza,PIT
23764,football,Matthew Henry,TB
23765,football,Daejon Love,SF
